2026-01-14T17:07:27.1527712Z ============================= test session starts ==============================
2026-01-14T17:07:27.1528502Z platform linux -- Python 3.12.3, pytest-7.4.4, pluggy-1.4.0 -- /usr/bin/python3
2026-01-14T17:07:27.1529121Z cachedir: .pytest_cache
2026-01-14T17:07:27.1529457Z rootdir: /__w/liboqs/liboqs
2026-01-14T17:07:27.1529801Z plugins: xdist-3.4.0
2026-01-14T17:07:27.1530190Z created: 2/2 workers
2026-01-14T17:07:27.1530872Z 2 workers [3072 items]
2026-01-14T17:07:27.1531073Z 
2026-01-14T17:07:27.1531215Z scheduling tests via LoadScheduling
2026-01-14T17:07:27.1531483Z 
2026-01-14T17:07:27.1543998Z tests/test_acvp_vectors.py::test_acvp_vec_kem_keygen[BIKE-L1] 
2026-01-14T17:07:27.1544804Z tests/test_acvp_vectors.py::test_acvp_vec_ml_dsa_sig_gen[OV-V-pkc-skc] 
2026-01-14T17:07:27.1551577Z [gw0] [  0%] SKIPPED tests/test_acvp_vectors.py::test_acvp_vec_kem_keygen[BIKE-L1] 
2026-01-14T17:07:27.1557008Z tests/test_acvp_vectors.py::test_acvp_vec_kem_keygen[BIKE-L3] 
2026-01-14T17:07:27.1559336Z [gw1] [  0%] SKIPPED tests/test_acvp_vectors.py::test_acvp_vec_ml_dsa_sig_gen[OV-V-pkc-skc] 
2026-01-14T17:07:27.1568284Z tests/test_acvp_vectors.py::test_acvp_vec_ml_dsa_sig_gen[SNOVA_24_5_4] 
2026-01-14T17:07:27.1575513Z [gw0] [  0%] SKIPPED tests/test_acvp_vectors.py::test_acvp_vec_kem_keygen[BIKE-L3] 
2026-01-14T17:07:27.1576328Z tests/test_acvp_vectors.py::test_acvp_vec_kem_keygen[BIKE-L5] 
2026-01-14T17:07:27.1584216Z [gw1] [  0%] SKIPPED tests/test_acvp_vectors.py::test_acvp_vec_ml_dsa_sig_gen[SNOVA_24_5_4] 
2026-01-14T17:07:27.1590341Z [gw0] [  0%] SKIPPED tests/test_acvp_vectors.py::test_acvp_vec_kem_keygen[BIKE-L5] 
2026-01-14T17:07:27.1591373Z tests/test_acvp_vectors.py::test_acvp_vec_kem_keygen[Classic-McEliece-348864] 
2026-01-14T17:07:27.1603133Z tests/test_acvp_vectors.py::test_acvp_vec_ml_dsa_sig_gen[SNOVA_24_5_4_SHAKE] 
2026-01-14T17:07:27.1604194Z [gw0] [  0%] SKIPPED tests/test_acvp_vectors.py::test_acvp_vec_kem_keygen[Classic-McEliece-348864] 
2026-01-14T17:07:27.1619647Z tests/test_acvp_vectors.py::test_acvp_vec_kem_keygen[Classic-McEliece-348864f] 
2026-01-14T17:07:27.1620690Z [gw1] [  0%] SKIPPED tests/test_acvp_vectors.py::test_acvp_vec_ml_dsa_sig_gen[SNOVA_24_5_4_SHAKE] 
2026-01-14T17:07:27.1621692Z tests/test_acvp_vectors.py::test_acvp_vec_ml_dsa_sig_gen[SNOVA_24_5_4_esk] 
2026-01-14T17:07:27.1627904Z [gw1] [  0%] SKIPPED tests/test_acvp_vectors.py::test_acvp_vec_ml_dsa_sig_gen[SNOVA_24_5_4_esk] 
2026-01-14T17:07:27.1628938Z tests/test_acvp_vectors.py::test_acvp_vec_ml_dsa_sig_gen[SNOVA_24_5_4_SHAKE_esk] 
2026-01-14T17:07:27.1629960Z [gw0] [  0%] SKIPPED tests/test_acvp_vectors.py::test_acvp_vec_kem_keygen[Classic-McEliece-348864f] 
2026-01-14T17:07:27.1633461Z tests/test_acvp_vectors.py::test_acvp_vec_kem_keygen[Classic-McEliece-460896] 
2026-01-14T17:07:27.1635934Z [gw1] [  0%] SKIPPED tests/test_acvp_vectors.py::test_acvp_vec_ml_dsa_sig_gen[SNOVA_24_5_4_SHAKE_esk] 
2026-01-14T17:07:27.1637873Z tests/test_acvp_vectors.py::test_acvp_vec_ml_dsa_sig_gen[SNOVA_37_17_2] 
2026-01-14T17:07:27.1639191Z [gw0] [  0%] SKIPPED tests/test_acvp_vectors.py::test_acvp_vec_kem_keygen[Classic-McEliece-460896] 
2026-01-14T17:07:27.1642931Z tests/test_acvp_vectors.py::test_acvp_vec_kem_keygen[Classic-McEliece-460896f] 
2026-01-14T17:07:27.1646636Z [gw1] [  0%] SKIPPED tests/test_acvp_vectors.py::test_acvp_vec_ml_dsa_sig_gen[SNOVA_37_17_2] 
2026-01-14T17:07:27.1650775Z [gw0] [  0%] SKIPPED tests/test_acvp_vectors.py::test_acvp_vec_kem_keygen[Classic-McEliece-460896f] 
2026-01-14T17:07:27.1658907Z tests/test_acvp_vectors.py::test_acvp_vec_kem_keygen[Classic-McEliece-6688128] 
2026-01-14T17:07:27.1661738Z tests/test_acvp_vectors.py::test_acvp_vec_ml_dsa_sig_gen[SNOVA_25_8_3] 
2026-01-14T17:07:27.1669869Z [gw1] [  0%] SKIPPED tests/test_acvp_vectors.py::test_acvp_vec_ml_dsa_sig_gen[SNOVA_25_8_3] 
2026-01-14T17:07:27.1675159Z [gw0] [  0%] SKIPPED tests/test_acvp_vectors.py::test_acvp_vec_kem_keygen[Classic-McEliece-6688128] 
2026-01-14T17:07:27.1676246Z tests/test_acvp_vectors.py::test_acvp_vec_kem_keygen[Classic-McEliece-6688128f] 
2026-01-14T17:07:27.1680447Z tests/test_acvp_vectors.py::test_acvp_vec_ml_dsa_sig_gen[SNOVA_56_25_2] 
2026-01-14T17:07:27.1689612Z [gw0] [  0%] SKIPPED tests/test_acvp_vectors.py::test_acvp_vec_kem_keygen[Classic-McEliece-6688128f] 
2026-01-14T17:07:27.1691541Z tests/test_acvp_vectors.py::test_acvp_vec_kem_keygen[Classic-McEliece-6960119] 
2026-01-14T17:07:27.1692433Z [gw1] [  0%] SKIPPED tests/test_acvp_vectors.py::test_acvp_vec_ml_dsa_sig_gen[SNOVA_56_25_2] 
2026-01-14T17:07:27.1695845Z tests/test_acvp_vectors.py::test_acvp_vec_ml_dsa_sig_gen[SNOVA_49_11_3] 
2026-01-14T17:07:27.1700684Z [gw1] [  0%] SKIPPED tests/test_acvp_vectors.py::test_acvp_vec_ml_dsa_sig_gen[SNOVA_49_11_3] 
2026-01-14T17:07:27.1707132Z [gw0] [  0%] SKIPPED tests/test_acvp_vectors.py::test_acvp_vec_kem_keygen[Classic-McEliece-6960119] 
2026-01-14T17:07:27.1710807Z tests/test_acvp_vectors.py::test_acvp_vec_kem_keygen[Classic-McEliece-6960119f] 
2026-01-14T17:07:27.1720518Z tests/test_acvp_vectors.py::test_acvp_vec_ml_dsa_sig_gen[SNOVA_37_8_4] 
2026-01-14T17:07:27.1722511Z [gw0] [  0%] SKIPPED tests/test_acvp_vectors.py::test_acvp_vec_kem_keygen[Classic-McEliece-6960119f] 
2026-01-14T17:07:27.1726258Z tests/test_acvp_vectors.py::test_acvp_vec_kem_keygen[Classic-McEliece-8192128] 
2026-01-14T17:07:27.1732012Z [gw1] [  0%] SKIPPED tests/test_acvp_vectors.py::test_acvp_vec_ml_dsa_sig_gen[SNOVA_37_8_4] 
2026-01-14T17:07:27.1733868Z tests/test_acvp_vectors.py::test_acvp_vec_ml_dsa_sig_gen[SNOVA_24_5_5] 
2026-01-14T17:07:27.1741466Z [gw0] [  0%] SKIPPED tests/test_acvp_vectors.py::test_acvp_vec_kem_keygen[Classic-McEliece-8192128] 
2026-01-14T17:07:27.1742502Z tests/test_acvp_vectors.py::test_acvp_vec_kem_keygen[Classic-McEliece-8192128f] 
2026-01-14T17:07:27.1743433Z [gw1] [  0%] SKIPPED tests/test_acvp_vectors.py::test_acvp_vec_ml_dsa_sig_gen[SNOVA_24_5_5] 
2026-01-14T17:07:27.1752529Z tests/test_acvp_vectors.py::test_acvp_vec_ml_dsa_sig_gen[SNOVA_60_10_4] 
2026-01-14T17:07:27.1757279Z [gw0] [  0%] SKIPPED tests/test_acvp_vectors.py::test_acvp_vec_kem_keygen[Classic-McEliece-8192128f] 
2026-01-14T17:07:27.1758233Z tests/test_acvp_vectors.py::test_acvp_vec_kem_keygen[HQC-128] 
2026-01-14T17:07:27.1766238Z [gw1] [  0%] SKIPPED tests/test_acvp_vectors.py::test_acvp_vec_ml_dsa_sig_gen[SNOVA_60_10_4] 
2026-01-14T17:07:27.1769276Z [gw0] [  0%] SKIPPED tests/test_acvp_vectors.py::test_acvp_vec_kem_keygen[HQC-128] 
2026-01-14T17:07:27.1771648Z tests/test_acvp_vectors.py::test_acvp_vec_kem_keygen[HQC-192] 
2026-01-14T17:07:27.1772387Z tests/test_acvp_vectors.py::test_acvp_vec_ml_dsa_sig_gen[SNOVA_29_6_5] 
2026-01-14T17:07:27.1780058Z [gw1] [  0%] SKIPPED tests/test_acvp_vectors.py::test_acvp_vec_ml_dsa_sig_gen[SNOVA_29_6_5] 
2026-01-14T17:07:27.1783296Z tests/test_acvp_vectors.py::test_acvp_vec_ml_dsa_sig_gen[SLH_DSA_PURE_SHA2_128S] 
2026-01-14T17:07:27.1790117Z [gw0] [  0%] SKIPPED tests/test_acvp_vectors.py::test_acvp_vec_kem_keygen[HQC-192] 
2026-01-14T17:07:27.1794699Z tests/test_acvp_vectors.py::test_acvp_vec_kem_keygen[HQC-256] 
2026-01-14T17:07:27.1802614Z [gw1] [  0%] SKIPPED tests/test_acvp_vectors.py::test_acvp_vec_ml_dsa_sig_gen[SLH_DSA_PURE_SHA2_128S] 
2026-01-14T17:07:27.1805436Z [gw0] [  0%] SKIPPED tests/test_acvp_vectors.py::test_acvp_vec_kem_keygen[HQC-256] 
2026-01-14T17:07:27.1806223Z tests/test_acvp_vectors.py::test_acvp_vec_kem_keygen[Kyber512] 
2026-01-14T17:07:27.1814578Z tests/test_acvp_vectors.py::test_acvp_vec_ml_dsa_sig_gen[SLH_DSA_PURE_SHA2_128F] 
2026-01-14T17:07:27.1818522Z [gw0] [  1%] SKIPPED tests/test_acvp_vectors.py::test_acvp_vec_kem_keygen[Kyber512] 
2026-01-14T17:07:27.1819839Z [gw1] [  1%] SKIPPED tests/test_acvp_vectors.py::test_acvp_vec_ml_dsa_sig_gen[SLH_DSA_PURE_SHA2_128F] 
2026-01-14T17:07:27.1825715Z tests/test_acvp_vectors.py::test_acvp_vec_ml_dsa_sig_gen[SLH_DSA_PURE_SHA2_192S] 
2026-01-14T17:07:27.1828428Z tests/test_acvp_vectors.py::test_acvp_vec_kem_keygen[Kyber768] 
2026-01-14T17:07:27.1838786Z [gw0] [  1%] SKIPPED tests/test_acvp_vectors.py::test_acvp_vec_kem_keygen[Kyber768] 
2026-01-14T17:07:27.1839609Z tests/test_acvp_vectors.py::test_acvp_vec_kem_keygen[Kyber1024] 
2026-01-14T17:07:27.1842812Z [gw1] [  1%] SKIPPED tests/test_acvp_vectors.py::test_acvp_vec_ml_dsa_sig_gen[SLH_DSA_PURE_SHA2_192S] 
2026-01-14T17:07:27.1849263Z tests/test_acvp_vectors.py::test_acvp_vec_ml_dsa_sig_gen[SLH_DSA_PURE_SHA2_192F] 
2026-01-14T17:07:27.1850259Z [gw1] [  1%] SKIPPED tests/test_acvp_vectors.py::test_acvp_vec_ml_dsa_sig_gen[SLH_DSA_PURE_SHA2_192F] 
2026-01-14T17:07:27.1856444Z [gw0] [  1%] SKIPPED tests/test_acvp_vectors.py::test_acvp_vec_kem_keygen[Kyber1024] 
2026-01-14T17:07:27.1859294Z tests/test_acvp_vectors.py::test_acvp_vec_kem_keygen[ML-KEM-512] 
2026-01-14T17:07:27.1865927Z tests/test_acvp_vectors.py::test_acvp_vec_ml_dsa_sig_gen[SLH_DSA_PURE_SHA2_256S] 
2026-01-14T17:07:27.1873285Z [gw1] [  1%] SKIPPED tests/test_acvp_vectors.py::test_acvp_vec_ml_dsa_sig_gen[SLH_DSA_PURE_SHA2_256S] 
2026-01-14T17:07:27.1884550Z tests/test_acvp_vectors.py::test_acvp_vec_ml_dsa_sig_gen[SLH_DSA_PURE_SHA2_256F] 
2026-01-14T17:07:27.1890896Z [gw1] [  1%] SKIPPED tests/test_acvp_vectors.py::test_acvp_vec_ml_dsa_sig_gen[SLH_DSA_PURE_SHA2_256F] 
2026-01-14T17:07:27.1902692Z tests/test_acvp_vectors.py::test_acvp_vec_ml_dsa_sig_gen[SLH_DSA_PURE_SHAKE_128S] 
2026-01-14T17:07:27.1908814Z [gw1] [  1%] SKIPPED tests/test_acvp_vectors.py::test_acvp_vec_ml_dsa_sig_gen[SLH_DSA_PURE_SHAKE_128S] 
2026-01-14T17:07:27.1919726Z tests/test_acvp_vectors.py::test_acvp_vec_ml_dsa_sig_gen[SLH_DSA_PURE_SHAKE_128F] 
2026-01-14T17:07:27.1924831Z [gw1] [  1%] SKIPPED tests/test_acvp_vectors.py::test_acvp_vec_ml_dsa_sig_gen[SLH_DSA_PURE_SHAKE_128F] 
2026-01-14T17:07:27.1937364Z tests/test_acvp_vectors.py::test_acvp_vec_ml_dsa_sig_gen[SLH_DSA_PURE_SHAKE_192S] 
2026-01-14T17:07:27.1941235Z [gw1] [  1%] SKIPPED tests/test_acvp_vectors.py::test_acvp_vec_ml_dsa_sig_gen[SLH_DSA_PURE_SHAKE_192S] 
2026-01-14T17:07:27.1952511Z tests/test_acvp_vectors.py::test_acvp_vec_ml_dsa_sig_gen[SLH_DSA_PURE_SHAKE_192F] 
2026-01-14T17:07:27.1957766Z [gw1] [  1%] SKIPPED tests/test_acvp_vectors.py::test_acvp_vec_ml_dsa_sig_gen[SLH_DSA_PURE_SHAKE_192F] 
2026-01-14T17:07:27.1970743Z tests/test_acvp_vectors.py::test_acvp_vec_ml_dsa_sig_gen[SLH_DSA_PURE_SHAKE_256S] 
2026-01-14T17:07:27.1975435Z [gw1] [  1%] SKIPPED tests/test_acvp_vectors.py::test_acvp_vec_ml_dsa_sig_gen[SLH_DSA_PURE_SHAKE_256S] 
2026-01-14T17:07:27.1986857Z tests/test_acvp_vectors.py::test_acvp_vec_ml_dsa_sig_gen[SLH_DSA_PURE_SHAKE_256F] 
2026-01-14T17:07:27.1991498Z [gw1] [  1%] SKIPPED tests/test_acvp_vectors.py::test_acvp_vec_ml_dsa_sig_gen[SLH_DSA_PURE_SHAKE_256F] 
2026-01-14T17:07:27.2003940Z tests/test_acvp_vectors.py::test_acvp_vec_ml_dsa_sig_gen[SLH_DSA_SHA2_224_PREHASH_SHA2_128S] 
2026-01-14T17:07:27.2008868Z [gw1] [  1%] SKIPPED tests/test_acvp_vectors.py::test_acvp_vec_ml_dsa_sig_gen[SLH_DSA_SHA2_224_PREHASH_SHA2_128S] 
2026-01-14T17:07:27.2024638Z tests/test_acvp_vectors.py::test_acvp_vec_ml_dsa_sig_gen[SLH_DSA_SHA2_224_PREHASH_SHA2_128F] 
2026-01-14T17:07:27.2039835Z [gw1] [  1%] SKIPPED tests/test_acvp_vectors.py::test_acvp_vec_ml_dsa_sig_gen[SLH_DSA_SHA2_224_PREHASH_SHA2_128F] 
2026-01-14T17:07:27.2045032Z tests/test_acvp_vectors.py::test_acvp_vec_ml_dsa_sig_gen[SLH_DSA_SHA2_224_PREHASH_SHA2_192S] 
2026-01-14T17:07:27.2050863Z [gw1] [  1%] SKIPPED tests/test_acvp_vectors.py::test_acvp_vec_ml_dsa_sig_gen[SLH_DSA_SHA2_224_PREHASH_SHA2_192S] 
2026-01-14T17:07:27.2066439Z tests/test_acvp_vectors.py::test_acvp_vec_ml_dsa_sig_gen[SLH_DSA_SHA2_224_PREHASH_SHA2_192F] 
2026-01-14T17:07:27.2071882Z [gw1] [  1%] SKIPPED tests/test_acvp_vectors.py::test_acvp_vec_ml_dsa_sig_gen[SLH_DSA_SHA2_224_PREHASH_SHA2_192F] 
2026-01-14T17:07:27.2087683Z tests/test_acvp_vectors.py::test_acvp_vec_ml_dsa_sig_gen[SLH_DSA_SHA2_224_PREHASH_SHA2_256S] 
2026-01-14T17:07:27.2093284Z [gw1] [  1%] SKIPPED tests/test_acvp_vectors.py::test_acvp_vec_ml_dsa_sig_gen[SLH_DSA_SHA2_224_PREHASH_SHA2_256S] 
2026-01-14T17:07:27.2108160Z tests/test_acvp_vectors.py::test_acvp_vec_ml_dsa_sig_gen[SLH_DSA_SHA2_224_PREHASH_SHA2_256F] 
2026-01-14T17:07:27.2121237Z [gw1] [  1%] SKIPPED tests/test_acvp_vectors.py::test_acvp_vec_ml_dsa_sig_gen[SLH_DSA_SHA2_224_PREHASH_SHA2_256F] 
2026-01-14T17:07:27.2126815Z tests/test_acvp_vectors.py::test_acvp_vec_ml_dsa_sig_gen[SLH_DSA_SHA2_224_PREHASH_SHAKE_128S] 
2026-01-14T17:07:27.2130871Z [gw1] [  1%] SKIPPED tests/test_acvp_vectors.py::test_acvp_vec_ml_dsa_sig_gen[SLH_DSA_SHA2_224_PREHASH_SHAKE_128S] 
2026-01-14T17:07:27.2143729Z tests/test_acvp_vectors.py::test_acvp_vec_ml_dsa_sig_gen[SLH_DSA_SHA2_224_PREHASH_SHAKE_128F] 
2026-01-14T17:07:27.2149072Z [gw1] [  1%] SKIPPED tests/test_acvp_vectors.py::test_acvp_vec_ml_dsa_sig_gen[SLH_DSA_SHA2_224_PREHASH_SHAKE_128F] 
2026-01-14T17:07:27.2162835Z tests/test_acvp_vectors.py::test_acvp_vec_ml_dsa_sig_gen[SLH_DSA_SHA2_224_PREHASH_SHAKE_192S] 
2026-01-14T17:07:27.2167611Z [gw1] [  1%] SKIPPED tests/test_acvp_vectors.py::test_acvp_vec_ml_dsa_sig_gen[SLH_DSA_SHA2_224_PREHASH_SHAKE_192S] 
2026-01-14T17:07:27.2179667Z tests/test_acvp_vectors.py::test_acvp_vec_ml_dsa_sig_gen[SLH_DSA_SHA2_224_PREHASH_SHAKE_192F] 
2026-01-14T17:07:27.2186167Z [gw1] [  1%] SKIPPED tests/test_acvp_vectors.py::test_acvp_vec_ml_dsa_sig_gen[SLH_DSA_SHA2_224_PREHASH_SHAKE_192F] 
2026-01-14T17:07:27.2197164Z tests/test_acvp_vectors.py::test_acvp_vec_ml_dsa_sig_gen[SLH_DSA_SHA2_224_PREHASH_SHAKE_256S] 
2026-01-14T17:07:27.2202854Z [gw1] [  1%] SKIPPED tests/test_acvp_vectors.py::test_acvp_vec_ml_dsa_sig_gen[SLH_DSA_SHA2_224_PREHASH_SHAKE_256S] 
2026-01-14T17:07:27.2214669Z tests/test_acvp_vectors.py::test_acvp_vec_ml_dsa_sig_gen[SLH_DSA_SHA2_224_PREHASH_SHAKE_256F] 
2026-01-14T17:07:27.2220286Z [gw1] [  1%] SKIPPED tests/test_acvp_vectors.py::test_acvp_vec_ml_dsa_sig_gen[SLH_DSA_SHA2_224_PREHASH_SHAKE_256F] 
2026-01-14T17:07:27.2232535Z tests/test_acvp_vectors.py::test_acvp_vec_ml_dsa_sig_gen[SLH_DSA_SHA2_256_PREHASH_SHA2_128S] 
2026-01-14T17:07:27.2238695Z [gw1] [  1%] SKIPPED tests/test_acvp_vectors.py::test_acvp_vec_ml_dsa_sig_gen[SLH_DSA_SHA2_256_PREHASH_SHA2_128S] 
2026-01-14T17:07:27.2250671Z tests/test_acvp_vectors.py::test_acvp_vec_ml_dsa_sig_gen[SLH_DSA_SHA2_256_PREHASH_SHA2_128F] 
2026-01-14T17:07:27.2256400Z [gw1] [  1%] SKIPPED tests/test_acvp_vectors.py::test_acvp_vec_ml_dsa_sig_gen[SLH_DSA_SHA2_256_PREHASH_SHA2_128F] 
2026-01-14T17:07:27.2267654Z tests/test_acvp_vectors.py::test_acvp_vec_ml_dsa_sig_gen[SLH_DSA_SHA2_256_PREHASH_SHA2_192S] 
2026-01-14T17:07:27.2273359Z [gw1] [  1%] SKIPPED tests/test_acvp_vectors.py::test_acvp_vec_ml_dsa_sig_gen[SLH_DSA_SHA2_256_PREHASH_SHA2_192S] 
2026-01-14T17:07:27.2286595Z tests/test_acvp_vectors.py::test_acvp_vec_ml_dsa_sig_gen[SLH_DSA_SHA2_256_PREHASH_SHA2_192F] 
2026-01-14T17:07:27.2291725Z [gw1] [  1%] SKIPPED tests/test_acvp_vectors.py::test_acvp_vec_ml_dsa_sig_gen[SLH_DSA_SHA2_256_PREHASH_SHA2_192F] 
2026-01-14T17:07:27.2303621Z tests/test_acvp_vectors.py::test_acvp_vec_ml_dsa_sig_gen[SLH_DSA_SHA2_256_PREHASH_SHA2_256S] 
2026-01-14T17:07:27.2309379Z [gw1] [  1%] SKIPPED tests/test_acvp_vectors.py::test_acvp_vec_ml_dsa_sig_gen[SLH_DSA_SHA2_256_PREHASH_SHA2_256S] 
2026-01-14T17:07:27.2321721Z tests/test_acvp_vectors.py::test_acvp_vec_ml_dsa_sig_gen[SLH_DSA_SHA2_256_PREHASH_SHA2_256F] 
2026-01-14T17:07:27.2327763Z [gw1] [  2%] SKIPPED tests/test_acvp_vectors.py::test_acvp_vec_ml_dsa_sig_gen[SLH_DSA_SHA2_256_PREHASH_SHA2_256F] 
2026-01-14T17:07:27.2339716Z tests/test_acvp_vectors.py::test_acvp_vec_ml_dsa_sig_gen[SLH_DSA_SHA2_256_PREHASH_SHAKE_128S] 
2026-01-14T17:07:27.2346247Z [gw1] [  2%] SKIPPED tests/test_acvp_vectors.py::test_acvp_vec_ml_dsa_sig_gen[SLH_DSA_SHA2_256_PREHASH_SHAKE_128S] 
2026-01-14T17:07:27.2360219Z tests/test_acvp_vectors.py::test_acvp_vec_ml_dsa_sig_gen[SLH_DSA_SHA2_256_PREHASH_SHAKE_128F] 
2026-01-14T17:07:27.2364333Z [gw1] [  2%] SKIPPED tests/test_acvp_vectors.py::test_acvp_vec_ml_dsa_sig_gen[SLH_DSA_SHA2_256_PREHASH_SHAKE_128F] 
2026-01-14T17:07:27.2375906Z tests/test_acvp_vectors.py::test_acvp_vec_ml_dsa_sig_gen[SLH_DSA_SHA2_256_PREHASH_SHAKE_192S] 
2026-01-14T17:07:27.2383510Z [gw1] [  2%] SKIPPED tests/test_acvp_vectors.py::test_acvp_vec_ml_dsa_sig_gen[SLH_DSA_SHA2_256_PREHASH_SHAKE_192S] 
2026-01-14T17:07:27.2394779Z tests/test_acvp_vectors.py::test_acvp_vec_ml_dsa_sig_gen[SLH_DSA_SHA2_256_PREHASH_SHAKE_192F] 
2026-01-14T17:07:27.2401971Z [gw1] [  2%] SKIPPED tests/test_acvp_vectors.py::test_acvp_vec_ml_dsa_sig_gen[SLH_DSA_SHA2_256_PREHASH_SHAKE_192F] 
2026-01-14T17:07:27.2415636Z tests/test_acvp_vectors.py::test_acvp_vec_ml_dsa_sig_gen[SLH_DSA_SHA2_256_PREHASH_SHAKE_256S] 
2026-01-14T17:07:27.2423153Z [gw1] [  2%] SKIPPED tests/test_acvp_vectors.py::test_acvp_vec_ml_dsa_sig_gen[SLH_DSA_SHA2_256_PREHASH_SHAKE_256S] 
2026-01-14T17:07:27.2433585Z tests/test_acvp_vectors.py::test_acvp_vec_ml_dsa_sig_gen[SLH_DSA_SHA2_256_PREHASH_SHAKE_256F] 
2026-01-14T17:07:27.2438930Z [gw1] [  2%] SKIPPED tests/test_acvp_vectors.py::test_acvp_vec_ml_dsa_sig_gen[SLH_DSA_SHA2_256_PREHASH_SHAKE_256F] 
2026-01-14T17:07:27.2450468Z tests/test_acvp_vectors.py::test_acvp_vec_ml_dsa_sig_gen[SLH_DSA_SHA2_384_PREHASH_SHA2_128S] 
2026-01-14T17:07:27.2458245Z [gw1] [  2%] SKIPPED tests/test_acvp_vectors.py::test_acvp_vec_ml_dsa_sig_gen[SLH_DSA_SHA2_384_PREHASH_SHA2_128S] 
2026-01-14T17:07:27.2470984Z tests/test_acvp_vectors.py::test_acvp_vec_ml_dsa_sig_gen[SLH_DSA_SHA2_384_PREHASH_SHA2_128F] 
2026-01-14T17:07:27.2476748Z [gw1] [  2%] SKIPPED tests/test_acvp_vectors.py::test_acvp_vec_ml_dsa_sig_gen[SLH_DSA_SHA2_384_PREHASH_SHA2_128F] 
2026-01-14T17:07:27.2487811Z tests/test_acvp_vectors.py::test_acvp_vec_ml_dsa_sig_gen[SLH_DSA_SHA2_384_PREHASH_SHA2_192S] 
2026-01-14T17:07:27.2501365Z [gw1] [  2%] SKIPPED tests/test_acvp_vectors.py::test_acvp_vec_ml_dsa_sig_gen[SLH_DSA_SHA2_384_PREHASH_SHA2_192S] 
2026-01-14T17:07:27.2505988Z tests/test_acvp_vectors.py::test_acvp_vec_ml_dsa_sig_gen[SLH_DSA_SHA2_384_PREHASH_SHA2_192F] 
2026-01-14T17:07:27.2511508Z [gw1] [  2%] SKIPPED tests/test_acvp_vectors.py::test_acvp_vec_ml_dsa_sig_gen[SLH_DSA_SHA2_384_PREHASH_SHA2_192F] 
2026-01-14T17:07:27.2523553Z tests/test_acvp_vectors.py::test_acvp_vec_ml_dsa_sig_gen[SLH_DSA_SHA2_384_PREHASH_SHA2_256S] 
2026-01-14T17:07:27.2529416Z [gw1] [  2%] SKIPPED tests/test_acvp_vectors.py::test_acvp_vec_ml_dsa_sig_gen[SLH_DSA_SHA2_384_PREHASH_SHA2_256S] 
2026-01-14T17:07:27.2542989Z tests/test_acvp_vectors.py::test_acvp_vec_ml_dsa_sig_gen[SLH_DSA_SHA2_384_PREHASH_SHA2_256F] 
2026-01-14T17:07:27.2549468Z [gw1] [  2%] SKIPPED tests/test_acvp_vectors.py::test_acvp_vec_ml_dsa_sig_gen[SLH_DSA_SHA2_384_PREHASH_SHA2_256F] 
2026-01-14T17:07:27.2563135Z tests/test_acvp_vectors.py::test_acvp_vec_ml_dsa_sig_gen[SLH_DSA_SHA2_384_PREHASH_SHAKE_128S] 
2026-01-14T17:07:27.2573508Z [gw1] [  2%] SKIPPED tests/test_acvp_vectors.py::test_acvp_vec_ml_dsa_sig_gen[SLH_DSA_SHA2_384_PREHASH_SHAKE_128S] 
2026-01-14T17:07:27.2583288Z tests/test_acvp_vectors.py::test_acvp_vec_ml_dsa_sig_gen[SLH_DSA_SHA2_384_PREHASH_SHAKE_128F] 
2026-01-14T17:07:27.2593746Z [gw1] [  2%] SKIPPED tests/test_acvp_vectors.py::test_acvp_vec_ml_dsa_sig_gen[SLH_DSA_SHA2_384_PREHASH_SHAKE_128F] 
2026-01-14T17:07:27.2604444Z tests/test_acvp_vectors.py::test_acvp_vec_ml_dsa_sig_gen[SLH_DSA_SHA2_384_PREHASH_SHAKE_192S] 
2026-01-14T17:07:27.2611834Z [gw1] [  2%] SKIPPED tests/test_acvp_vectors.py::test_acvp_vec_ml_dsa_sig_gen[SLH_DSA_SHA2_384_PREHASH_SHAKE_192S] 
2026-01-14T17:07:27.2627642Z tests/test_acvp_vectors.py::test_acvp_vec_ml_dsa_sig_gen[SLH_DSA_SHA2_384_PREHASH_SHAKE_192F] 
2026-01-14T17:07:27.2640061Z [gw1] [  2%] SKIPPED tests/test_acvp_vectors.py::test_acvp_vec_ml_dsa_sig_gen[SLH_DSA_SHA2_384_PREHASH_SHAKE_192F] 
2026-01-14T17:07:27.2649739Z tests/test_acvp_vectors.py::test_acvp_vec_ml_dsa_sig_gen[SLH_DSA_SHA2_384_PREHASH_SHAKE_256S] 
2026-01-14T17:07:27.2661484Z [gw1] [  2%] SKIPPED tests/test_acvp_vectors.py::test_acvp_vec_ml_dsa_sig_gen[SLH_DSA_SHA2_384_PREHASH_SHAKE_256S] 
2026-01-14T17:07:27.2668991Z tests/test_acvp_vectors.py::test_acvp_vec_ml_dsa_sig_gen[SLH_DSA_SHA2_384_PREHASH_SHAKE_256F] 
2026-01-14T17:07:27.2679726Z [gw1] [  2%] SKIPPED tests/test_acvp_vectors.py::test_acvp_vec_ml_dsa_sig_gen[SLH_DSA_SHA2_384_PREHASH_SHAKE_256F] 
2026-01-14T17:07:27.2691705Z tests/test_acvp_vectors.py::test_acvp_vec_ml_dsa_sig_gen[SLH_DSA_SHA2_512_PREHASH_SHA2_128S] 
2026-01-14T17:07:27.2702942Z [gw1] [  2%] SKIPPED tests/test_acvp_vectors.py::test_acvp_vec_ml_dsa_sig_gen[SLH_DSA_SHA2_512_PREHASH_SHA2_128S] 
2026-01-14T17:07:27.2712122Z tests/test_acvp_vectors.py::test_acvp_vec_ml_dsa_sig_gen[SLH_DSA_SHA2_512_PREHASH_SHA2_128F] 
2026-01-14T17:07:27.2721642Z [gw1] [  2%] SKIPPED tests/test_acvp_vectors.py::test_acvp_vec_ml_dsa_sig_gen[SLH_DSA_SHA2_512_PREHASH_SHA2_128F] 
2026-01-14T17:07:27.2733945Z tests/test_acvp_vectors.py::test_acvp_vec_ml_dsa_sig_gen[SLH_DSA_SHA2_512_PREHASH_SHA2_192S] 
2026-01-14T17:07:27.2744595Z [gw1] [  2%] SKIPPED tests/test_acvp_vectors.py::test_acvp_vec_ml_dsa_sig_gen[SLH_DSA_SHA2_512_PREHASH_SHA2_192S] 
2026-01-14T17:07:27.2754651Z tests/test_acvp_vectors.py::test_acvp_vec_ml_dsa_sig_gen[SLH_DSA_SHA2_512_PREHASH_SHA2_192F] 
2026-01-14T17:07:27.2765429Z [gw1] [  2%] SKIPPED tests/test_acvp_vectors.py::test_acvp_vec_ml_dsa_sig_gen[SLH_DSA_SHA2_512_PREHASH_SHA2_192F] 
2026-01-14T17:07:27.2775091Z tests/test_acvp_vectors.py::test_acvp_vec_ml_dsa_sig_gen[SLH_DSA_SHA2_512_PREHASH_SHA2_256S] 
2026-01-14T17:07:27.2785737Z [gw1] [  2%] SKIPPED tests/test_acvp_vectors.py::test_acvp_vec_ml_dsa_sig_gen[SLH_DSA_SHA2_512_PREHASH_SHA2_256S] 
2026-01-14T17:07:27.2795440Z tests/test_acvp_vectors.py::test_acvp_vec_ml_dsa_sig_gen[SLH_DSA_SHA2_512_PREHASH_SHA2_256F] 
2026-01-14T17:07:27.2806305Z [gw1] [  2%] SKIPPED tests/test_acvp_vectors.py::test_acvp_vec_ml_dsa_sig_gen[SLH_DSA_SHA2_512_PREHASH_SHA2_256F] 
2026-01-14T17:07:27.2815691Z tests/test_acvp_vectors.py::test_acvp_vec_ml_dsa_sig_gen[SLH_DSA_SHA2_512_PREHASH_SHAKE_128S] 
2026-01-14T17:07:27.2826158Z [gw1] [  2%] SKIPPED tests/test_acvp_vectors.py::test_acvp_vec_ml_dsa_sig_gen[SLH_DSA_SHA2_512_PREHASH_SHAKE_128S] 
2026-01-14T17:07:27.2838006Z tests/test_acvp_vectors.py::test_acvp_vec_ml_dsa_sig_gen[SLH_DSA_SHA2_512_PREHASH_SHAKE_128F] 
2026-01-14T17:07:27.2843388Z [gw1] [  2%] SKIPPED tests/test_acvp_vectors.py::test_acvp_vec_ml_dsa_sig_gen[SLH_DSA_SHA2_512_PREHASH_SHAKE_128F] 
2026-01-14T17:07:27.2856331Z tests/test_acvp_vectors.py::test_acvp_vec_ml_dsa_sig_gen[SLH_DSA_SHA2_512_PREHASH_SHAKE_192S] 
2026-01-14T17:07:27.2863924Z [gw1] [  2%] SKIPPED tests/test_acvp_vectors.py::test_acvp_vec_ml_dsa_sig_gen[SLH_DSA_SHA2_512_PREHASH_SHAKE_192S] 
2026-01-14T17:07:27.2874746Z tests/test_acvp_vectors.py::test_acvp_vec_ml_dsa_sig_gen[SLH_DSA_SHA2_512_PREHASH_SHAKE_192F] 
2026-01-14T17:07:27.2881176Z [gw1] [  2%] SKIPPED tests/test_acvp_vectors.py::test_acvp_vec_ml_dsa_sig_gen[SLH_DSA_SHA2_512_PREHASH_SHAKE_192F] 
2026-01-14T17:07:27.2893692Z tests/test_acvp_vectors.py::test_acvp_vec_ml_dsa_sig_gen[SLH_DSA_SHA2_512_PREHASH_SHAKE_256S] 
2026-01-14T17:07:27.2899226Z [gw1] [  2%] SKIPPED tests/test_acvp_vectors.py::test_acvp_vec_ml_dsa_sig_gen[SLH_DSA_SHA2_512_PREHASH_SHAKE_256S] 
2026-01-14T17:07:27.2912331Z tests/test_acvp_vectors.py::test_acvp_vec_ml_dsa_sig_gen[SLH_DSA_SHA2_512_PREHASH_SHAKE_256F] 
2026-01-14T17:07:27.2918551Z [gw1] [  2%] SKIPPED tests/test_acvp_vectors.py::test_acvp_vec_ml_dsa_sig_gen[SLH_DSA_SHA2_512_PREHASH_SHAKE_256F] 
2026-01-14T17:07:27.2931441Z tests/test_acvp_vectors.py::test_acvp_vec_ml_dsa_sig_gen[SLH_DSA_SHA2_512_224_PREHASH_SHA2_128S] 
2026-01-14T17:07:27.2938303Z [gw1] [  3%] SKIPPED tests/test_acvp_vectors.py::test_acvp_vec_ml_dsa_sig_gen[SLH_DSA_SHA2_512_224_PREHASH_SHA2_128S] 
2026-01-14T17:07:27.2950981Z tests/test_acvp_vectors.py::test_acvp_vec_ml_dsa_sig_gen[SLH_DSA_SHA2_512_224_PREHASH_SHA2_128F] 
2026-01-14T17:07:27.2959668Z [gw1] [  3%] SKIPPED tests/test_acvp_vectors.py::test_acvp_vec_ml_dsa_sig_gen[SLH_DSA_SHA2_512_224_PREHASH_SHA2_128F] 
2026-01-14T17:07:27.2981195Z tests/test_acvp_vectors.py::test_acvp_vec_ml_dsa_sig_gen[SLH_DSA_SHA2_512_224_PREHASH_SHA2_192S] 
2026-01-14T17:07:27.3003230Z [gw1] [  3%] SKIPPED tests/test_acvp_vectors.py::test_acvp_vec_ml_dsa_sig_gen[SLH_DSA_SHA2_512_224_PREHASH_SHA2_192S] 
2026-01-14T17:07:27.3006863Z tests/test_acvp_vectors.py::test_acvp_vec_ml_dsa_sig_gen[SLH_DSA_SHA2_512_224_PREHASH_SHA2_192F] 
2026-01-14T17:07:27.3011496Z [gw1] [  3%] SKIPPED tests/test_acvp_vectors.py::test_acvp_vec_ml_dsa_sig_gen[SLH_DSA_SHA2_512_224_PREHASH_SHA2_192F] 
2026-01-14T17:07:27.3024190Z tests/test_acvp_vectors.py::test_acvp_vec_ml_dsa_sig_gen[SLH_DSA_SHA2_512_224_PREHASH_SHA2_256S] 
2026-01-14T17:07:27.3029903Z [gw1] [  3%] SKIPPED tests/test_acvp_vectors.py::test_acvp_vec_ml_dsa_sig_gen[SLH_DSA_SHA2_512_224_PREHASH_SHA2_256S] 
2026-01-14T17:07:27.3043703Z tests/test_acvp_vectors.py::test_acvp_vec_ml_dsa_sig_gen[SLH_DSA_SHA2_512_224_PREHASH_SHA2_256F] 
2026-01-14T17:07:27.3049650Z [gw1] [  3%] SKIPPED tests/test_acvp_vectors.py::test_acvp_vec_ml_dsa_sig_gen[SLH_DSA_SHA2_512_224_PREHASH_SHA2_256F] 
2026-01-14T17:07:27.3063864Z tests/test_acvp_vectors.py::test_acvp_vec_ml_dsa_sig_gen[SLH_DSA_SHA2_512_224_PREHASH_SHAKE_128S] 
2026-01-14T17:07:27.3071053Z [gw1] [  3%] SKIPPED tests/test_acvp_vectors.py::test_acvp_vec_ml_dsa_sig_gen[SLH_DSA_SHA2_512_224_PREHASH_SHAKE_128S] 
2026-01-14T17:07:27.3087191Z tests/test_acvp_vectors.py::test_acvp_vec_ml_dsa_sig_gen[SLH_DSA_SHA2_512_224_PREHASH_SHAKE_128F] 
2026-01-14T17:07:27.3096435Z [gw1] [  3%] SKIPPED tests/test_acvp_vectors.py::test_acvp_vec_ml_dsa_sig_gen[SLH_DSA_SHA2_512_224_PREHASH_SHAKE_128F] 
2026-01-14T17:07:27.3109892Z tests/test_acvp_vectors.py::test_acvp_vec_ml_dsa_sig_gen[SLH_DSA_SHA2_512_224_PREHASH_SHAKE_192S] 
2026-01-14T17:07:27.3121012Z [gw1] [  3%] SKIPPED tests/test_acvp_vectors.py::test_acvp_vec_ml_dsa_sig_gen[SLH_DSA_SHA2_512_224_PREHASH_SHAKE_192S] 
2026-01-14T17:07:27.3131103Z tests/test_acvp_vectors.py::test_acvp_vec_ml_dsa_sig_gen[SLH_DSA_SHA2_512_224_PREHASH_SHAKE_192F] 
2026-01-14T17:07:27.3136652Z [gw1] [  3%] SKIPPED tests/test_acvp_vectors.py::test_acvp_vec_ml_dsa_sig_gen[SLH_DSA_SHA2_512_224_PREHASH_SHAKE_192F] 
2026-01-14T17:07:27.3153000Z tests/test_acvp_vectors.py::test_acvp_vec_ml_dsa_sig_gen[SLH_DSA_SHA2_512_224_PREHASH_SHAKE_256S] 
2026-01-14T17:07:27.3158480Z [gw1] [  3%] SKIPPED tests/test_acvp_vectors.py::test_acvp_vec_ml_dsa_sig_gen[SLH_DSA_SHA2_512_224_PREHASH_SHAKE_256S] 
2026-01-14T17:07:27.3170923Z tests/test_acvp_vectors.py::test_acvp_vec_ml_dsa_sig_gen[SLH_DSA_SHA2_512_224_PREHASH_SHAKE_256F] 
2026-01-14T17:07:27.3176123Z [gw1] [  3%] SKIPPED tests/test_acvp_vectors.py::test_acvp_vec_ml_dsa_sig_gen[SLH_DSA_SHA2_512_224_PREHASH_SHAKE_256F] 
2026-01-14T17:07:27.3191385Z tests/test_acvp_vectors.py::test_acvp_vec_ml_dsa_sig_gen[SLH_DSA_SHA2_512_256_PREHASH_SHA2_128S] 
2026-01-14T17:07:27.3197987Z [gw1] [  3%] SKIPPED tests/test_acvp_vectors.py::test_acvp_vec_ml_dsa_sig_gen[SLH_DSA_SHA2_512_256_PREHASH_SHA2_128S] 
2026-01-14T17:07:27.3208507Z tests/test_acvp_vectors.py::test_acvp_vec_ml_dsa_sig_gen[SLH_DSA_SHA2_512_256_PREHASH_SHA2_128F] 
2026-01-14T17:07:27.3213551Z [gw1] [  3%] SKIPPED tests/test_acvp_vectors.py::test_acvp_vec_ml_dsa_sig_gen[SLH_DSA_SHA2_512_256_PREHASH_SHA2_128F] 
2026-01-14T17:07:27.3226305Z tests/test_acvp_vectors.py::test_acvp_vec_ml_dsa_sig_gen[SLH_DSA_SHA2_512_256_PREHASH_SHA2_192S] 
2026-01-14T17:07:27.3232446Z [gw1] [  3%] SKIPPED tests/test_acvp_vectors.py::test_acvp_vec_ml_dsa_sig_gen[SLH_DSA_SHA2_512_256_PREHASH_SHA2_192S] 
2026-01-14T17:07:27.3246662Z tests/test_acvp_vectors.py::test_acvp_vec_ml_dsa_sig_gen[SLH_DSA_SHA2_512_256_PREHASH_SHA2_192F] 
2026-01-14T17:07:27.3252472Z [gw1] [  3%] SKIPPED tests/test_acvp_vectors.py::test_acvp_vec_ml_dsa_sig_gen[SLH_DSA_SHA2_512_256_PREHASH_SHA2_192F] 
2026-01-14T17:07:27.3264540Z tests/test_acvp_vectors.py::test_acvp_vec_ml_dsa_sig_gen[SLH_DSA_SHA2_512_256_PREHASH_SHA2_256S] 
2026-01-14T17:07:27.3270504Z [gw1] [  3%] SKIPPED tests/test_acvp_vectors.py::test_acvp_vec_ml_dsa_sig_gen[SLH_DSA_SHA2_512_256_PREHASH_SHA2_256S] 
2026-01-14T17:07:27.3284537Z tests/test_acvp_vectors.py::test_acvp_vec_ml_dsa_sig_gen[SLH_DSA_SHA2_512_256_PREHASH_SHA2_256F] 
2026-01-14T17:07:27.3311910Z [gw1] [  3%] SKIPPED tests/test_acvp_vectors.py::test_acvp_vec_ml_dsa_sig_gen[SLH_DSA_SHA2_512_256_PREHASH_SHA2_256F] 
2026-01-14T17:07:27.3313170Z tests/test_acvp_vectors.py::test_acvp_vec_ml_dsa_sig_gen[SLH_DSA_SHA2_512_256_PREHASH_SHAKE_128S] 
2026-01-14T17:07:27.3314314Z [gw1] [  3%] SKIPPED tests/test_acvp_vectors.py::test_acvp_vec_ml_dsa_sig_gen[SLH_DSA_SHA2_512_256_PREHASH_SHAKE_128S] 
2026-01-14T17:07:27.3318947Z tests/test_acvp_vectors.py::test_acvp_vec_ml_dsa_sig_gen[SLH_DSA_SHA2_512_256_PREHASH_SHAKE_128F] 
2026-01-14T17:07:27.3325750Z [gw1] [  3%] SKIPPED tests/test_acvp_vectors.py::test_acvp_vec_ml_dsa_sig_gen[SLH_DSA_SHA2_512_256_PREHASH_SHAKE_128F] 
2026-01-14T17:07:27.3338436Z tests/test_acvp_vectors.py::test_acvp_vec_ml_dsa_sig_gen[SLH_DSA_SHA2_512_256_PREHASH_SHAKE_192S] 
2026-01-14T17:07:27.3344767Z [gw1] [  3%] SKIPPED tests/test_acvp_vectors.py::test_acvp_vec_ml_dsa_sig_gen[SLH_DSA_SHA2_512_256_PREHASH_SHAKE_192S] 
2026-01-14T17:07:27.3357011Z tests/test_acvp_vectors.py::test_acvp_vec_ml_dsa_sig_gen[SLH_DSA_SHA2_512_256_PREHASH_SHAKE_192F] 
2026-01-14T17:07:27.3362983Z [gw1] [  3%] SKIPPED tests/test_acvp_vectors.py::test_acvp_vec_ml_dsa_sig_gen[SLH_DSA_SHA2_512_256_PREHASH_SHAKE_192F] 
2026-01-14T17:07:27.3376179Z tests/test_acvp_vectors.py::test_acvp_vec_ml_dsa_sig_gen[SLH_DSA_SHA2_512_256_PREHASH_SHAKE_256S] 
2026-01-14T17:07:27.3381143Z [gw1] [  3%] SKIPPED tests/test_acvp_vectors.py::test_acvp_vec_ml_dsa_sig_gen[SLH_DSA_SHA2_512_256_PREHASH_SHAKE_256S] 
2026-01-14T17:07:27.3393690Z tests/test_acvp_vectors.py::test_acvp_vec_ml_dsa_sig_gen[SLH_DSA_SHA2_512_256_PREHASH_SHAKE_256F] 
2026-01-14T17:07:27.3407241Z [gw1] [  3%] SKIPPED tests/test_acvp_vectors.py::test_acvp_vec_ml_dsa_sig_gen[SLH_DSA_SHA2_512_256_PREHASH_SHAKE_256F] 
2026-01-14T17:07:27.3417090Z tests/test_acvp_vectors.py::test_acvp_vec_ml_dsa_sig_gen[SLH_DSA_SHA3_224_PREHASH_SHA2_128S] 
2026-01-14T17:07:27.3429798Z [gw1] [  3%] SKIPPED tests/test_acvp_vectors.py::test_acvp_vec_ml_dsa_sig_gen[SLH_DSA_SHA3_224_PREHASH_SHA2_128S] 
2026-01-14T17:07:27.3455581Z tests/test_acvp_vectors.py::test_acvp_vec_ml_dsa_sig_gen[SLH_DSA_SHA3_224_PREHASH_SHA2_128F] 
2026-01-14T17:07:27.3457080Z [gw1] [  3%] SKIPPED tests/test_acvp_vectors.py::test_acvp_vec_ml_dsa_sig_gen[SLH_DSA_SHA3_224_PREHASH_SHA2_128F] 
2026-01-14T17:07:27.3460611Z tests/test_acvp_vectors.py::test_acvp_vec_ml_dsa_sig_gen[SLH_DSA_SHA3_224_PREHASH_SHA2_192S] 
2026-01-14T17:07:27.3465696Z [gw1] [  3%] SKIPPED tests/test_acvp_vectors.py::test_acvp_vec_ml_dsa_sig_gen[SLH_DSA_SHA3_224_PREHASH_SHA2_192S] 
2026-01-14T17:07:27.3478584Z tests/test_acvp_vectors.py::test_acvp_vec_ml_dsa_sig_gen[SLH_DSA_SHA3_224_PREHASH_SHA2_192F] 
2026-01-14T17:07:27.3484607Z [gw1] [  3%] SKIPPED tests/test_acvp_vectors.py::test_acvp_vec_ml_dsa_sig_gen[SLH_DSA_SHA3_224_PREHASH_SHA2_192F] 
2026-01-14T17:07:27.3497713Z tests/test_acvp_vectors.py::test_acvp_vec_ml_dsa_sig_gen[SLH_DSA_SHA3_224_PREHASH_SHA2_256S] 
2026-01-14T17:07:27.3502537Z [gw1] [  3%] SKIPPED tests/test_acvp_vectors.py::test_acvp_vec_ml_dsa_sig_gen[SLH_DSA_SHA3_224_PREHASH_SHA2_256S] 
2026-01-14T17:07:27.3514826Z tests/test_acvp_vectors.py::test_acvp_vec_ml_dsa_sig_gen[SLH_DSA_SHA3_224_PREHASH_SHA2_256F] 
2026-01-14T17:07:27.3520534Z [gw1] [  3%] SKIPPED tests/test_acvp_vectors.py::test_acvp_vec_ml_dsa_sig_gen[SLH_DSA_SHA3_224_PREHASH_SHA2_256F] 
2026-01-14T17:07:27.3532709Z tests/test_acvp_vectors.py::test_acvp_vec_ml_dsa_sig_gen[SLH_DSA_SHA3_224_PREHASH_SHAKE_128S] 
2026-01-14T17:07:27.3539771Z [gw1] [  4%] SKIPPED tests/test_acvp_vectors.py::test_acvp_vec_ml_dsa_sig_gen[SLH_DSA_SHA3_224_PREHASH_SHAKE_128S] 
2026-01-14T17:07:27.3551853Z tests/test_acvp_vectors.py::test_acvp_vec_ml_dsa_sig_gen[SLH_DSA_SHA3_224_PREHASH_SHAKE_128F] 
2026-01-14T17:07:27.3559986Z [gw1] [  4%] SKIPPED tests/test_acvp_vectors.py::test_acvp_vec_ml_dsa_sig_gen[SLH_DSA_SHA3_224_PREHASH_SHAKE_128F] 
2026-01-14T17:07:27.3575341Z tests/test_acvp_vectors.py::test_acvp_vec_ml_dsa_sig_gen[SLH_DSA_SHA3_224_PREHASH_SHAKE_192S] 
2026-01-14T17:07:27.3582033Z [gw1] [  4%] SKIPPED tests/test_acvp_vectors.py::test_acvp_vec_ml_dsa_sig_gen[SLH_DSA_SHA3_224_PREHASH_SHAKE_192S] 
2026-01-14T17:07:27.3596977Z tests/test_acvp_vectors.py::test_acvp_vec_ml_dsa_sig_gen[SLH_DSA_SHA3_224_PREHASH_SHAKE_192F] 
2026-01-14T17:07:27.3603455Z [gw1] [  4%] SKIPPED tests/test_acvp_vectors.py::test_acvp_vec_ml_dsa_sig_gen[SLH_DSA_SHA3_224_PREHASH_SHAKE_192F] 
2026-01-14T17:07:27.3618847Z tests/test_acvp_vectors.py::test_acvp_vec_ml_dsa_sig_gen[SLH_DSA_SHA3_224_PREHASH_SHAKE_256S] 
2026-01-14T17:07:27.3625380Z [gw1] [  4%] SKIPPED tests/test_acvp_vectors.py::test_acvp_vec_ml_dsa_sig_gen[SLH_DSA_SHA3_224_PREHASH_SHAKE_256S] 
2026-01-14T17:07:27.3641107Z tests/test_acvp_vectors.py::test_acvp_vec_ml_dsa_sig_gen[SLH_DSA_SHA3_224_PREHASH_SHAKE_256F] 
2026-01-14T17:07:27.3652725Z [gw1] [  4%] SKIPPED tests/test_acvp_vectors.py::test_acvp_vec_ml_dsa_sig_gen[SLH_DSA_SHA3_224_PREHASH_SHAKE_256F] 
2026-01-14T17:07:27.3658388Z tests/test_acvp_vectors.py::test_acvp_vec_ml_dsa_sig_gen[SLH_DSA_SHA3_256_PREHASH_SHA2_128S] 
2026-01-14T17:07:27.3662741Z [gw1] [  4%] SKIPPED tests/test_acvp_vectors.py::test_acvp_vec_ml_dsa_sig_gen[SLH_DSA_SHA3_256_PREHASH_SHA2_128S] 
2026-01-14T17:07:27.3675768Z tests/test_acvp_vectors.py::test_acvp_vec_ml_dsa_sig_gen[SLH_DSA_SHA3_256_PREHASH_SHA2_128F] 
2026-01-14T17:07:27.3681763Z [gw1] [  4%] SKIPPED tests/test_acvp_vectors.py::test_acvp_vec_ml_dsa_sig_gen[SLH_DSA_SHA3_256_PREHASH_SHA2_128F] 
2026-01-14T17:07:27.3694352Z tests/test_acvp_vectors.py::test_acvp_vec_ml_dsa_sig_gen[SLH_DSA_SHA3_256_PREHASH_SHA2_192S] 
2026-01-14T17:07:27.3709651Z [gw1] [  4%] SKIPPED tests/test_acvp_vectors.py::test_acvp_vec_ml_dsa_sig_gen[SLH_DSA_SHA3_256_PREHASH_SHA2_192S] 
2026-01-14T17:07:27.3717128Z tests/test_acvp_vectors.py::test_acvp_vec_ml_dsa_sig_gen[SLH_DSA_SHA3_256_PREHASH_SHA2_192F] 
2026-01-14T17:07:27.3722690Z [gw1] [  4%] SKIPPED tests/test_acvp_vectors.py::test_acvp_vec_ml_dsa_sig_gen[SLH_DSA_SHA3_256_PREHASH_SHA2_192F] 
2026-01-14T17:07:27.3738588Z tests/test_acvp_vectors.py::test_acvp_vec_ml_dsa_sig_gen[SLH_DSA_SHA3_256_PREHASH_SHA2_256S] 
2026-01-14T17:07:27.3744308Z [gw1] [  4%] SKIPPED tests/test_acvp_vectors.py::test_acvp_vec_ml_dsa_sig_gen[SLH_DSA_SHA3_256_PREHASH_SHA2_256S] 
2026-01-14T17:07:27.3758831Z tests/test_acvp_vectors.py::test_acvp_vec_ml_dsa_sig_gen[SLH_DSA_SHA3_256_PREHASH_SHA2_256F] 
2026-01-14T17:07:27.3765319Z [gw1] [  4%] SKIPPED tests/test_acvp_vectors.py::test_acvp_vec_ml_dsa_sig_gen[SLH_DSA_SHA3_256_PREHASH_SHA2_256F] 
2026-01-14T17:07:27.3780100Z tests/test_acvp_vectors.py::test_acvp_vec_ml_dsa_sig_gen[SLH_DSA_SHA3_256_PREHASH_SHAKE_128S] 
2026-01-14T17:07:27.3786763Z [gw1] [  4%] SKIPPED tests/test_acvp_vectors.py::test_acvp_vec_ml_dsa_sig_gen[SLH_DSA_SHA3_256_PREHASH_SHAKE_128S] 
2026-01-14T17:07:27.3801219Z tests/test_acvp_vectors.py::test_acvp_vec_ml_dsa_sig_gen[SLH_DSA_SHA3_256_PREHASH_SHAKE_128F] 
2026-01-14T17:07:27.3807188Z [gw1] [  4%] SKIPPED tests/test_acvp_vectors.py::test_acvp_vec_ml_dsa_sig_gen[SLH_DSA_SHA3_256_PREHASH_SHAKE_128F] 
2026-01-14T17:07:27.3819957Z tests/test_acvp_vectors.py::test_acvp_vec_ml_dsa_sig_gen[SLH_DSA_SHA3_256_PREHASH_SHAKE_192S] 
2026-01-14T17:07:27.3824304Z [gw1] [  4%] SKIPPED tests/test_acvp_vectors.py::test_acvp_vec_ml_dsa_sig_gen[SLH_DSA_SHA3_256_PREHASH_SHAKE_192S] 
2026-01-14T17:07:27.3837796Z tests/test_acvp_vectors.py::test_acvp_vec_ml_dsa_sig_gen[SLH_DSA_SHA3_256_PREHASH_SHAKE_192F] 
2026-01-14T17:07:27.3846104Z [gw1] [  4%] SKIPPED tests/test_acvp_vectors.py::test_acvp_vec_ml_dsa_sig_gen[SLH_DSA_SHA3_256_PREHASH_SHAKE_192F] 
2026-01-14T17:07:27.3859071Z tests/test_acvp_vectors.py::test_acvp_vec_ml_dsa_sig_gen[SLH_DSA_SHA3_256_PREHASH_SHAKE_256S] 
2026-01-14T17:07:27.3870928Z [gw1] [  4%] SKIPPED tests/test_acvp_vectors.py::test_acvp_vec_ml_dsa_sig_gen[SLH_DSA_SHA3_256_PREHASH_SHAKE_256S] 
2026-01-14T17:07:27.3877542Z tests/test_acvp_vectors.py::test_acvp_vec_ml_dsa_sig_gen[SLH_DSA_SHA3_256_PREHASH_SHAKE_256F] 
2026-01-14T17:07:27.3884665Z [gw1] [  4%] SKIPPED tests/test_acvp_vectors.py::test_acvp_vec_ml_dsa_sig_gen[SLH_DSA_SHA3_256_PREHASH_SHAKE_256F] 
2026-01-14T17:07:27.3896973Z tests/test_acvp_vectors.py::test_acvp_vec_ml_dsa_sig_gen[SLH_DSA_SHA3_384_PREHASH_SHA2_128S] 
2026-01-14T17:07:27.3905713Z [gw1] [  4%] SKIPPED tests/test_acvp_vectors.py::test_acvp_vec_ml_dsa_sig_gen[SLH_DSA_SHA3_384_PREHASH_SHA2_128S] 
2026-01-14T17:07:27.3917027Z tests/test_acvp_vectors.py::test_acvp_vec_ml_dsa_sig_gen[SLH_DSA_SHA3_384_PREHASH_SHA2_128F] 
2026-01-14T17:07:27.3922903Z [gw1] [  4%] SKIPPED tests/test_acvp_vectors.py::test_acvp_vec_ml_dsa_sig_gen[SLH_DSA_SHA3_384_PREHASH_SHA2_128F] 
2026-01-14T17:07:27.3935600Z tests/test_acvp_vectors.py::test_acvp_vec_ml_dsa_sig_gen[SLH_DSA_SHA3_384_PREHASH_SHA2_192S] 
2026-01-14T17:07:27.3940745Z [gw1] [  4%] SKIPPED tests/test_acvp_vectors.py::test_acvp_vec_ml_dsa_sig_gen[SLH_DSA_SHA3_384_PREHASH_SHA2_192S] 
2026-01-14T17:07:27.3953989Z tests/test_acvp_vectors.py::test_acvp_vec_ml_dsa_sig_gen[SLH_DSA_SHA3_384_PREHASH_SHA2_192F] 
2026-01-14T17:07:27.3959989Z [gw1] [  4%] SKIPPED tests/test_acvp_vectors.py::test_acvp_vec_ml_dsa_sig_gen[SLH_DSA_SHA3_384_PREHASH_SHA2_192F] 
2026-01-14T17:07:27.3971962Z tests/test_acvp_vectors.py::test_acvp_vec_ml_dsa_sig_gen[SLH_DSA_SHA3_384_PREHASH_SHA2_256S] 
2026-01-14T17:07:27.3979884Z [gw1] [  4%] SKIPPED tests/test_acvp_vectors.py::test_acvp_vec_ml_dsa_sig_gen[SLH_DSA_SHA3_384_PREHASH_SHA2_256S] 
2026-01-14T17:07:27.3992330Z tests/test_acvp_vectors.py::test_acvp_vec_ml_dsa_sig_gen[SLH_DSA_SHA3_384_PREHASH_SHA2_256F] 
2026-01-14T17:07:27.3998029Z [gw1] [  4%] SKIPPED tests/test_acvp_vectors.py::test_acvp_vec_ml_dsa_sig_gen[SLH_DSA_SHA3_384_PREHASH_SHA2_256F] 
2026-01-14T17:07:27.4011243Z tests/test_acvp_vectors.py::test_acvp_vec_ml_dsa_sig_gen[SLH_DSA_SHA3_384_PREHASH_SHAKE_128S] 
2026-01-14T17:07:27.4017181Z [gw1] [  4%] SKIPPED tests/test_acvp_vectors.py::test_acvp_vec_ml_dsa_sig_gen[SLH_DSA_SHA3_384_PREHASH_SHAKE_128S] 
2026-01-14T17:07:27.4030872Z tests/test_acvp_vectors.py::test_acvp_vec_ml_dsa_sig_gen[SLH_DSA_SHA3_384_PREHASH_SHAKE_128F] 
2026-01-14T17:07:27.4039230Z [gw1] [  4%] SKIPPED tests/test_acvp_vectors.py::test_acvp_vec_ml_dsa_sig_gen[SLH_DSA_SHA3_384_PREHASH_SHAKE_128F] 
2026-01-14T17:07:27.4050197Z tests/test_acvp_vectors.py::test_acvp_vec_ml_dsa_sig_gen[SLH_DSA_SHA3_384_PREHASH_SHAKE_192S] 
2026-01-14T17:07:27.4056510Z [gw1] [  4%] SKIPPED tests/test_acvp_vectors.py::test_acvp_vec_ml_dsa_sig_gen[SLH_DSA_SHA3_384_PREHASH_SHAKE_192S] 
2026-01-14T17:07:27.4069835Z tests/test_acvp_vectors.py::test_acvp_vec_ml_dsa_sig_gen[SLH_DSA_SHA3_384_PREHASH_SHAKE_192F] 
2026-01-14T17:07:27.4076416Z [gw1] [  4%] SKIPPED tests/test_acvp_vectors.py::test_acvp_vec_ml_dsa_sig_gen[SLH_DSA_SHA3_384_PREHASH_SHAKE_192F] 
2026-01-14T17:07:27.4092467Z tests/test_acvp_vectors.py::test_acvp_vec_ml_dsa_sig_gen[SLH_DSA_SHA3_384_PREHASH_SHAKE_256S] 
2026-01-14T17:07:27.4102640Z [gw1] [  4%] SKIPPED tests/test_acvp_vectors.py::test_acvp_vec_ml_dsa_sig_gen[SLH_DSA_SHA3_384_PREHASH_SHAKE_256S] 
2026-01-14T17:07:27.4110180Z tests/test_acvp_vectors.py::test_acvp_vec_ml_dsa_sig_gen[SLH_DSA_SHA3_384_PREHASH_SHAKE_256F] 
2026-01-14T17:07:27.4119737Z [gw1] [  4%] SKIPPED tests/test_acvp_vectors.py::test_acvp_vec_ml_dsa_sig_gen[SLH_DSA_SHA3_384_PREHASH_SHAKE_256F] 
2026-01-14T17:07:27.4134252Z tests/test_acvp_vectors.py::test_acvp_vec_ml_dsa_sig_gen[SLH_DSA_SHA3_512_PREHASH_SHA2_128S] 
2026-01-14T17:07:27.4139115Z [gw1] [  4%] SKIPPED tests/test_acvp_vectors.py::test_acvp_vec_ml_dsa_sig_gen[SLH_DSA_SHA3_512_PREHASH_SHA2_128S] 
2026-01-14T17:07:27.4151508Z tests/test_acvp_vectors.py::test_acvp_vec_ml_dsa_sig_gen[SLH_DSA_SHA3_512_PREHASH_SHA2_128F] 
2026-01-14T17:07:27.4157280Z [gw1] [  5%] SKIPPED tests/test_acvp_vectors.py::test_acvp_vec_ml_dsa_sig_gen[SLH_DSA_SHA3_512_PREHASH_SHA2_128F] 
2026-01-14T17:07:27.4170606Z tests/test_acvp_vectors.py::test_acvp_vec_ml_dsa_sig_gen[SLH_DSA_SHA3_512_PREHASH_SHA2_192S] 
2026-01-14T17:07:27.4178113Z [gw1] [  5%] SKIPPED tests/test_acvp_vectors.py::test_acvp_vec_ml_dsa_sig_gen[SLH_DSA_SHA3_512_PREHASH_SHA2_192S] 
2026-01-14T17:07:27.4190009Z tests/test_acvp_vectors.py::test_acvp_vec_ml_dsa_sig_gen[SLH_DSA_SHA3_512_PREHASH_SHA2_192F] 
2026-01-14T17:07:27.4195122Z [gw1] [  5%] SKIPPED tests/test_acvp_vectors.py::test_acvp_vec_ml_dsa_sig_gen[SLH_DSA_SHA3_512_PREHASH_SHA2_192F] 
2026-01-14T17:07:27.4208128Z tests/test_acvp_vectors.py::test_acvp_vec_ml_dsa_sig_gen[SLH_DSA_SHA3_512_PREHASH_SHA2_256S] 
2026-01-14T17:07:27.4213401Z [gw1] [  5%] SKIPPED tests/test_acvp_vectors.py::test_acvp_vec_ml_dsa_sig_gen[SLH_DSA_SHA3_512_PREHASH_SHA2_256S] 
2026-01-14T17:07:27.4226611Z tests/test_acvp_vectors.py::test_acvp_vec_ml_dsa_sig_gen[SLH_DSA_SHA3_512_PREHASH_SHA2_256F] 
2026-01-14T17:07:27.4232629Z [gw1] [  5%] SKIPPED tests/test_acvp_vectors.py::test_acvp_vec_ml_dsa_sig_gen[SLH_DSA_SHA3_512_PREHASH_SHA2_256F] 
2026-01-14T17:07:27.4246248Z tests/test_acvp_vectors.py::test_acvp_vec_ml_dsa_sig_gen[SLH_DSA_SHA3_512_PREHASH_SHAKE_128S] 
2026-01-14T17:07:27.4253468Z [gw1] [  5%] SKIPPED tests/test_acvp_vectors.py::test_acvp_vec_ml_dsa_sig_gen[SLH_DSA_SHA3_512_PREHASH_SHAKE_128S] 
2026-01-14T17:07:27.4266523Z tests/test_acvp_vectors.py::test_acvp_vec_ml_dsa_sig_gen[SLH_DSA_SHA3_512_PREHASH_SHAKE_128F] 
2026-01-14T17:07:27.4271961Z [gw1] [  5%] SKIPPED tests/test_acvp_vectors.py::test_acvp_vec_ml_dsa_sig_gen[SLH_DSA_SHA3_512_PREHASH_SHAKE_128F] 
2026-01-14T17:07:27.4286275Z tests/test_acvp_vectors.py::test_acvp_vec_ml_dsa_sig_gen[SLH_DSA_SHA3_512_PREHASH_SHAKE_192S] 
2026-01-14T17:07:27.4290775Z [gw1] [  5%] SKIPPED tests/test_acvp_vectors.py::test_acvp_vec_ml_dsa_sig_gen[SLH_DSA_SHA3_512_PREHASH_SHAKE_192S] 
2026-01-14T17:07:27.4303719Z tests/test_acvp_vectors.py::test_acvp_vec_ml_dsa_sig_gen[SLH_DSA_SHA3_512_PREHASH_SHAKE_192F] 
2026-01-14T17:07:27.4309242Z [gw1] [  5%] SKIPPED tests/test_acvp_vectors.py::test_acvp_vec_ml_dsa_sig_gen[SLH_DSA_SHA3_512_PREHASH_SHAKE_192F] 
2026-01-14T17:07:27.4324125Z tests/test_acvp_vectors.py::test_acvp_vec_ml_dsa_sig_gen[SLH_DSA_SHA3_512_PREHASH_SHAKE_256S] 
2026-01-14T17:07:27.4336711Z [gw1] [  5%] SKIPPED tests/test_acvp_vectors.py::test_acvp_vec_ml_dsa_sig_gen[SLH_DSA_SHA3_512_PREHASH_SHAKE_256S] 
2026-01-14T17:07:27.4343545Z tests/test_acvp_vectors.py::test_acvp_vec_ml_dsa_sig_gen[SLH_DSA_SHA3_512_PREHASH_SHAKE_256F] 
2026-01-14T17:07:27.4349592Z [gw1] [  5%] SKIPPED tests/test_acvp_vectors.py::test_acvp_vec_ml_dsa_sig_gen[SLH_DSA_SHA3_512_PREHASH_SHAKE_256F] 
2026-01-14T17:07:27.4362923Z tests/test_acvp_vectors.py::test_acvp_vec_ml_dsa_sig_gen[SLH_DSA_SHAKE_128_PREHASH_SHA2_128S] 
2026-01-14T17:07:27.4368183Z [gw1] [  5%] SKIPPED tests/test_acvp_vectors.py::test_acvp_vec_ml_dsa_sig_gen[SLH_DSA_SHAKE_128_PREHASH_SHA2_128S] 
2026-01-14T17:07:27.4381822Z tests/test_acvp_vectors.py::test_acvp_vec_ml_dsa_sig_gen[SLH_DSA_SHAKE_128_PREHASH_SHA2_128F] 
2026-01-14T17:07:27.4390182Z [gw1] [  5%] SKIPPED tests/test_acvp_vectors.py::test_acvp_vec_ml_dsa_sig_gen[SLH_DSA_SHAKE_128_PREHASH_SHA2_128F] 
2026-01-14T17:07:27.4402760Z tests/test_acvp_vectors.py::test_acvp_vec_ml_dsa_sig_gen[SLH_DSA_SHAKE_128_PREHASH_SHA2_192S] 
2026-01-14T17:07:27.4407753Z [gw1] [  5%] SKIPPED tests/test_acvp_vectors.py::test_acvp_vec_ml_dsa_sig_gen[SLH_DSA_SHAKE_128_PREHASH_SHA2_192S] 
2026-01-14T17:07:27.4422332Z tests/test_acvp_vectors.py::test_acvp_vec_ml_dsa_sig_gen[SLH_DSA_SHAKE_128_PREHASH_SHA2_192F] 
2026-01-14T17:07:27.4428065Z [gw1] [  5%] SKIPPED tests/test_acvp_vectors.py::test_acvp_vec_ml_dsa_sig_gen[SLH_DSA_SHAKE_128_PREHASH_SHA2_192F] 
2026-01-14T17:07:27.4442381Z tests/test_acvp_vectors.py::test_acvp_vec_ml_dsa_sig_gen[SLH_DSA_SHAKE_128_PREHASH_SHA2_256S] 
2026-01-14T17:07:27.4448794Z [gw1] [  5%] SKIPPED tests/test_acvp_vectors.py::test_acvp_vec_ml_dsa_sig_gen[SLH_DSA_SHAKE_128_PREHASH_SHA2_256S] 
2026-01-14T17:07:27.4460629Z tests/test_acvp_vectors.py::test_acvp_vec_ml_dsa_sig_gen[SLH_DSA_SHAKE_128_PREHASH_SHA2_256F] 
2026-01-14T17:07:27.4466115Z [gw1] [  5%] SKIPPED tests/test_acvp_vectors.py::test_acvp_vec_ml_dsa_sig_gen[SLH_DSA_SHAKE_128_PREHASH_SHA2_256F] 
2026-01-14T17:07:27.4478894Z tests/test_acvp_vectors.py::test_acvp_vec_ml_dsa_sig_gen[SLH_DSA_SHAKE_128_PREHASH_SHAKE_128S] 
2026-01-14T17:07:27.4483991Z [gw1] [  5%] SKIPPED tests/test_acvp_vectors.py::test_acvp_vec_ml_dsa_sig_gen[SLH_DSA_SHAKE_128_PREHASH_SHAKE_128S] 
2026-01-14T17:07:27.4497469Z tests/test_acvp_vectors.py::test_acvp_vec_ml_dsa_sig_gen[SLH_DSA_SHAKE_128_PREHASH_SHAKE_128F] 
2026-01-14T17:07:27.4502647Z [gw1] [  5%] SKIPPED tests/test_acvp_vectors.py::test_acvp_vec_ml_dsa_sig_gen[SLH_DSA_SHAKE_128_PREHASH_SHAKE_128F] 
2026-01-14T17:07:27.4516954Z tests/test_acvp_vectors.py::test_acvp_vec_ml_dsa_sig_gen[SLH_DSA_SHAKE_128_PREHASH_SHAKE_192S] 
2026-01-14T17:07:27.4525106Z [gw1] [  5%] SKIPPED tests/test_acvp_vectors.py::test_acvp_vec_ml_dsa_sig_gen[SLH_DSA_SHAKE_128_PREHASH_SHAKE_192S] 
2026-01-14T17:07:27.4538528Z tests/test_acvp_vectors.py::test_acvp_vec_ml_dsa_sig_gen[SLH_DSA_SHAKE_128_PREHASH_SHAKE_192F] 
2026-01-14T17:07:27.4546089Z [gw1] [  5%] SKIPPED tests/test_acvp_vectors.py::test_acvp_vec_ml_dsa_sig_gen[SLH_DSA_SHAKE_128_PREHASH_SHAKE_192F] 
2026-01-14T17:07:27.4559251Z tests/test_acvp_vectors.py::test_acvp_vec_ml_dsa_sig_gen[SLH_DSA_SHAKE_128_PREHASH_SHAKE_256S] 
2026-01-14T17:07:27.4566554Z [gw1] [  5%] SKIPPED tests/test_acvp_vectors.py::test_acvp_vec_ml_dsa_sig_gen[SLH_DSA_SHAKE_128_PREHASH_SHAKE_256S] 
2026-01-14T17:07:27.4579444Z tests/test_acvp_vectors.py::test_acvp_vec_ml_dsa_sig_gen[SLH_DSA_SHAKE_128_PREHASH_SHAKE_256F] 
2026-01-14T17:07:27.4585933Z [gw1] [  5%] SKIPPED tests/test_acvp_vectors.py::test_acvp_vec_ml_dsa_sig_gen[SLH_DSA_SHAKE_128_PREHASH_SHAKE_256F] 
2026-01-14T17:07:27.4598528Z tests/test_acvp_vectors.py::test_acvp_vec_ml_dsa_sig_gen[SLH_DSA_SHAKE_256_PREHASH_SHA2_128S] 
2026-01-14T17:07:27.4603085Z [gw1] [  5%] SKIPPED tests/test_acvp_vectors.py::test_acvp_vec_ml_dsa_sig_gen[SLH_DSA_SHAKE_256_PREHASH_SHA2_128S] 
2026-01-14T17:07:27.4616913Z tests/test_acvp_vectors.py::test_acvp_vec_ml_dsa_sig_gen[SLH_DSA_SHAKE_256_PREHASH_SHA2_128F] 
2026-01-14T17:07:27.4622903Z [gw1] [  5%] SKIPPED tests/test_acvp_vectors.py::test_acvp_vec_ml_dsa_sig_gen[SLH_DSA_SHAKE_256_PREHASH_SHA2_128F] 
2026-01-14T17:07:27.4636067Z tests/test_acvp_vectors.py::test_acvp_vec_ml_dsa_sig_gen[SLH_DSA_SHAKE_256_PREHASH_SHA2_192S] 
2026-01-14T17:07:27.4641163Z [gw1] [  5%] SKIPPED tests/test_acvp_vectors.py::test_acvp_vec_ml_dsa_sig_gen[SLH_DSA_SHAKE_256_PREHASH_SHA2_192S] 
2026-01-14T17:07:27.4654427Z tests/test_acvp_vectors.py::test_acvp_vec_ml_dsa_sig_gen[SLH_DSA_SHAKE_256_PREHASH_SHA2_192F] 
2026-01-14T17:07:27.4664514Z [gw1] [  5%] SKIPPED tests/test_acvp_vectors.py::test_acvp_vec_ml_dsa_sig_gen[SLH_DSA_SHAKE_256_PREHASH_SHA2_192F] 
2026-01-14T17:07:27.4678348Z tests/test_acvp_vectors.py::test_acvp_vec_ml_dsa_sig_gen[SLH_DSA_SHAKE_256_PREHASH_SHA2_256S] 
2026-01-14T17:07:27.4686229Z [gw1] [  5%] SKIPPED tests/test_acvp_vectors.py::test_acvp_vec_ml_dsa_sig_gen[SLH_DSA_SHAKE_256_PREHASH_SHA2_256S] 
2026-01-14T17:07:27.4700098Z tests/test_acvp_vectors.py::test_acvp_vec_ml_dsa_sig_gen[SLH_DSA_SHAKE_256_PREHASH_SHA2_256F] 
2026-01-14T17:07:27.4704071Z [gw1] [  5%] SKIPPED tests/test_acvp_vectors.py::test_acvp_vec_ml_dsa_sig_gen[SLH_DSA_SHAKE_256_PREHASH_SHA2_256F] 
2026-01-14T17:07:27.4716391Z tests/test_acvp_vectors.py::test_acvp_vec_ml_dsa_sig_gen[SLH_DSA_SHAKE_256_PREHASH_SHAKE_128S] 
2026-01-14T17:07:27.4721625Z [gw1] [  5%] SKIPPED tests/test_acvp_vectors.py::test_acvp_vec_ml_dsa_sig_gen[SLH_DSA_SHAKE_256_PREHASH_SHAKE_128S] 
2026-01-14T17:07:27.4735296Z tests/test_acvp_vectors.py::test_acvp_vec_ml_dsa_sig_gen[SLH_DSA_SHAKE_256_PREHASH_SHAKE_128F] 
2026-01-14T17:07:27.4740486Z [gw1] [  5%] SKIPPED tests/test_acvp_vectors.py::test_acvp_vec_ml_dsa_sig_gen[SLH_DSA_SHAKE_256_PREHASH_SHAKE_128F] 
2026-01-14T17:07:27.4754614Z tests/test_acvp_vectors.py::test_acvp_vec_ml_dsa_sig_gen[SLH_DSA_SHAKE_256_PREHASH_SHAKE_192S] 
2026-01-14T17:07:27.4760546Z [gw1] [  6%] SKIPPED tests/test_acvp_vectors.py::test_acvp_vec_ml_dsa_sig_gen[SLH_DSA_SHAKE_256_PREHASH_SHAKE_192S] 
2026-01-14T17:07:27.4775043Z tests/test_acvp_vectors.py::test_acvp_vec_ml_dsa_sig_gen[SLH_DSA_SHAKE_256_PREHASH_SHAKE_192F] 
2026-01-14T17:07:27.4780466Z [gw1] [  6%] SKIPPED tests/test_acvp_vectors.py::test_acvp_vec_ml_dsa_sig_gen[SLH_DSA_SHAKE_256_PREHASH_SHAKE_192F] 
2026-01-14T17:07:27.4792953Z tests/test_acvp_vectors.py::test_acvp_vec_ml_dsa_sig_gen[SLH_DSA_SHAKE_256_PREHASH_SHAKE_256S] 
2026-01-14T17:07:27.4801319Z [gw1] [  6%] SKIPPED tests/test_acvp_vectors.py::test_acvp_vec_ml_dsa_sig_gen[SLH_DSA_SHAKE_256_PREHASH_SHAKE_256S] 
2026-01-14T17:07:27.4814534Z tests/test_acvp_vectors.py::test_acvp_vec_ml_dsa_sig_gen[SLH_DSA_SHAKE_256_PREHASH_SHAKE_256F] 
2026-01-14T17:07:27.4820355Z [gw1] [  6%] SKIPPED tests/test_acvp_vectors.py::test_acvp_vec_ml_dsa_sig_gen[SLH_DSA_SHAKE_256_PREHASH_SHAKE_256F] 
2026-01-14T17:07:27.4830997Z tests/test_acvp_vectors.py::test_acvp_vec_ml_dsa_sig_ver[Dilithium2] 
2026-01-14T17:07:27.4837665Z [gw1] [  6%] SKIPPED tests/test_acvp_vectors.py::test_acvp_vec_ml_dsa_sig_ver[Dilithium2] 
2026-01-14T17:07:27.4848194Z tests/test_acvp_vectors.py::test_acvp_vec_ml_dsa_sig_ver[Dilithium3] 
2026-01-14T17:07:27.4861273Z [gw1] [  6%] SKIPPED tests/test_acvp_vectors.py::test_acvp_vec_ml_dsa_sig_ver[Dilithium3] 
2026-01-14T17:07:27.4862505Z tests/test_acvp_vectors.py::test_acvp_vec_ml_dsa_sig_ver[Dilithium5] 
2026-01-14T17:07:27.4871200Z [gw1] [  6%] SKIPPED tests/test_acvp_vectors.py::test_acvp_vec_ml_dsa_sig_ver[Dilithium5] 
2026-01-14T17:07:27.5172860Z tests/test_acvp_vectors.py::test_acvp_vec_ml_dsa_sig_ver[ML-DSA-44] 
2026-01-14T17:07:27.5181644Z [gw0] [  6%] PASSED tests/test_acvp_vectors.py::test_acvp_vec_kem_keygen[ML-KEM-512] 
2026-01-14T17:07:27.7911186Z tests/test_acvp_vectors.py::test_acvp_vec_kem_keygen[ML-KEM-768] 
2026-01-14T17:07:27.7918253Z [gw0] [  6%] PASSED tests/test_acvp_vectors.py::test_acvp_vec_kem_keygen[ML-KEM-768] 
2026-01-14T17:07:27.8230101Z tests/test_acvp_vectors.py::test_acvp_vec_kem_keygen[ML-KEM-1024] 
2026-01-14T17:07:27.8242025Z [gw1] [  6%] PASSED tests/test_acvp_vectors.py::test_acvp_vec_ml_dsa_sig_ver[ML-DSA-44] 
2026-01-14T17:07:28.0727289Z tests/test_acvp_vectors.py::test_acvp_vec_ml_dsa_sig_ver[ML-DSA-65] 
2026-01-14T17:07:28.0733095Z [gw0] [  6%] PASSED tests/test_acvp_vectors.py::test_acvp_vec_kem_keygen[ML-KEM-1024] 
2026-01-14T17:07:28.0744474Z tests/test_acvp_vectors.py::test_acvp_vec_kem_keygen[NTRU-HPS-2048-509] 
2026-01-14T17:07:28.0750357Z [gw0] [  6%] SKIPPED tests/test_acvp_vectors.py::test_acvp_vec_kem_keygen[NTRU-HPS-2048-509] 
2026-01-14T17:07:28.0760629Z tests/test_acvp_vectors.py::test_acvp_vec_kem_keygen[NTRU-HPS-2048-677] 
2026-01-14T17:07:28.0766954Z [gw0] [  6%] SKIPPED tests/test_acvp_vectors.py::test_acvp_vec_kem_keygen[NTRU-HPS-2048-677] 
2026-01-14T17:07:28.0776344Z tests/test_acvp_vectors.py::test_acvp_vec_kem_keygen[NTRU-HPS-4096-821] 
2026-01-14T17:07:28.0782876Z [gw0] [  6%] SKIPPED tests/test_acvp_vectors.py::test_acvp_vec_kem_keygen[NTRU-HPS-4096-821] 
2026-01-14T17:07:28.0792374Z tests/test_acvp_vectors.py::test_acvp_vec_kem_keygen[NTRU-HPS-4096-1229] 
2026-01-14T17:07:28.0798557Z [gw0] [  6%] SKIPPED tests/test_acvp_vectors.py::test_acvp_vec_kem_keygen[NTRU-HPS-4096-1229] 
2026-01-14T17:07:28.0808956Z tests/test_acvp_vectors.py::test_acvp_vec_kem_keygen[NTRU-HRSS-701] 
2026-01-14T17:07:28.0814789Z [gw0] [  6%] SKIPPED tests/test_acvp_vectors.py::test_acvp_vec_kem_keygen[NTRU-HRSS-701] 
2026-01-14T17:07:28.0824845Z tests/test_acvp_vectors.py::test_acvp_vec_kem_keygen[NTRU-HRSS-1373] 
2026-01-14T17:07:28.0831102Z [gw0] [  6%] SKIPPED tests/test_acvp_vectors.py::test_acvp_vec_kem_keygen[NTRU-HRSS-1373] 
2026-01-14T17:07:28.0847610Z tests/test_acvp_vectors.py::test_acvp_vec_kem_keygen[sntrup761] 
2026-01-14T17:07:28.0852208Z [gw0] [  6%] SKIPPED tests/test_acvp_vectors.py::test_acvp_vec_kem_keygen[sntrup761] 
2026-01-14T17:07:28.0863402Z tests/test_acvp_vectors.py::test_acvp_vec_kem_keygen[FrodoKEM-640-AES] 
2026-01-14T17:07:28.0868269Z [gw0] [  6%] SKIPPED tests/test_acvp_vectors.py::test_acvp_vec_kem_keygen[FrodoKEM-640-AES] 
2026-01-14T17:07:28.0879299Z tests/test_acvp_vectors.py::test_acvp_vec_kem_keygen[FrodoKEM-640-SHAKE] 
2026-01-14T17:07:28.0883644Z [gw0] [  6%] SKIPPED tests/test_acvp_vectors.py::test_acvp_vec_kem_keygen[FrodoKEM-640-SHAKE] 
2026-01-14T17:07:28.0894361Z tests/test_acvp_vectors.py::test_acvp_vec_kem_keygen[FrodoKEM-976-AES] 
2026-01-14T17:07:28.0899898Z [gw0] [  6%] SKIPPED tests/test_acvp_vectors.py::test_acvp_vec_kem_keygen[FrodoKEM-976-AES] 
2026-01-14T17:07:28.0909649Z tests/test_acvp_vectors.py::test_acvp_vec_kem_keygen[FrodoKEM-976-SHAKE] 
2026-01-14T17:07:28.0917091Z [gw0] [  6%] SKIPPED tests/test_acvp_vectors.py::test_acvp_vec_kem_keygen[FrodoKEM-976-SHAKE] 
2026-01-14T17:07:28.0926892Z tests/test_acvp_vectors.py::test_acvp_vec_kem_keygen[FrodoKEM-1344-AES] 
2026-01-14T17:07:28.0932805Z [gw0] [  6%] SKIPPED tests/test_acvp_vectors.py::test_acvp_vec_kem_keygen[FrodoKEM-1344-AES] 
2026-01-14T17:07:28.0942277Z tests/test_acvp_vectors.py::test_acvp_vec_kem_keygen[FrodoKEM-1344-SHAKE] 
2026-01-14T17:07:28.0951469Z [gw0] [  6%] SKIPPED tests/test_acvp_vectors.py::test_acvp_vec_kem_keygen[FrodoKEM-1344-SHAKE] 
2026-01-14T17:07:28.0957633Z tests/test_acvp_vectors.py::test_acvp_vec_kem_encdec_aft[BIKE-L1] 
2026-01-14T17:07:28.0964463Z [gw0] [  6%] SKIPPED tests/test_acvp_vectors.py::test_acvp_vec_kem_encdec_aft[BIKE-L1] 
2026-01-14T17:07:28.0974849Z tests/test_acvp_vectors.py::test_acvp_vec_kem_encdec_aft[BIKE-L3] 
2026-01-14T17:07:28.0983419Z [gw0] [  6%] SKIPPED tests/test_acvp_vectors.py::test_acvp_vec_kem_encdec_aft[BIKE-L3] 
2026-01-14T17:07:28.0991413Z tests/test_acvp_vectors.py::test_acvp_vec_kem_encdec_aft[BIKE-L5] 
2026-01-14T17:07:28.0997596Z [gw0] [  6%] SKIPPED tests/test_acvp_vectors.py::test_acvp_vec_kem_encdec_aft[BIKE-L5] 
2026-01-14T17:07:28.1007887Z tests/test_acvp_vectors.py::test_acvp_vec_kem_encdec_aft[Classic-McEliece-348864] 
2026-01-14T17:07:28.1012606Z [gw0] [  6%] SKIPPED tests/test_acvp_vectors.py::test_acvp_vec_kem_encdec_aft[Classic-McEliece-348864] 
2026-01-14T17:07:28.1022640Z tests/test_acvp_vectors.py::test_acvp_vec_kem_encdec_aft[Classic-McEliece-348864f] 
2026-01-14T17:07:28.1029882Z [gw0] [  6%] SKIPPED tests/test_acvp_vectors.py::test_acvp_vec_kem_encdec_aft[Classic-McEliece-348864f] 
2026-01-14T17:07:28.1039259Z tests/test_acvp_vectors.py::test_acvp_vec_kem_encdec_aft[Classic-McEliece-460896] 
2026-01-14T17:07:28.1043604Z [gw0] [  6%] SKIPPED tests/test_acvp_vectors.py::test_acvp_vec_kem_encdec_aft[Classic-McEliece-460896] 
2026-01-14T17:07:28.1054086Z tests/test_acvp_vectors.py::test_acvp_vec_kem_encdec_aft[Classic-McEliece-460896f] 
2026-01-14T17:07:28.1059367Z [gw0] [  6%] SKIPPED tests/test_acvp_vectors.py::test_acvp_vec_kem_encdec_aft[Classic-McEliece-460896f] 
2026-01-14T17:07:28.1070498Z tests/test_acvp_vectors.py::test_acvp_vec_kem_encdec_aft[Classic-McEliece-6688128] 
2026-01-14T17:07:28.1077912Z [gw0] [  7%] SKIPPED tests/test_acvp_vectors.py::test_acvp_vec_kem_encdec_aft[Classic-McEliece-6688128] 
2026-01-14T17:07:28.1087981Z tests/test_acvp_vectors.py::test_acvp_vec_kem_encdec_aft[Classic-McEliece-6688128f] 
2026-01-14T17:07:28.1093694Z [gw0] [  7%] SKIPPED tests/test_acvp_vectors.py::test_acvp_vec_kem_encdec_aft[Classic-McEliece-6688128f] 
2026-01-14T17:07:28.1104232Z tests/test_acvp_vectors.py::test_acvp_vec_kem_encdec_aft[Classic-McEliece-6960119] 
2026-01-14T17:07:28.1111057Z [gw0] [  7%] SKIPPED tests/test_acvp_vectors.py::test_acvp_vec_kem_encdec_aft[Classic-McEliece-6960119] 
2026-01-14T17:07:28.1120895Z tests/test_acvp_vectors.py::test_acvp_vec_kem_encdec_aft[Classic-McEliece-6960119f] 
2026-01-14T17:07:28.1126969Z [gw0] [  7%] SKIPPED tests/test_acvp_vectors.py::test_acvp_vec_kem_encdec_aft[Classic-McEliece-6960119f] 
2026-01-14T17:07:28.1137324Z tests/test_acvp_vectors.py::test_acvp_vec_kem_encdec_aft[Classic-McEliece-8192128] 
2026-01-14T17:07:28.1143044Z [gw0] [  7%] SKIPPED tests/test_acvp_vectors.py::test_acvp_vec_kem_encdec_aft[Classic-McEliece-8192128] 
2026-01-14T17:07:28.1153280Z tests/test_acvp_vectors.py::test_acvp_vec_kem_encdec_aft[Classic-McEliece-8192128f] 
2026-01-14T17:07:28.1161636Z [gw0] [  7%] SKIPPED tests/test_acvp_vectors.py::test_acvp_vec_kem_encdec_aft[Classic-McEliece-8192128f] 
2026-01-14T17:07:28.1170158Z tests/test_acvp_vectors.py::test_acvp_vec_kem_encdec_aft[HQC-128] 
2026-01-14T17:07:28.1176763Z [gw0] [  7%] SKIPPED tests/test_acvp_vectors.py::test_acvp_vec_kem_encdec_aft[HQC-128] 
2026-01-14T17:07:28.1186659Z tests/test_acvp_vectors.py::test_acvp_vec_kem_encdec_aft[HQC-192] 
2026-01-14T17:07:28.1194132Z [gw0] [  7%] SKIPPED tests/test_acvp_vectors.py::test_acvp_vec_kem_encdec_aft[HQC-192] 
2026-01-14T17:07:28.1206157Z tests/test_acvp_vectors.py::test_acvp_vec_kem_encdec_aft[HQC-256] 
2026-01-14T17:07:28.1211510Z [gw0] [  7%] SKIPPED tests/test_acvp_vectors.py::test_acvp_vec_kem_encdec_aft[HQC-256] 
2026-01-14T17:07:28.1222387Z tests/test_acvp_vectors.py::test_acvp_vec_kem_encdec_aft[Kyber512] 
2026-01-14T17:07:28.1227027Z [gw0] [  7%] SKIPPED tests/test_acvp_vectors.py::test_acvp_vec_kem_encdec_aft[Kyber512] 
2026-01-14T17:07:28.1237156Z tests/test_acvp_vectors.py::test_acvp_vec_kem_encdec_aft[Kyber768] 
2026-01-14T17:07:28.1243577Z [gw0] [  7%] SKIPPED tests/test_acvp_vectors.py::test_acvp_vec_kem_encdec_aft[Kyber768] 
2026-01-14T17:07:28.1253045Z tests/test_acvp_vectors.py::test_acvp_vec_kem_encdec_aft[Kyber1024] 
2026-01-14T17:07:28.1257971Z [gw0] [  7%] SKIPPED tests/test_acvp_vectors.py::test_acvp_vec_kem_encdec_aft[Kyber1024] 
2026-01-14T17:07:28.1795359Z tests/test_acvp_vectors.py::test_acvp_vec_kem_encdec_aft[ML-KEM-512] 
2026-01-14T17:07:28.1811996Z [gw1] [  7%] PASSED tests/test_acvp_vectors.py::test_acvp_vec_ml_dsa_sig_ver[ML-DSA-65] 
2026-01-14T17:07:28.3824863Z tests/test_acvp_vectors.py::test_acvp_vec_ml_dsa_sig_ver[ML-DSA-87] 
2026-01-14T17:07:28.3830463Z [gw0] [  7%] PASSED tests/test_acvp_vectors.py::test_acvp_vec_kem_encdec_aft[ML-KEM-512] 
2026-01-14T17:07:28.5296517Z tests/test_acvp_vectors.py::test_acvp_vec_kem_encdec_aft[ML-KEM-768] 
2026-01-14T17:07:28.5319747Z [gw1] [  7%] PASSED tests/test_acvp_vectors.py::test_acvp_vec_ml_dsa_sig_ver[ML-DSA-87] 
2026-01-14T17:07:28.5320724Z tests/test_acvp_vectors.py::test_acvp_vec_ml_dsa_sig_ver[Falcon-512] 
2026-01-14T17:07:28.5323731Z [gw1] [  7%] SKIPPED tests/test_acvp_vectors.py::test_acvp_vec_ml_dsa_sig_ver[Falcon-512] 
2026-01-14T17:07:28.5336947Z tests/test_acvp_vectors.py::test_acvp_vec_ml_dsa_sig_ver[Falcon-1024] 
2026-01-14T17:07:28.5342807Z [gw1] [  7%] SKIPPED tests/test_acvp_vectors.py::test_acvp_vec_ml_dsa_sig_ver[Falcon-1024] 
2026-01-14T17:07:28.5352947Z tests/test_acvp_vectors.py::test_acvp_vec_ml_dsa_sig_ver[Falcon-padded-512] 
2026-01-14T17:07:28.5358277Z [gw1] [  7%] SKIPPED tests/test_acvp_vectors.py::test_acvp_vec_ml_dsa_sig_ver[Falcon-padded-512] 
2026-01-14T17:07:28.5368917Z tests/test_acvp_vectors.py::test_acvp_vec_ml_dsa_sig_ver[Falcon-padded-1024] 
2026-01-14T17:07:28.5374424Z [gw1] [  7%] SKIPPED tests/test_acvp_vectors.py::test_acvp_vec_ml_dsa_sig_ver[Falcon-padded-1024] 
2026-01-14T17:07:28.5385168Z tests/test_acvp_vectors.py::test_acvp_vec_ml_dsa_sig_ver[SPHINCS+-SHA2-128f-simple] 
2026-01-14T17:07:28.5391315Z [gw1] [  7%] SKIPPED tests/test_acvp_vectors.py::test_acvp_vec_ml_dsa_sig_ver[SPHINCS+-SHA2-128f-simple] 
2026-01-14T17:07:28.5404476Z tests/test_acvp_vectors.py::test_acvp_vec_ml_dsa_sig_ver[SPHINCS+-SHA2-128s-simple] 
2026-01-14T17:07:28.5407069Z [gw1] [  7%] SKIPPED tests/test_acvp_vectors.py::test_acvp_vec_ml_dsa_sig_ver[SPHINCS+-SHA2-128s-simple] 
2026-01-14T17:07:28.5418161Z tests/test_acvp_vectors.py::test_acvp_vec_ml_dsa_sig_ver[SPHINCS+-SHA2-192f-simple] 
2026-01-14T17:07:28.5424228Z [gw1] [  7%] SKIPPED tests/test_acvp_vectors.py::test_acvp_vec_ml_dsa_sig_ver[SPHINCS+-SHA2-192f-simple] 
2026-01-14T17:07:28.5433907Z tests/test_acvp_vectors.py::test_acvp_vec_ml_dsa_sig_ver[SPHINCS+-SHA2-192s-simple] 
2026-01-14T17:07:28.5438995Z [gw1] [  7%] SKIPPED tests/test_acvp_vectors.py::test_acvp_vec_ml_dsa_sig_ver[SPHINCS+-SHA2-192s-simple] 
2026-01-14T17:07:28.5449358Z tests/test_acvp_vectors.py::test_acvp_vec_ml_dsa_sig_ver[SPHINCS+-SHA2-256f-simple] 
2026-01-14T17:07:28.5455527Z [gw1] [  7%] SKIPPED tests/test_acvp_vectors.py::test_acvp_vec_ml_dsa_sig_ver[SPHINCS+-SHA2-256f-simple] 
2026-01-14T17:07:28.5465085Z tests/test_acvp_vectors.py::test_acvp_vec_ml_dsa_sig_ver[SPHINCS+-SHA2-256s-simple] 
2026-01-14T17:07:28.5471640Z [gw1] [  7%] SKIPPED tests/test_acvp_vectors.py::test_acvp_vec_ml_dsa_sig_ver[SPHINCS+-SHA2-256s-simple] 
2026-01-14T17:07:28.5482137Z tests/test_acvp_vectors.py::test_acvp_vec_ml_dsa_sig_ver[SPHINCS+-SHAKE-128f-simple] 
2026-01-14T17:07:28.5487875Z [gw1] [  7%] SKIPPED tests/test_acvp_vectors.py::test_acvp_vec_ml_dsa_sig_ver[SPHINCS+-SHAKE-128f-simple] 
2026-01-14T17:07:28.5497205Z tests/test_acvp_vectors.py::test_acvp_vec_ml_dsa_sig_ver[SPHINCS+-SHAKE-128s-simple] 
2026-01-14T17:07:28.5502916Z [gw1] [  7%] SKIPPED tests/test_acvp_vectors.py::test_acvp_vec_ml_dsa_sig_ver[SPHINCS+-SHAKE-128s-simple] 
2026-01-14T17:07:28.5511786Z tests/test_acvp_vectors.py::test_acvp_vec_ml_dsa_sig_ver[SPHINCS+-SHAKE-192f-simple] 
2026-01-14T17:07:28.5517718Z [gw1] [  7%] SKIPPED tests/test_acvp_vectors.py::test_acvp_vec_ml_dsa_sig_ver[SPHINCS+-SHAKE-192f-simple] 
2026-01-14T17:07:28.5527986Z tests/test_acvp_vectors.py::test_acvp_vec_ml_dsa_sig_ver[SPHINCS+-SHAKE-192s-simple] 
2026-01-14T17:07:28.5535517Z [gw1] [  7%] SKIPPED tests/test_acvp_vectors.py::test_acvp_vec_ml_dsa_sig_ver[SPHINCS+-SHAKE-192s-simple] 
2026-01-14T17:07:28.5545715Z tests/test_acvp_vectors.py::test_acvp_vec_ml_dsa_sig_ver[SPHINCS+-SHAKE-256f-simple] 
2026-01-14T17:07:28.5551608Z [gw1] [  7%] SKIPPED tests/test_acvp_vectors.py::test_acvp_vec_ml_dsa_sig_ver[SPHINCS+-SHAKE-256f-simple] 
2026-01-14T17:07:28.5562794Z tests/test_acvp_vectors.py::test_acvp_vec_ml_dsa_sig_ver[SPHINCS+-SHAKE-256s-simple] 
2026-01-14T17:07:28.5568480Z [gw1] [  8%] SKIPPED tests/test_acvp_vectors.py::test_acvp_vec_ml_dsa_sig_ver[SPHINCS+-SHAKE-256s-simple] 
2026-01-14T17:07:28.5578091Z tests/test_acvp_vectors.py::test_acvp_vec_ml_dsa_sig_ver[MAYO-1] 
2026-01-14T17:07:28.5583992Z [gw1] [  8%] SKIPPED tests/test_acvp_vectors.py::test_acvp_vec_ml_dsa_sig_ver[MAYO-1] 
2026-01-14T17:07:28.5594286Z tests/test_acvp_vectors.py::test_acvp_vec_ml_dsa_sig_ver[MAYO-2] 
2026-01-14T17:07:28.5601528Z [gw1] [  8%] SKIPPED tests/test_acvp_vectors.py::test_acvp_vec_ml_dsa_sig_ver[MAYO-2] 
2026-01-14T17:07:28.5611705Z tests/test_acvp_vectors.py::test_acvp_vec_ml_dsa_sig_ver[MAYO-3] 
2026-01-14T17:07:28.5616440Z [gw1] [  8%] SKIPPED tests/test_acvp_vectors.py::test_acvp_vec_ml_dsa_sig_ver[MAYO-3] 
2026-01-14T17:07:28.5627042Z tests/test_acvp_vectors.py::test_acvp_vec_ml_dsa_sig_ver[MAYO-5] 
2026-01-14T17:07:28.5633006Z [gw1] [  8%] SKIPPED tests/test_acvp_vectors.py::test_acvp_vec_ml_dsa_sig_ver[MAYO-5] 
2026-01-14T17:07:28.5644099Z tests/test_acvp_vectors.py::test_acvp_vec_ml_dsa_sig_ver[cross-rsdp-128-balanced] 
2026-01-14T17:07:28.5652125Z [gw1] [  8%] SKIPPED tests/test_acvp_vectors.py::test_acvp_vec_ml_dsa_sig_ver[cross-rsdp-128-balanced] 
2026-01-14T17:07:28.5662678Z tests/test_acvp_vectors.py::test_acvp_vec_ml_dsa_sig_ver[cross-rsdp-128-fast] 
2026-01-14T17:07:28.5670088Z [gw1] [  8%] SKIPPED tests/test_acvp_vectors.py::test_acvp_vec_ml_dsa_sig_ver[cross-rsdp-128-fast] 
2026-01-14T17:07:28.5679323Z tests/test_acvp_vectors.py::test_acvp_vec_ml_dsa_sig_ver[cross-rsdp-128-small] 
2026-01-14T17:07:28.5684353Z [gw1] [  8%] SKIPPED tests/test_acvp_vectors.py::test_acvp_vec_ml_dsa_sig_ver[cross-rsdp-128-small] 
2026-01-14T17:07:28.5696013Z tests/test_acvp_vectors.py::test_acvp_vec_ml_dsa_sig_ver[cross-rsdp-192-balanced] 
2026-01-14T17:07:28.5700778Z [gw1] [  8%] SKIPPED tests/test_acvp_vectors.py::test_acvp_vec_ml_dsa_sig_ver[cross-rsdp-192-balanced] 
2026-01-14T17:07:28.5712139Z tests/test_acvp_vectors.py::test_acvp_vec_ml_dsa_sig_ver[cross-rsdp-192-fast] 
2026-01-14T17:07:28.5718324Z [gw1] [  8%] SKIPPED tests/test_acvp_vectors.py::test_acvp_vec_ml_dsa_sig_ver[cross-rsdp-192-fast] 
2026-01-14T17:07:28.5729201Z tests/test_acvp_vectors.py::test_acvp_vec_ml_dsa_sig_ver[cross-rsdp-192-small] 
2026-01-14T17:07:28.5733508Z [gw1] [  8%] SKIPPED tests/test_acvp_vectors.py::test_acvp_vec_ml_dsa_sig_ver[cross-rsdp-192-small] 
2026-01-14T17:07:28.5745227Z tests/test_acvp_vectors.py::test_acvp_vec_ml_dsa_sig_ver[cross-rsdp-256-balanced] 
2026-01-14T17:07:28.5751328Z [gw1] [  8%] SKIPPED tests/test_acvp_vectors.py::test_acvp_vec_ml_dsa_sig_ver[cross-rsdp-256-balanced] 
2026-01-14T17:07:28.5761581Z tests/test_acvp_vectors.py::test_acvp_vec_ml_dsa_sig_ver[cross-rsdp-256-fast] 
2026-01-14T17:07:28.5768268Z [gw1] [  8%] SKIPPED tests/test_acvp_vectors.py::test_acvp_vec_ml_dsa_sig_ver[cross-rsdp-256-fast] 
2026-01-14T17:07:28.5780053Z tests/test_acvp_vectors.py::test_acvp_vec_ml_dsa_sig_ver[cross-rsdp-256-small] 
2026-01-14T17:07:28.5784861Z [gw1] [  8%] SKIPPED tests/test_acvp_vectors.py::test_acvp_vec_ml_dsa_sig_ver[cross-rsdp-256-small] 
2026-01-14T17:07:28.5796213Z tests/test_acvp_vectors.py::test_acvp_vec_ml_dsa_sig_ver[cross-rsdpg-128-balanced] 
2026-01-14T17:07:28.5801988Z [gw1] [  8%] SKIPPED tests/test_acvp_vectors.py::test_acvp_vec_ml_dsa_sig_ver[cross-rsdpg-128-balanced] 
2026-01-14T17:07:28.5813374Z tests/test_acvp_vectors.py::test_acvp_vec_ml_dsa_sig_ver[cross-rsdpg-128-fast] 
2026-01-14T17:07:28.5817446Z [gw1] [  8%] SKIPPED tests/test_acvp_vectors.py::test_acvp_vec_ml_dsa_sig_ver[cross-rsdpg-128-fast] 
2026-01-14T17:07:28.5828495Z tests/test_acvp_vectors.py::test_acvp_vec_ml_dsa_sig_ver[cross-rsdpg-128-small] 
2026-01-14T17:07:28.5833994Z [gw1] [  8%] SKIPPED tests/test_acvp_vectors.py::test_acvp_vec_ml_dsa_sig_ver[cross-rsdpg-128-small] 
2026-01-14T17:07:28.5846276Z tests/test_acvp_vectors.py::test_acvp_vec_ml_dsa_sig_ver[cross-rsdpg-192-balanced] 
2026-01-14T17:07:28.5851943Z [gw1] [  8%] SKIPPED tests/test_acvp_vectors.py::test_acvp_vec_ml_dsa_sig_ver[cross-rsdpg-192-balanced] 
2026-01-14T17:07:28.5861658Z tests/test_acvp_vectors.py::test_acvp_vec_ml_dsa_sig_ver[cross-rsdpg-192-fast] 
2026-01-14T17:07:28.5866474Z [gw1] [  8%] SKIPPED tests/test_acvp_vectors.py::test_acvp_vec_ml_dsa_sig_ver[cross-rsdpg-192-fast] 
2026-01-14T17:07:28.5878342Z tests/test_acvp_vectors.py::test_acvp_vec_ml_dsa_sig_ver[cross-rsdpg-192-small] 
2026-01-14T17:07:28.5885987Z [gw1] [  8%] SKIPPED tests/test_acvp_vectors.py::test_acvp_vec_ml_dsa_sig_ver[cross-rsdpg-192-small] 
2026-01-14T17:07:28.5897335Z tests/test_acvp_vectors.py::test_acvp_vec_ml_dsa_sig_ver[cross-rsdpg-256-balanced] 
2026-01-14T17:07:28.5902658Z [gw1] [  8%] SKIPPED tests/test_acvp_vectors.py::test_acvp_vec_ml_dsa_sig_ver[cross-rsdpg-256-balanced] 
2026-01-14T17:07:28.5913633Z tests/test_acvp_vectors.py::test_acvp_vec_ml_dsa_sig_ver[cross-rsdpg-256-fast] 
2026-01-14T17:07:28.5919712Z [gw1] [  8%] SKIPPED tests/test_acvp_vectors.py::test_acvp_vec_ml_dsa_sig_ver[cross-rsdpg-256-fast] 
2026-01-14T17:07:28.5929879Z tests/test_acvp_vectors.py::test_acvp_vec_ml_dsa_sig_ver[cross-rsdpg-256-small] 
2026-01-14T17:07:28.5935089Z [gw1] [  8%] SKIPPED tests/test_acvp_vectors.py::test_acvp_vec_ml_dsa_sig_ver[cross-rsdpg-256-small] 
2026-01-14T17:07:28.5946288Z tests/test_acvp_vectors.py::test_acvp_vec_ml_dsa_sig_ver[OV-Is] 
2026-01-14T17:07:28.5951741Z [gw1] [  8%] SKIPPED tests/test_acvp_vectors.py::test_acvp_vec_ml_dsa_sig_ver[OV-Is] 
2026-01-14T17:07:28.5962862Z tests/test_acvp_vectors.py::test_acvp_vec_ml_dsa_sig_ver[OV-Ip] 
2026-01-14T17:07:28.5968607Z [gw1] [  8%] SKIPPED tests/test_acvp_vectors.py::test_acvp_vec_ml_dsa_sig_ver[OV-Ip] 
2026-01-14T17:07:28.5979441Z tests/test_acvp_vectors.py::test_acvp_vec_ml_dsa_sig_ver[OV-III] 
2026-01-14T17:07:28.5985428Z [gw1] [  8%] SKIPPED tests/test_acvp_vectors.py::test_acvp_vec_ml_dsa_sig_ver[OV-III] 
2026-01-14T17:07:28.5996997Z tests/test_acvp_vectors.py::test_acvp_vec_ml_dsa_sig_ver[OV-V] 
2026-01-14T17:07:28.6005709Z [gw1] [  8%] SKIPPED tests/test_acvp_vectors.py::test_acvp_vec_ml_dsa_sig_ver[OV-V] 
2026-01-14T17:07:28.6017269Z tests/test_acvp_vectors.py::test_acvp_vec_ml_dsa_sig_ver[OV-Is-pkc] 
2026-01-14T17:07:28.6021581Z [gw1] [  8%] SKIPPED tests/test_acvp_vectors.py::test_acvp_vec_ml_dsa_sig_ver[OV-Is-pkc] 
2026-01-14T17:07:28.6032061Z tests/test_acvp_vectors.py::test_acvp_vec_ml_dsa_sig_ver[OV-Ip-pkc] 
2026-01-14T17:07:28.6038247Z [gw1] [  8%] SKIPPED tests/test_acvp_vectors.py::test_acvp_vec_ml_dsa_sig_ver[OV-Ip-pkc] 
2026-01-14T17:07:28.6048930Z tests/test_acvp_vectors.py::test_acvp_vec_ml_dsa_sig_ver[OV-III-pkc] 
2026-01-14T17:07:28.6055723Z [gw1] [  8%] SKIPPED tests/test_acvp_vectors.py::test_acvp_vec_ml_dsa_sig_ver[OV-III-pkc] 
2026-01-14T17:07:28.6066901Z tests/test_acvp_vectors.py::test_acvp_vec_ml_dsa_sig_ver[OV-V-pkc] 
2026-01-14T17:07:28.6075929Z [gw1] [  8%] SKIPPED tests/test_acvp_vectors.py::test_acvp_vec_ml_dsa_sig_ver[OV-V-pkc] 
2026-01-14T17:07:28.6084546Z tests/test_acvp_vectors.py::test_acvp_vec_ml_dsa_sig_ver[OV-Is-pkc-skc] 
2026-01-14T17:07:28.6089902Z [gw1] [  9%] SKIPPED tests/test_acvp_vectors.py::test_acvp_vec_ml_dsa_sig_ver[OV-Is-pkc-skc] 
2026-01-14T17:07:28.6101387Z tests/test_acvp_vectors.py::test_acvp_vec_ml_dsa_sig_ver[OV-Ip-pkc-skc] 
2026-01-14T17:07:28.6106910Z [gw1] [  9%] SKIPPED tests/test_acvp_vectors.py::test_acvp_vec_ml_dsa_sig_ver[OV-Ip-pkc-skc] 
2026-01-14T17:07:28.6117279Z tests/test_acvp_vectors.py::test_acvp_vec_ml_dsa_sig_ver[OV-III-pkc-skc] 
2026-01-14T17:07:28.6125483Z [gw1] [  9%] SKIPPED tests/test_acvp_vectors.py::test_acvp_vec_ml_dsa_sig_ver[OV-III-pkc-skc] 
2026-01-14T17:07:28.6137083Z tests/test_acvp_vectors.py::test_acvp_vec_ml_dsa_sig_ver[OV-V-pkc-skc] 
2026-01-14T17:07:28.6141451Z [gw1] [  9%] SKIPPED tests/test_acvp_vectors.py::test_acvp_vec_ml_dsa_sig_ver[OV-V-pkc-skc] 
2026-01-14T17:07:28.6153322Z tests/test_acvp_vectors.py::test_acvp_vec_ml_dsa_sig_ver[SNOVA_24_5_4] 
2026-01-14T17:07:28.6159705Z [gw1] [  9%] SKIPPED tests/test_acvp_vectors.py::test_acvp_vec_ml_dsa_sig_ver[SNOVA_24_5_4] 
2026-01-14T17:07:28.6170566Z tests/test_acvp_vectors.py::test_acvp_vec_ml_dsa_sig_ver[SNOVA_24_5_4_SHAKE] 
2026-01-14T17:07:28.6174212Z [gw1] [  9%] SKIPPED tests/test_acvp_vectors.py::test_acvp_vec_ml_dsa_sig_ver[SNOVA_24_5_4_SHAKE] 
2026-01-14T17:07:28.6185440Z tests/test_acvp_vectors.py::test_acvp_vec_ml_dsa_sig_ver[SNOVA_24_5_4_esk] 
2026-01-14T17:07:28.6191919Z [gw1] [  9%] SKIPPED tests/test_acvp_vectors.py::test_acvp_vec_ml_dsa_sig_ver[SNOVA_24_5_4_esk] 
2026-01-14T17:07:28.6203072Z tests/test_acvp_vectors.py::test_acvp_vec_ml_dsa_sig_ver[SNOVA_24_5_4_SHAKE_esk] 
2026-01-14T17:07:28.6207687Z [gw1] [  9%] SKIPPED tests/test_acvp_vectors.py::test_acvp_vec_ml_dsa_sig_ver[SNOVA_24_5_4_SHAKE_esk] 
2026-01-14T17:07:28.6219499Z tests/test_acvp_vectors.py::test_acvp_vec_ml_dsa_sig_ver[SNOVA_37_17_2] 
2026-01-14T17:07:28.6225561Z [gw1] [  9%] SKIPPED tests/test_acvp_vectors.py::test_acvp_vec_ml_dsa_sig_ver[SNOVA_37_17_2] 
2026-01-14T17:07:28.6235612Z tests/test_acvp_vectors.py::test_acvp_vec_ml_dsa_sig_ver[SNOVA_25_8_3] 
2026-01-14T17:07:28.6242750Z [gw1] [  9%] SKIPPED tests/test_acvp_vectors.py::test_acvp_vec_ml_dsa_sig_ver[SNOVA_25_8_3] 
2026-01-14T17:07:28.6255225Z tests/test_acvp_vectors.py::test_acvp_vec_ml_dsa_sig_ver[SNOVA_56_25_2] 
2026-01-14T17:07:28.6260373Z [gw1] [  9%] SKIPPED tests/test_acvp_vectors.py::test_acvp_vec_ml_dsa_sig_ver[SNOVA_56_25_2] 
2026-01-14T17:07:28.6271559Z tests/test_acvp_vectors.py::test_acvp_vec_ml_dsa_sig_ver[SNOVA_49_11_3] 
2026-01-14T17:07:28.6278742Z [gw1] [  9%] SKIPPED tests/test_acvp_vectors.py::test_acvp_vec_ml_dsa_sig_ver[SNOVA_49_11_3] 
2026-01-14T17:07:28.6288424Z tests/test_acvp_vectors.py::test_acvp_vec_ml_dsa_sig_ver[SNOVA_37_8_4] 
2026-01-14T17:07:28.6295161Z [gw1] [  9%] SKIPPED tests/test_acvp_vectors.py::test_acvp_vec_ml_dsa_sig_ver[SNOVA_37_8_4] 
2026-01-14T17:07:28.6309778Z tests/test_acvp_vectors.py::test_acvp_vec_ml_dsa_sig_ver[SNOVA_24_5_5] 
2026-01-14T17:07:28.6314199Z [gw1] [  9%] SKIPPED tests/test_acvp_vectors.py::test_acvp_vec_ml_dsa_sig_ver[SNOVA_24_5_5] 
2026-01-14T17:07:28.6329955Z tests/test_acvp_vectors.py::test_acvp_vec_ml_dsa_sig_ver[SNOVA_60_10_4] 
2026-01-14T17:07:28.6334308Z [gw1] [  9%] SKIPPED tests/test_acvp_vectors.py::test_acvp_vec_ml_dsa_sig_ver[SNOVA_60_10_4] 
2026-01-14T17:07:28.6345467Z tests/test_acvp_vectors.py::test_acvp_vec_ml_dsa_sig_ver[SNOVA_29_6_5] 
2026-01-14T17:07:28.6350957Z [gw1] [  9%] SKIPPED tests/test_acvp_vectors.py::test_acvp_vec_ml_dsa_sig_ver[SNOVA_29_6_5] 
2026-01-14T17:07:28.6363346Z tests/test_acvp_vectors.py::test_acvp_vec_ml_dsa_sig_ver[SLH_DSA_PURE_SHA2_128S] 
2026-01-14T17:07:28.6371585Z [gw1] [  9%] SKIPPED tests/test_acvp_vectors.py::test_acvp_vec_ml_dsa_sig_ver[SLH_DSA_PURE_SHA2_128S] 
2026-01-14T17:07:28.6383996Z tests/test_acvp_vectors.py::test_acvp_vec_ml_dsa_sig_ver[SLH_DSA_PURE_SHA2_128F] 
2026-01-14T17:07:28.6389383Z [gw1] [  9%] SKIPPED tests/test_acvp_vectors.py::test_acvp_vec_ml_dsa_sig_ver[SLH_DSA_PURE_SHA2_128F] 
2026-01-14T17:07:28.6401216Z tests/test_acvp_vectors.py::test_acvp_vec_ml_dsa_sig_ver[SLH_DSA_PURE_SHA2_192S] 
2026-01-14T17:07:28.6407599Z [gw1] [  9%] SKIPPED tests/test_acvp_vectors.py::test_acvp_vec_ml_dsa_sig_ver[SLH_DSA_PURE_SHA2_192S] 
2026-01-14T17:07:28.6419062Z tests/test_acvp_vectors.py::test_acvp_vec_ml_dsa_sig_ver[SLH_DSA_PURE_SHA2_192F] 
2026-01-14T17:07:28.6424448Z [gw1] [  9%] SKIPPED tests/test_acvp_vectors.py::test_acvp_vec_ml_dsa_sig_ver[SLH_DSA_PURE_SHA2_192F] 
2026-01-14T17:07:28.6436412Z tests/test_acvp_vectors.py::test_acvp_vec_ml_dsa_sig_ver[SLH_DSA_PURE_SHA2_256S] 
2026-01-14T17:07:28.6444864Z [gw1] [  9%] SKIPPED tests/test_acvp_vectors.py::test_acvp_vec_ml_dsa_sig_ver[SLH_DSA_PURE_SHA2_256S] 
2026-01-14T17:07:28.6455145Z tests/test_acvp_vectors.py::test_acvp_vec_ml_dsa_sig_ver[SLH_DSA_PURE_SHA2_256F] 
2026-01-14T17:07:28.6460484Z [gw1] [  9%] SKIPPED tests/test_acvp_vectors.py::test_acvp_vec_ml_dsa_sig_ver[SLH_DSA_PURE_SHA2_256F] 
2026-01-14T17:07:28.6472832Z tests/test_acvp_vectors.py::test_acvp_vec_ml_dsa_sig_ver[SLH_DSA_PURE_SHAKE_128S] 
2026-01-14T17:07:28.6478404Z [gw1] [  9%] SKIPPED tests/test_acvp_vectors.py::test_acvp_vec_ml_dsa_sig_ver[SLH_DSA_PURE_SHAKE_128S] 
2026-01-14T17:07:28.6491443Z tests/test_acvp_vectors.py::test_acvp_vec_ml_dsa_sig_ver[SLH_DSA_PURE_SHAKE_128F] 
2026-01-14T17:07:28.6502798Z [gw1] [  9%] SKIPPED tests/test_acvp_vectors.py::test_acvp_vec_ml_dsa_sig_ver[SLH_DSA_PURE_SHAKE_128F] 
2026-01-14T17:07:28.6516930Z tests/test_acvp_vectors.py::test_acvp_vec_ml_dsa_sig_ver[SLH_DSA_PURE_SHAKE_192S] 
2026-01-14T17:07:28.6521933Z [gw1] [  9%] SKIPPED tests/test_acvp_vectors.py::test_acvp_vec_ml_dsa_sig_ver[SLH_DSA_PURE_SHAKE_192S] 
2026-01-14T17:07:28.6534533Z tests/test_acvp_vectors.py::test_acvp_vec_ml_dsa_sig_ver[SLH_DSA_PURE_SHAKE_192F] 
2026-01-14T17:07:28.6540840Z [gw1] [  9%] SKIPPED tests/test_acvp_vectors.py::test_acvp_vec_ml_dsa_sig_ver[SLH_DSA_PURE_SHAKE_192F] 
2026-01-14T17:07:28.6552344Z tests/test_acvp_vectors.py::test_acvp_vec_ml_dsa_sig_ver[SLH_DSA_PURE_SHAKE_256S] 
2026-01-14T17:07:28.6557870Z [gw1] [  9%] SKIPPED tests/test_acvp_vectors.py::test_acvp_vec_ml_dsa_sig_ver[SLH_DSA_PURE_SHAKE_256S] 
2026-01-14T17:07:28.6570783Z tests/test_acvp_vectors.py::test_acvp_vec_ml_dsa_sig_ver[SLH_DSA_PURE_SHAKE_256F] 
2026-01-14T17:07:28.6576543Z [gw1] [  9%] SKIPPED tests/test_acvp_vectors.py::test_acvp_vec_ml_dsa_sig_ver[SLH_DSA_PURE_SHAKE_256F] 
2026-01-14T17:07:28.6587783Z tests/test_acvp_vectors.py::test_acvp_vec_ml_dsa_sig_ver[SLH_DSA_SHA2_224_PREHASH_SHA2_128S] 
2026-01-14T17:07:28.6594009Z [gw1] [  9%] SKIPPED tests/test_acvp_vectors.py::test_acvp_vec_ml_dsa_sig_ver[SLH_DSA_SHA2_224_PREHASH_SHA2_128S] 
2026-01-14T17:07:28.6605446Z tests/test_acvp_vectors.py::test_acvp_vec_ml_dsa_sig_ver[SLH_DSA_SHA2_224_PREHASH_SHA2_128F] 
2026-01-14T17:07:28.6611199Z [gw1] [  9%] SKIPPED tests/test_acvp_vectors.py::test_acvp_vec_ml_dsa_sig_ver[SLH_DSA_SHA2_224_PREHASH_SHA2_128F] 
2026-01-14T17:07:28.6623206Z tests/test_acvp_vectors.py::test_acvp_vec_ml_dsa_sig_ver[SLH_DSA_SHA2_224_PREHASH_SHA2_192S] 
2026-01-14T17:07:28.6631141Z [gw1] [  9%] SKIPPED tests/test_acvp_vectors.py::test_acvp_vec_ml_dsa_sig_ver[SLH_DSA_SHA2_224_PREHASH_SHA2_192S] 
2026-01-14T17:07:28.6642712Z tests/test_acvp_vectors.py::test_acvp_vec_ml_dsa_sig_ver[SLH_DSA_SHA2_224_PREHASH_SHA2_192F] 
2026-01-14T17:07:28.6648579Z [gw1] [ 10%] SKIPPED tests/test_acvp_vectors.py::test_acvp_vec_ml_dsa_sig_ver[SLH_DSA_SHA2_224_PREHASH_SHA2_192F] 
2026-01-14T17:07:28.6660867Z tests/test_acvp_vectors.py::test_acvp_vec_ml_dsa_sig_ver[SLH_DSA_SHA2_224_PREHASH_SHA2_256S] 
2026-01-14T17:07:28.6670008Z [gw1] [ 10%] SKIPPED tests/test_acvp_vectors.py::test_acvp_vec_ml_dsa_sig_ver[SLH_DSA_SHA2_224_PREHASH_SHA2_256S] 
2026-01-14T17:07:28.6684507Z tests/test_acvp_vectors.py::test_acvp_vec_ml_dsa_sig_ver[SLH_DSA_SHA2_224_PREHASH_SHA2_256F] 
2026-01-14T17:07:28.6689414Z [gw1] [ 10%] SKIPPED tests/test_acvp_vectors.py::test_acvp_vec_ml_dsa_sig_ver[SLH_DSA_SHA2_224_PREHASH_SHA2_256F] 
2026-01-14T17:07:28.6700309Z tests/test_acvp_vectors.py::test_acvp_vec_ml_dsa_sig_ver[SLH_DSA_SHA2_224_PREHASH_SHAKE_128S] 
2026-01-14T17:07:28.6706079Z [gw1] [ 10%] SKIPPED tests/test_acvp_vectors.py::test_acvp_vec_ml_dsa_sig_ver[SLH_DSA_SHA2_224_PREHASH_SHAKE_128S] 
2026-01-14T17:07:28.6717752Z tests/test_acvp_vectors.py::test_acvp_vec_ml_dsa_sig_ver[SLH_DSA_SHA2_224_PREHASH_SHAKE_128F] 
2026-01-14T17:07:28.6723429Z [gw1] [ 10%] SKIPPED tests/test_acvp_vectors.py::test_acvp_vec_ml_dsa_sig_ver[SLH_DSA_SHA2_224_PREHASH_SHAKE_128F] 
2026-01-14T17:07:28.6735347Z tests/test_acvp_vectors.py::test_acvp_vec_ml_dsa_sig_ver[SLH_DSA_SHA2_224_PREHASH_SHAKE_192S] 
2026-01-14T17:07:28.6741304Z [gw1] [ 10%] SKIPPED tests/test_acvp_vectors.py::test_acvp_vec_ml_dsa_sig_ver[SLH_DSA_SHA2_224_PREHASH_SHAKE_192S] 
2026-01-14T17:07:28.6752132Z tests/test_acvp_vectors.py::test_acvp_vec_ml_dsa_sig_ver[SLH_DSA_SHA2_224_PREHASH_SHAKE_192F] 
2026-01-14T17:07:28.6759271Z [gw1] [ 10%] SKIPPED tests/test_acvp_vectors.py::test_acvp_vec_ml_dsa_sig_ver[SLH_DSA_SHA2_224_PREHASH_SHAKE_192F] 
2026-01-14T17:07:28.6772690Z tests/test_acvp_vectors.py::test_acvp_vec_ml_dsa_sig_ver[SLH_DSA_SHA2_224_PREHASH_SHAKE_256S] 
2026-01-14T17:07:28.6778070Z [gw1] [ 10%] SKIPPED tests/test_acvp_vectors.py::test_acvp_vec_ml_dsa_sig_ver[SLH_DSA_SHA2_224_PREHASH_SHAKE_256S] 
2026-01-14T17:07:28.6788602Z tests/test_acvp_vectors.py::test_acvp_vec_ml_dsa_sig_ver[SLH_DSA_SHA2_224_PREHASH_SHAKE_256F] 
2026-01-14T17:07:28.6794013Z [gw1] [ 10%] SKIPPED tests/test_acvp_vectors.py::test_acvp_vec_ml_dsa_sig_ver[SLH_DSA_SHA2_224_PREHASH_SHAKE_256F] 
2026-01-14T17:07:28.6806561Z tests/test_acvp_vectors.py::test_acvp_vec_ml_dsa_sig_ver[SLH_DSA_SHA2_256_PREHASH_SHA2_128S] 
2026-01-14T17:07:28.6811651Z [gw1] [ 10%] SKIPPED tests/test_acvp_vectors.py::test_acvp_vec_ml_dsa_sig_ver[SLH_DSA_SHA2_256_PREHASH_SHA2_128S] 
2026-01-14T17:07:28.6823935Z tests/test_acvp_vectors.py::test_acvp_vec_ml_dsa_sig_ver[SLH_DSA_SHA2_256_PREHASH_SHA2_128F] 
2026-01-14T17:07:28.6846827Z [gw1] [ 10%] SKIPPED tests/test_acvp_vectors.py::test_acvp_vec_ml_dsa_sig_ver[SLH_DSA_SHA2_256_PREHASH_SHA2_128F] 
2026-01-14T17:07:28.6848694Z tests/test_acvp_vectors.py::test_acvp_vec_ml_dsa_sig_ver[SLH_DSA_SHA2_256_PREHASH_SHA2_192S] 
2026-01-14T17:07:28.6849885Z [gw1] [ 10%] SKIPPED tests/test_acvp_vectors.py::test_acvp_vec_ml_dsa_sig_ver[SLH_DSA_SHA2_256_PREHASH_SHA2_192S] 
2026-01-14T17:07:28.6852799Z tests/test_acvp_vectors.py::test_acvp_vec_ml_dsa_sig_ver[SLH_DSA_SHA2_256_PREHASH_SHA2_192F] 
2026-01-14T17:07:28.6865812Z [gw0] [ 10%] PASSED tests/test_acvp_vectors.py::test_acvp_vec_kem_encdec_aft[ML-KEM-768] 
2026-01-14T17:07:28.6866722Z tests/test_acvp_vectors.py::test_acvp_vec_kem_encdec_aft[ML-KEM-1024] 
2026-01-14T17:07:28.6871217Z [gw1] [ 10%] SKIPPED tests/test_acvp_vectors.py::test_acvp_vec_ml_dsa_sig_ver[SLH_DSA_SHA2_256_PREHASH_SHA2_192F] 
2026-01-14T17:07:28.6877195Z tests/test_acvp_vectors.py::test_acvp_vec_ml_dsa_sig_ver[SLH_DSA_SHA2_256_PREHASH_SHA2_256S] 
2026-01-14T17:07:28.6888980Z [gw1] [ 10%] SKIPPED tests/test_acvp_vectors.py::test_acvp_vec_ml_dsa_sig_ver[SLH_DSA_SHA2_256_PREHASH_SHA2_256S] 
2026-01-14T17:07:28.6897303Z tests/test_acvp_vectors.py::test_acvp_vec_ml_dsa_sig_ver[SLH_DSA_SHA2_256_PREHASH_SHA2_256F] 
2026-01-14T17:07:28.6903023Z [gw1] [ 10%] SKIPPED tests/test_acvp_vectors.py::test_acvp_vec_ml_dsa_sig_ver[SLH_DSA_SHA2_256_PREHASH_SHA2_256F] 
2026-01-14T17:07:28.6938650Z tests/test_acvp_vectors.py::test_acvp_vec_ml_dsa_sig_ver[SLH_DSA_SHA2_256_PREHASH_SHAKE_128S] 
2026-01-14T17:07:28.6939830Z [gw1] [ 10%] SKIPPED tests/test_acvp_vectors.py::test_acvp_vec_ml_dsa_sig_ver[SLH_DSA_SHA2_256_PREHASH_SHAKE_128S] 
2026-01-14T17:07:28.6940954Z tests/test_acvp_vectors.py::test_acvp_vec_ml_dsa_sig_ver[SLH_DSA_SHA2_256_PREHASH_SHAKE_128F] 
2026-01-14T17:07:28.6942108Z [gw1] [ 10%] SKIPPED tests/test_acvp_vectors.py::test_acvp_vec_ml_dsa_sig_ver[SLH_DSA_SHA2_256_PREHASH_SHAKE_128F] 
2026-01-14T17:07:28.6949443Z tests/test_acvp_vectors.py::test_acvp_vec_ml_dsa_sig_ver[SLH_DSA_SHA2_256_PREHASH_SHAKE_192S] 
2026-01-14T17:07:28.6957869Z [gw1] [ 10%] SKIPPED tests/test_acvp_vectors.py::test_acvp_vec_ml_dsa_sig_ver[SLH_DSA_SHA2_256_PREHASH_SHAKE_192S] 
2026-01-14T17:07:28.6968221Z tests/test_acvp_vectors.py::test_acvp_vec_ml_dsa_sig_ver[SLH_DSA_SHA2_256_PREHASH_SHAKE_192F] 
2026-01-14T17:07:28.6974198Z [gw1] [ 10%] SKIPPED tests/test_acvp_vectors.py::test_acvp_vec_ml_dsa_sig_ver[SLH_DSA_SHA2_256_PREHASH_SHAKE_192F] 
2026-01-14T17:07:28.6986993Z tests/test_acvp_vectors.py::test_acvp_vec_ml_dsa_sig_ver[SLH_DSA_SHA2_256_PREHASH_SHAKE_256S] 
2026-01-14T17:07:28.6992115Z [gw1] [ 10%] SKIPPED tests/test_acvp_vectors.py::test_acvp_vec_ml_dsa_sig_ver[SLH_DSA_SHA2_256_PREHASH_SHAKE_256S] 
2026-01-14T17:07:28.7003730Z tests/test_acvp_vectors.py::test_acvp_vec_ml_dsa_sig_ver[SLH_DSA_SHA2_256_PREHASH_SHAKE_256F] 
2026-01-14T17:07:28.7012206Z [gw1] [ 10%] SKIPPED tests/test_acvp_vectors.py::test_acvp_vec_ml_dsa_sig_ver[SLH_DSA_SHA2_256_PREHASH_SHAKE_256F] 
2026-01-14T17:07:28.7025483Z tests/test_acvp_vectors.py::test_acvp_vec_ml_dsa_sig_ver[SLH_DSA_SHA2_384_PREHASH_SHA2_128S] 
2026-01-14T17:07:28.7030487Z [gw1] [ 10%] SKIPPED tests/test_acvp_vectors.py::test_acvp_vec_ml_dsa_sig_ver[SLH_DSA_SHA2_384_PREHASH_SHA2_128S] 
2026-01-14T17:07:28.7046773Z tests/test_acvp_vectors.py::test_acvp_vec_ml_dsa_sig_ver[SLH_DSA_SHA2_384_PREHASH_SHA2_128F] 
2026-01-14T17:07:28.7050763Z [gw1] [ 10%] SKIPPED tests/test_acvp_vectors.py::test_acvp_vec_ml_dsa_sig_ver[SLH_DSA_SHA2_384_PREHASH_SHA2_128F] 
2026-01-14T17:07:28.7062046Z tests/test_acvp_vectors.py::test_acvp_vec_ml_dsa_sig_ver[SLH_DSA_SHA2_384_PREHASH_SHA2_192S] 
2026-01-14T17:07:28.7066822Z [gw1] [ 10%] SKIPPED tests/test_acvp_vectors.py::test_acvp_vec_ml_dsa_sig_ver[SLH_DSA_SHA2_384_PREHASH_SHA2_192S] 
2026-01-14T17:07:28.7079149Z tests/test_acvp_vectors.py::test_acvp_vec_ml_dsa_sig_ver[SLH_DSA_SHA2_384_PREHASH_SHA2_192F] 
2026-01-14T17:07:28.7083772Z [gw1] [ 10%] SKIPPED tests/test_acvp_vectors.py::test_acvp_vec_ml_dsa_sig_ver[SLH_DSA_SHA2_384_PREHASH_SHA2_192F] 
2026-01-14T17:07:28.7097780Z tests/test_acvp_vectors.py::test_acvp_vec_ml_dsa_sig_ver[SLH_DSA_SHA2_384_PREHASH_SHA2_256S] 
2026-01-14T17:07:28.7103206Z [gw1] [ 10%] SKIPPED tests/test_acvp_vectors.py::test_acvp_vec_ml_dsa_sig_ver[SLH_DSA_SHA2_384_PREHASH_SHA2_256S] 
2026-01-14T17:07:28.7115241Z tests/test_acvp_vectors.py::test_acvp_vec_ml_dsa_sig_ver[SLH_DSA_SHA2_384_PREHASH_SHA2_256F] 
2026-01-14T17:07:28.7120053Z [gw1] [ 10%] SKIPPED tests/test_acvp_vectors.py::test_acvp_vec_ml_dsa_sig_ver[SLH_DSA_SHA2_384_PREHASH_SHA2_256F] 
2026-01-14T17:07:28.7133045Z tests/test_acvp_vectors.py::test_acvp_vec_ml_dsa_sig_ver[SLH_DSA_SHA2_384_PREHASH_SHAKE_128S] 
2026-01-14T17:07:28.7168405Z [gw1] [ 10%] SKIPPED tests/test_acvp_vectors.py::test_acvp_vec_ml_dsa_sig_ver[SLH_DSA_SHA2_384_PREHASH_SHAKE_128S] 
2026-01-14T17:07:28.7172773Z tests/test_acvp_vectors.py::test_acvp_vec_ml_dsa_sig_ver[SLH_DSA_SHA2_384_PREHASH_SHAKE_128F] 
2026-01-14T17:07:28.7173879Z [gw1] [ 10%] SKIPPED tests/test_acvp_vectors.py::test_acvp_vec_ml_dsa_sig_ver[SLH_DSA_SHA2_384_PREHASH_SHAKE_128F] 
2026-01-14T17:07:28.7175176Z tests/test_acvp_vectors.py::test_acvp_vec_ml_dsa_sig_ver[SLH_DSA_SHA2_384_PREHASH_SHAKE_192S] 
2026-01-14T17:07:28.7176977Z [gw1] [ 11%] SKIPPED tests/test_acvp_vectors.py::test_acvp_vec_ml_dsa_sig_ver[SLH_DSA_SHA2_384_PREHASH_SHAKE_192S] 
2026-01-14T17:07:28.7189840Z tests/test_acvp_vectors.py::test_acvp_vec_ml_dsa_sig_ver[SLH_DSA_SHA2_384_PREHASH_SHAKE_192F] 
2026-01-14T17:07:28.7195441Z [gw1] [ 11%] SKIPPED tests/test_acvp_vectors.py::test_acvp_vec_ml_dsa_sig_ver[SLH_DSA_SHA2_384_PREHASH_SHAKE_192F] 
2026-01-14T17:07:28.7207489Z tests/test_acvp_vectors.py::test_acvp_vec_ml_dsa_sig_ver[SLH_DSA_SHA2_384_PREHASH_SHAKE_256S] 
2026-01-14T17:07:28.7212908Z [gw1] [ 11%] SKIPPED tests/test_acvp_vectors.py::test_acvp_vec_ml_dsa_sig_ver[SLH_DSA_SHA2_384_PREHASH_SHAKE_256S] 
2026-01-14T17:07:28.7226174Z tests/test_acvp_vectors.py::test_acvp_vec_ml_dsa_sig_ver[SLH_DSA_SHA2_384_PREHASH_SHAKE_256F] 
2026-01-14T17:07:28.7230072Z [gw1] [ 11%] SKIPPED tests/test_acvp_vectors.py::test_acvp_vec_ml_dsa_sig_ver[SLH_DSA_SHA2_384_PREHASH_SHAKE_256F] 
2026-01-14T17:07:28.7242523Z tests/test_acvp_vectors.py::test_acvp_vec_ml_dsa_sig_ver[SLH_DSA_SHA2_512_PREHASH_SHA2_128S] 
2026-01-14T17:07:28.7248259Z [gw1] [ 11%] SKIPPED tests/test_acvp_vectors.py::test_acvp_vec_ml_dsa_sig_ver[SLH_DSA_SHA2_512_PREHASH_SHA2_128S] 
2026-01-14T17:07:28.7259640Z tests/test_acvp_vectors.py::test_acvp_vec_ml_dsa_sig_ver[SLH_DSA_SHA2_512_PREHASH_SHA2_128F] 
2026-01-14T17:07:28.7267949Z [gw1] [ 11%] SKIPPED tests/test_acvp_vectors.py::test_acvp_vec_ml_dsa_sig_ver[SLH_DSA_SHA2_512_PREHASH_SHA2_128F] 
2026-01-14T17:07:28.7280130Z tests/test_acvp_vectors.py::test_acvp_vec_ml_dsa_sig_ver[SLH_DSA_SHA2_512_PREHASH_SHA2_192S] 
2026-01-14T17:07:28.7288737Z [gw1] [ 11%] SKIPPED tests/test_acvp_vectors.py::test_acvp_vec_ml_dsa_sig_ver[SLH_DSA_SHA2_512_PREHASH_SHA2_192S] 
2026-01-14T17:07:28.7300021Z tests/test_acvp_vectors.py::test_acvp_vec_ml_dsa_sig_ver[SLH_DSA_SHA2_512_PREHASH_SHA2_192F] 
2026-01-14T17:07:28.7310198Z [gw1] [ 11%] SKIPPED tests/test_acvp_vectors.py::test_acvp_vec_ml_dsa_sig_ver[SLH_DSA_SHA2_512_PREHASH_SHA2_192F] 
2026-01-14T17:07:28.7317987Z tests/test_acvp_vectors.py::test_acvp_vec_ml_dsa_sig_ver[SLH_DSA_SHA2_512_PREHASH_SHA2_256S] 
2026-01-14T17:07:28.7322326Z [gw1] [ 11%] SKIPPED tests/test_acvp_vectors.py::test_acvp_vec_ml_dsa_sig_ver[SLH_DSA_SHA2_512_PREHASH_SHA2_256S] 
2026-01-14T17:07:28.7334511Z tests/test_acvp_vectors.py::test_acvp_vec_ml_dsa_sig_ver[SLH_DSA_SHA2_512_PREHASH_SHA2_256F] 
2026-01-14T17:07:28.7341186Z [gw1] [ 11%] SKIPPED tests/test_acvp_vectors.py::test_acvp_vec_ml_dsa_sig_ver[SLH_DSA_SHA2_512_PREHASH_SHA2_256F] 
2026-01-14T17:07:28.7352987Z tests/test_acvp_vectors.py::test_acvp_vec_ml_dsa_sig_ver[SLH_DSA_SHA2_512_PREHASH_SHAKE_128S] 
2026-01-14T17:07:28.7358882Z [gw1] [ 11%] SKIPPED tests/test_acvp_vectors.py::test_acvp_vec_ml_dsa_sig_ver[SLH_DSA_SHA2_512_PREHASH_SHAKE_128S] 
2026-01-14T17:07:28.7370787Z tests/test_acvp_vectors.py::test_acvp_vec_ml_dsa_sig_ver[SLH_DSA_SHA2_512_PREHASH_SHAKE_128F] 
2026-01-14T17:07:28.7375682Z [gw1] [ 11%] SKIPPED tests/test_acvp_vectors.py::test_acvp_vec_ml_dsa_sig_ver[SLH_DSA_SHA2_512_PREHASH_SHAKE_128F] 
2026-01-14T17:07:28.7389014Z tests/test_acvp_vectors.py::test_acvp_vec_ml_dsa_sig_ver[SLH_DSA_SHA2_512_PREHASH_SHAKE_192S] 
2026-01-14T17:07:28.7398219Z [gw1] [ 11%] SKIPPED tests/test_acvp_vectors.py::test_acvp_vec_ml_dsa_sig_ver[SLH_DSA_SHA2_512_PREHASH_SHAKE_192S] 
2026-01-14T17:07:28.7411684Z tests/test_acvp_vectors.py::test_acvp_vec_ml_dsa_sig_ver[SLH_DSA_SHA2_512_PREHASH_SHAKE_192F] 
2026-01-14T17:07:28.7417794Z [gw1] [ 11%] SKIPPED tests/test_acvp_vectors.py::test_acvp_vec_ml_dsa_sig_ver[SLH_DSA_SHA2_512_PREHASH_SHAKE_192F] 
2026-01-14T17:07:28.7430529Z tests/test_acvp_vectors.py::test_acvp_vec_ml_dsa_sig_ver[SLH_DSA_SHA2_512_PREHASH_SHAKE_256S] 
2026-01-14T17:07:28.7433535Z [gw1] [ 11%] SKIPPED tests/test_acvp_vectors.py::test_acvp_vec_ml_dsa_sig_ver[SLH_DSA_SHA2_512_PREHASH_SHAKE_256S] 
2026-01-14T17:07:28.7446611Z tests/test_acvp_vectors.py::test_acvp_vec_ml_dsa_sig_ver[SLH_DSA_SHA2_512_PREHASH_SHAKE_256F] 
2026-01-14T17:07:28.7453580Z [gw1] [ 11%] SKIPPED tests/test_acvp_vectors.py::test_acvp_vec_ml_dsa_sig_ver[SLH_DSA_SHA2_512_PREHASH_SHAKE_256F] 
2026-01-14T17:07:28.7466454Z tests/test_acvp_vectors.py::test_acvp_vec_ml_dsa_sig_ver[SLH_DSA_SHA2_512_224_PREHASH_SHA2_128S] 
2026-01-14T17:07:28.7471430Z [gw1] [ 11%] SKIPPED tests/test_acvp_vectors.py::test_acvp_vec_ml_dsa_sig_ver[SLH_DSA_SHA2_512_224_PREHASH_SHA2_128S] 
2026-01-14T17:07:28.7485674Z tests/test_acvp_vectors.py::test_acvp_vec_ml_dsa_sig_ver[SLH_DSA_SHA2_512_224_PREHASH_SHA2_128F] 
2026-01-14T17:07:28.7490429Z [gw1] [ 11%] SKIPPED tests/test_acvp_vectors.py::test_acvp_vec_ml_dsa_sig_ver[SLH_DSA_SHA2_512_224_PREHASH_SHA2_128F] 
2026-01-14T17:07:28.7502346Z tests/test_acvp_vectors.py::test_acvp_vec_ml_dsa_sig_ver[SLH_DSA_SHA2_512_224_PREHASH_SHA2_192S] 
2026-01-14T17:07:28.7507621Z [gw1] [ 11%] SKIPPED tests/test_acvp_vectors.py::test_acvp_vec_ml_dsa_sig_ver[SLH_DSA_SHA2_512_224_PREHASH_SHA2_192S] 
2026-01-14T17:07:28.7520817Z tests/test_acvp_vectors.py::test_acvp_vec_ml_dsa_sig_ver[SLH_DSA_SHA2_512_224_PREHASH_SHA2_192F] 
2026-01-14T17:07:28.7528542Z [gw1] [ 11%] SKIPPED tests/test_acvp_vectors.py::test_acvp_vec_ml_dsa_sig_ver[SLH_DSA_SHA2_512_224_PREHASH_SHA2_192F] 
2026-01-14T17:07:28.7542590Z tests/test_acvp_vectors.py::test_acvp_vec_ml_dsa_sig_ver[SLH_DSA_SHA2_512_224_PREHASH_SHA2_256S] 
2026-01-14T17:07:28.7547679Z [gw1] [ 11%] SKIPPED tests/test_acvp_vectors.py::test_acvp_vec_ml_dsa_sig_ver[SLH_DSA_SHA2_512_224_PREHASH_SHA2_256S] 
2026-01-14T17:07:28.7561007Z tests/test_acvp_vectors.py::test_acvp_vec_ml_dsa_sig_ver[SLH_DSA_SHA2_512_224_PREHASH_SHA2_256F] 
2026-01-14T17:07:28.7566475Z [gw1] [ 11%] SKIPPED tests/test_acvp_vectors.py::test_acvp_vec_ml_dsa_sig_ver[SLH_DSA_SHA2_512_224_PREHASH_SHA2_256F] 
2026-01-14T17:07:28.7578598Z tests/test_acvp_vectors.py::test_acvp_vec_ml_dsa_sig_ver[SLH_DSA_SHA2_512_224_PREHASH_SHAKE_128S] 
2026-01-14T17:07:28.7582441Z [gw1] [ 11%] SKIPPED tests/test_acvp_vectors.py::test_acvp_vec_ml_dsa_sig_ver[SLH_DSA_SHA2_512_224_PREHASH_SHAKE_128S] 
2026-01-14T17:07:28.7594784Z tests/test_acvp_vectors.py::test_acvp_vec_ml_dsa_sig_ver[SLH_DSA_SHA2_512_224_PREHASH_SHAKE_128F] 
2026-01-14T17:07:28.7600832Z [gw1] [ 11%] SKIPPED tests/test_acvp_vectors.py::test_acvp_vec_ml_dsa_sig_ver[SLH_DSA_SHA2_512_224_PREHASH_SHAKE_128F] 
2026-01-14T17:07:28.7612386Z tests/test_acvp_vectors.py::test_acvp_vec_ml_dsa_sig_ver[SLH_DSA_SHA2_512_224_PREHASH_SHAKE_192S] 
2026-01-14T17:07:28.7619343Z [gw1] [ 11%] SKIPPED tests/test_acvp_vectors.py::test_acvp_vec_ml_dsa_sig_ver[SLH_DSA_SHA2_512_224_PREHASH_SHAKE_192S] 
2026-01-14T17:07:28.7632417Z tests/test_acvp_vectors.py::test_acvp_vec_ml_dsa_sig_ver[SLH_DSA_SHA2_512_224_PREHASH_SHAKE_192F] 
2026-01-14T17:07:28.7640192Z [gw1] [ 11%] SKIPPED tests/test_acvp_vectors.py::test_acvp_vec_ml_dsa_sig_ver[SLH_DSA_SHA2_512_224_PREHASH_SHAKE_192F] 
2026-01-14T17:07:28.7653171Z tests/test_acvp_vectors.py::test_acvp_vec_ml_dsa_sig_ver[SLH_DSA_SHA2_512_224_PREHASH_SHAKE_256S] 
2026-01-14T17:07:28.7661697Z [gw1] [ 11%] SKIPPED tests/test_acvp_vectors.py::test_acvp_vec_ml_dsa_sig_ver[SLH_DSA_SHA2_512_224_PREHASH_SHAKE_256S] 
2026-01-14T17:07:28.7675187Z tests/test_acvp_vectors.py::test_acvp_vec_ml_dsa_sig_ver[SLH_DSA_SHA2_512_224_PREHASH_SHAKE_256F] 
2026-01-14T17:07:28.7679397Z [gw1] [ 11%] SKIPPED tests/test_acvp_vectors.py::test_acvp_vec_ml_dsa_sig_ver[SLH_DSA_SHA2_512_224_PREHASH_SHAKE_256F] 
2026-01-14T17:07:28.7692375Z tests/test_acvp_vectors.py::test_acvp_vec_ml_dsa_sig_ver[SLH_DSA_SHA2_512_256_PREHASH_SHA2_128S] 
2026-01-14T17:07:28.7699737Z [gw1] [ 11%] SKIPPED tests/test_acvp_vectors.py::test_acvp_vec_ml_dsa_sig_ver[SLH_DSA_SHA2_512_256_PREHASH_SHA2_128S] 
2026-01-14T17:07:28.7711339Z tests/test_acvp_vectors.py::test_acvp_vec_ml_dsa_sig_ver[SLH_DSA_SHA2_512_256_PREHASH_SHA2_128F] 
2026-01-14T17:07:28.7718428Z [gw1] [ 11%] SKIPPED tests/test_acvp_vectors.py::test_acvp_vec_ml_dsa_sig_ver[SLH_DSA_SHA2_512_256_PREHASH_SHA2_128F] 
2026-01-14T17:07:28.7731345Z tests/test_acvp_vectors.py::test_acvp_vec_ml_dsa_sig_ver[SLH_DSA_SHA2_512_256_PREHASH_SHA2_192S] 
2026-01-14T17:07:28.7737641Z [gw1] [ 11%] SKIPPED tests/test_acvp_vectors.py::test_acvp_vec_ml_dsa_sig_ver[SLH_DSA_SHA2_512_256_PREHASH_SHA2_192S] 
2026-01-14T17:07:28.7748699Z tests/test_acvp_vectors.py::test_acvp_vec_ml_dsa_sig_ver[SLH_DSA_SHA2_512_256_PREHASH_SHA2_192F] 
2026-01-14T17:07:28.7755257Z [gw1] [ 12%] SKIPPED tests/test_acvp_vectors.py::test_acvp_vec_ml_dsa_sig_ver[SLH_DSA_SHA2_512_256_PREHASH_SHA2_192F] 
2026-01-14T17:07:28.7767557Z tests/test_acvp_vectors.py::test_acvp_vec_ml_dsa_sig_ver[SLH_DSA_SHA2_512_256_PREHASH_SHA2_256S] 
2026-01-14T17:07:28.7774812Z [gw1] [ 12%] SKIPPED tests/test_acvp_vectors.py::test_acvp_vec_ml_dsa_sig_ver[SLH_DSA_SHA2_512_256_PREHASH_SHA2_256S] 
2026-01-14T17:07:28.7786406Z tests/test_acvp_vectors.py::test_acvp_vec_ml_dsa_sig_ver[SLH_DSA_SHA2_512_256_PREHASH_SHA2_256F] 
2026-01-14T17:07:28.7794766Z [gw1] [ 12%] SKIPPED tests/test_acvp_vectors.py::test_acvp_vec_ml_dsa_sig_ver[SLH_DSA_SHA2_512_256_PREHASH_SHA2_256F] 
2026-01-14T17:07:28.7807883Z tests/test_acvp_vectors.py::test_acvp_vec_ml_dsa_sig_ver[SLH_DSA_SHA2_512_256_PREHASH_SHAKE_128S] 
2026-01-14T17:07:28.7813235Z [gw1] [ 12%] SKIPPED tests/test_acvp_vectors.py::test_acvp_vec_ml_dsa_sig_ver[SLH_DSA_SHA2_512_256_PREHASH_SHAKE_128S] 
2026-01-14T17:07:28.7827006Z tests/test_acvp_vectors.py::test_acvp_vec_ml_dsa_sig_ver[SLH_DSA_SHA2_512_256_PREHASH_SHAKE_128F] 
2026-01-14T17:07:28.7832996Z [gw1] [ 12%] SKIPPED tests/test_acvp_vectors.py::test_acvp_vec_ml_dsa_sig_ver[SLH_DSA_SHA2_512_256_PREHASH_SHAKE_128F] 
2026-01-14T17:07:28.7844598Z tests/test_acvp_vectors.py::test_acvp_vec_ml_dsa_sig_ver[SLH_DSA_SHA2_512_256_PREHASH_SHAKE_192S] 
2026-01-14T17:07:28.7850376Z [gw1] [ 12%] SKIPPED tests/test_acvp_vectors.py::test_acvp_vec_ml_dsa_sig_ver[SLH_DSA_SHA2_512_256_PREHASH_SHAKE_192S] 
2026-01-14T17:07:28.7864378Z tests/test_acvp_vectors.py::test_acvp_vec_ml_dsa_sig_ver[SLH_DSA_SHA2_512_256_PREHASH_SHAKE_192F] 
2026-01-14T17:07:28.7877472Z [gw1] [ 12%] SKIPPED tests/test_acvp_vectors.py::test_acvp_vec_ml_dsa_sig_ver[SLH_DSA_SHA2_512_256_PREHASH_SHAKE_192F] 
2026-01-14T17:07:28.7882571Z tests/test_acvp_vectors.py::test_acvp_vec_ml_dsa_sig_ver[SLH_DSA_SHA2_512_256_PREHASH_SHAKE_256S] 
2026-01-14T17:07:28.7888561Z [gw1] [ 12%] SKIPPED tests/test_acvp_vectors.py::test_acvp_vec_ml_dsa_sig_ver[SLH_DSA_SHA2_512_256_PREHASH_SHAKE_256S] 
2026-01-14T17:07:28.7900508Z tests/test_acvp_vectors.py::test_acvp_vec_ml_dsa_sig_ver[SLH_DSA_SHA2_512_256_PREHASH_SHAKE_256F] 
2026-01-14T17:07:28.7905686Z [gw1] [ 12%] SKIPPED tests/test_acvp_vectors.py::test_acvp_vec_ml_dsa_sig_ver[SLH_DSA_SHA2_512_256_PREHASH_SHAKE_256F] 
2026-01-14T17:07:28.7919147Z tests/test_acvp_vectors.py::test_acvp_vec_ml_dsa_sig_ver[SLH_DSA_SHA3_224_PREHASH_SHA2_128S] 
2026-01-14T17:07:28.7929607Z [gw1] [ 12%] SKIPPED tests/test_acvp_vectors.py::test_acvp_vec_ml_dsa_sig_ver[SLH_DSA_SHA3_224_PREHASH_SHA2_128S] 
2026-01-14T17:07:28.7938777Z tests/test_acvp_vectors.py::test_acvp_vec_ml_dsa_sig_ver[SLH_DSA_SHA3_224_PREHASH_SHA2_128F] 
2026-01-14T17:07:28.7943886Z [gw1] [ 12%] SKIPPED tests/test_acvp_vectors.py::test_acvp_vec_ml_dsa_sig_ver[SLH_DSA_SHA3_224_PREHASH_SHA2_128F] 
2026-01-14T17:07:28.7956961Z tests/test_acvp_vectors.py::test_acvp_vec_ml_dsa_sig_ver[SLH_DSA_SHA3_224_PREHASH_SHA2_192S] 
2026-01-14T17:07:28.7961130Z [gw1] [ 12%] SKIPPED tests/test_acvp_vectors.py::test_acvp_vec_ml_dsa_sig_ver[SLH_DSA_SHA3_224_PREHASH_SHA2_192S] 
2026-01-14T17:07:28.7974296Z tests/test_acvp_vectors.py::test_acvp_vec_ml_dsa_sig_ver[SLH_DSA_SHA3_224_PREHASH_SHA2_192F] 
2026-01-14T17:07:28.7981442Z [gw1] [ 12%] SKIPPED tests/test_acvp_vectors.py::test_acvp_vec_ml_dsa_sig_ver[SLH_DSA_SHA3_224_PREHASH_SHA2_192F] 
2026-01-14T17:07:28.7993737Z tests/test_acvp_vectors.py::test_acvp_vec_ml_dsa_sig_ver[SLH_DSA_SHA3_224_PREHASH_SHA2_256S] 
2026-01-14T17:07:28.8001823Z [gw1] [ 12%] SKIPPED tests/test_acvp_vectors.py::test_acvp_vec_ml_dsa_sig_ver[SLH_DSA_SHA3_224_PREHASH_SHA2_256S] 
2026-01-14T17:07:28.8013628Z tests/test_acvp_vectors.py::test_acvp_vec_ml_dsa_sig_ver[SLH_DSA_SHA3_224_PREHASH_SHA2_256F] 
2026-01-14T17:07:28.8019677Z [gw1] [ 12%] SKIPPED tests/test_acvp_vectors.py::test_acvp_vec_ml_dsa_sig_ver[SLH_DSA_SHA3_224_PREHASH_SHA2_256F] 
2026-01-14T17:07:28.8031812Z tests/test_acvp_vectors.py::test_acvp_vec_ml_dsa_sig_ver[SLH_DSA_SHA3_224_PREHASH_SHAKE_128S] 
2026-01-14T17:07:28.8037815Z [gw1] [ 12%] SKIPPED tests/test_acvp_vectors.py::test_acvp_vec_ml_dsa_sig_ver[SLH_DSA_SHA3_224_PREHASH_SHAKE_128S] 
2026-01-14T17:07:28.8050934Z tests/test_acvp_vectors.py::test_acvp_vec_ml_dsa_sig_ver[SLH_DSA_SHA3_224_PREHASH_SHAKE_128F] 
2026-01-14T17:07:28.8061013Z [gw1] [ 12%] SKIPPED tests/test_acvp_vectors.py::test_acvp_vec_ml_dsa_sig_ver[SLH_DSA_SHA3_224_PREHASH_SHAKE_128F] 
2026-01-14T17:07:28.8073923Z tests/test_acvp_vectors.py::test_acvp_vec_ml_dsa_sig_ver[SLH_DSA_SHA3_224_PREHASH_SHAKE_192S] 
2026-01-14T17:07:28.8079368Z [gw1] [ 12%] SKIPPED tests/test_acvp_vectors.py::test_acvp_vec_ml_dsa_sig_ver[SLH_DSA_SHA3_224_PREHASH_SHAKE_192S] 
2026-01-14T17:07:28.8092316Z tests/test_acvp_vectors.py::test_acvp_vec_ml_dsa_sig_ver[SLH_DSA_SHA3_224_PREHASH_SHAKE_192F] 
2026-01-14T17:07:28.8098195Z [gw1] [ 12%] SKIPPED tests/test_acvp_vectors.py::test_acvp_vec_ml_dsa_sig_ver[SLH_DSA_SHA3_224_PREHASH_SHAKE_192F] 
2026-01-14T17:07:28.8110663Z tests/test_acvp_vectors.py::test_acvp_vec_ml_dsa_sig_ver[SLH_DSA_SHA3_224_PREHASH_SHAKE_256S] 
2026-01-14T17:07:28.8116004Z [gw1] [ 12%] SKIPPED tests/test_acvp_vectors.py::test_acvp_vec_ml_dsa_sig_ver[SLH_DSA_SHA3_224_PREHASH_SHAKE_256S] 
2026-01-14T17:07:28.8128510Z tests/test_acvp_vectors.py::test_acvp_vec_ml_dsa_sig_ver[SLH_DSA_SHA3_224_PREHASH_SHAKE_256F] 
2026-01-14T17:07:28.8140605Z [gw1] [ 12%] SKIPPED tests/test_acvp_vectors.py::test_acvp_vec_ml_dsa_sig_ver[SLH_DSA_SHA3_224_PREHASH_SHAKE_256F] 
2026-01-14T17:07:28.8145938Z tests/test_acvp_vectors.py::test_acvp_vec_ml_dsa_sig_ver[SLH_DSA_SHA3_256_PREHASH_SHA2_128S] 
2026-01-14T17:07:28.8151886Z [gw1] [ 12%] SKIPPED tests/test_acvp_vectors.py::test_acvp_vec_ml_dsa_sig_ver[SLH_DSA_SHA3_256_PREHASH_SHA2_128S] 
2026-01-14T17:07:28.8164053Z tests/test_acvp_vectors.py::test_acvp_vec_ml_dsa_sig_ver[SLH_DSA_SHA3_256_PREHASH_SHA2_128F] 
2026-01-14T17:07:28.8172328Z [gw1] [ 12%] SKIPPED tests/test_acvp_vectors.py::test_acvp_vec_ml_dsa_sig_ver[SLH_DSA_SHA3_256_PREHASH_SHA2_128F] 
2026-01-14T17:07:28.8184397Z tests/test_acvp_vectors.py::test_acvp_vec_ml_dsa_sig_ver[SLH_DSA_SHA3_256_PREHASH_SHA2_192S] 
2026-01-14T17:07:28.8192734Z [gw1] [ 12%] SKIPPED tests/test_acvp_vectors.py::test_acvp_vec_ml_dsa_sig_ver[SLH_DSA_SHA3_256_PREHASH_SHA2_192S] 
2026-01-14T17:07:28.8205718Z tests/test_acvp_vectors.py::test_acvp_vec_ml_dsa_sig_ver[SLH_DSA_SHA3_256_PREHASH_SHA2_192F] 
2026-01-14T17:07:28.8212135Z [gw1] [ 12%] SKIPPED tests/test_acvp_vectors.py::test_acvp_vec_ml_dsa_sig_ver[SLH_DSA_SHA3_256_PREHASH_SHA2_192F] 
2026-01-14T17:07:28.8224475Z tests/test_acvp_vectors.py::test_acvp_vec_ml_dsa_sig_ver[SLH_DSA_SHA3_256_PREHASH_SHA2_256S] 
2026-01-14T17:07:28.8230160Z [gw1] [ 12%] SKIPPED tests/test_acvp_vectors.py::test_acvp_vec_ml_dsa_sig_ver[SLH_DSA_SHA3_256_PREHASH_SHA2_256S] 
2026-01-14T17:07:28.8242888Z tests/test_acvp_vectors.py::test_acvp_vec_ml_dsa_sig_ver[SLH_DSA_SHA3_256_PREHASH_SHA2_256F] 
2026-01-14T17:07:28.8249963Z [gw1] [ 12%] SKIPPED tests/test_acvp_vectors.py::test_acvp_vec_ml_dsa_sig_ver[SLH_DSA_SHA3_256_PREHASH_SHA2_256F] 
2026-01-14T17:07:28.8262595Z tests/test_acvp_vectors.py::test_acvp_vec_ml_dsa_sig_ver[SLH_DSA_SHA3_256_PREHASH_SHAKE_128S] 
2026-01-14T17:07:28.8268196Z [gw1] [ 12%] SKIPPED tests/test_acvp_vectors.py::test_acvp_vec_ml_dsa_sig_ver[SLH_DSA_SHA3_256_PREHASH_SHAKE_128S] 
2026-01-14T17:07:28.8280525Z tests/test_acvp_vectors.py::test_acvp_vec_ml_dsa_sig_ver[SLH_DSA_SHA3_256_PREHASH_SHAKE_128F] 
2026-01-14T17:07:28.8285769Z [gw1] [ 12%] SKIPPED tests/test_acvp_vectors.py::test_acvp_vec_ml_dsa_sig_ver[SLH_DSA_SHA3_256_PREHASH_SHAKE_128F] 
2026-01-14T17:07:28.8299434Z tests/test_acvp_vectors.py::test_acvp_vec_ml_dsa_sig_ver[SLH_DSA_SHA3_256_PREHASH_SHAKE_192S] 
2026-01-14T17:07:28.8305919Z [gw1] [ 12%] SKIPPED tests/test_acvp_vectors.py::test_acvp_vec_ml_dsa_sig_ver[SLH_DSA_SHA3_256_PREHASH_SHAKE_192S] 
2026-01-14T17:07:28.8317390Z tests/test_acvp_vectors.py::test_acvp_vec_ml_dsa_sig_ver[SLH_DSA_SHA3_256_PREHASH_SHAKE_192F] 
2026-01-14T17:07:28.8324431Z [gw1] [ 12%] SKIPPED tests/test_acvp_vectors.py::test_acvp_vec_ml_dsa_sig_ver[SLH_DSA_SHA3_256_PREHASH_SHAKE_192F] 
2026-01-14T17:07:28.8337928Z tests/test_acvp_vectors.py::test_acvp_vec_ml_dsa_sig_ver[SLH_DSA_SHA3_256_PREHASH_SHAKE_256S] 
2026-01-14T17:07:28.8344143Z [gw1] [ 13%] SKIPPED tests/test_acvp_vectors.py::test_acvp_vec_ml_dsa_sig_ver[SLH_DSA_SHA3_256_PREHASH_SHAKE_256S] 
2026-01-14T17:07:28.8356871Z tests/test_acvp_vectors.py::test_acvp_vec_ml_dsa_sig_ver[SLH_DSA_SHA3_256_PREHASH_SHAKE_256F] 
2026-01-14T17:07:28.8362675Z [gw1] [ 13%] SKIPPED tests/test_acvp_vectors.py::test_acvp_vec_ml_dsa_sig_ver[SLH_DSA_SHA3_256_PREHASH_SHAKE_256F] 
2026-01-14T17:07:28.8375988Z tests/test_acvp_vectors.py::test_acvp_vec_ml_dsa_sig_ver[SLH_DSA_SHA3_384_PREHASH_SHA2_128S] 
2026-01-14T17:07:28.8382352Z [gw1] [ 13%] SKIPPED tests/test_acvp_vectors.py::test_acvp_vec_ml_dsa_sig_ver[SLH_DSA_SHA3_384_PREHASH_SHA2_128S] 
2026-01-14T17:07:28.8397313Z tests/test_acvp_vectors.py::test_acvp_vec_ml_dsa_sig_ver[SLH_DSA_SHA3_384_PREHASH_SHA2_128F] 
2026-01-14T17:07:28.8404344Z [gw1] [ 13%] SKIPPED tests/test_acvp_vectors.py::test_acvp_vec_ml_dsa_sig_ver[SLH_DSA_SHA3_384_PREHASH_SHA2_128F] 
2026-01-14T17:07:28.8416501Z tests/test_acvp_vectors.py::test_acvp_vec_ml_dsa_sig_ver[SLH_DSA_SHA3_384_PREHASH_SHA2_192S] 
2026-01-14T17:07:28.8421429Z [gw1] [ 13%] SKIPPED tests/test_acvp_vectors.py::test_acvp_vec_ml_dsa_sig_ver[SLH_DSA_SHA3_384_PREHASH_SHA2_192S] 
2026-01-14T17:07:28.8434675Z tests/test_acvp_vectors.py::test_acvp_vec_ml_dsa_sig_ver[SLH_DSA_SHA3_384_PREHASH_SHA2_192F] 
2026-01-14T17:07:28.8450027Z [gw1] [ 13%] SKIPPED tests/test_acvp_vectors.py::test_acvp_vec_ml_dsa_sig_ver[SLH_DSA_SHA3_384_PREHASH_SHA2_192F] 
2026-01-14T17:07:28.8456547Z tests/test_acvp_vectors.py::test_acvp_vec_ml_dsa_sig_ver[SLH_DSA_SHA3_384_PREHASH_SHA2_256S] 
2026-01-14T17:07:28.8464669Z [gw1] [ 13%] SKIPPED tests/test_acvp_vectors.py::test_acvp_vec_ml_dsa_sig_ver[SLH_DSA_SHA3_384_PREHASH_SHA2_256S] 
2026-01-14T17:07:28.8480831Z tests/test_acvp_vectors.py::test_acvp_vec_ml_dsa_sig_ver[SLH_DSA_SHA3_384_PREHASH_SHA2_256F] 
2026-01-14T17:07:28.8486816Z [gw1] [ 13%] SKIPPED tests/test_acvp_vectors.py::test_acvp_vec_ml_dsa_sig_ver[SLH_DSA_SHA3_384_PREHASH_SHA2_256F] 
2026-01-14T17:07:28.8500623Z tests/test_acvp_vectors.py::test_acvp_vec_ml_dsa_sig_ver[SLH_DSA_SHA3_384_PREHASH_SHAKE_128S] 
2026-01-14T17:07:28.8505945Z [gw1] [ 13%] SKIPPED tests/test_acvp_vectors.py::test_acvp_vec_ml_dsa_sig_ver[SLH_DSA_SHA3_384_PREHASH_SHAKE_128S] 
2026-01-14T17:07:28.8521465Z tests/test_acvp_vectors.py::test_acvp_vec_ml_dsa_sig_ver[SLH_DSA_SHA3_384_PREHASH_SHAKE_128F] 
2026-01-14T17:07:28.8528780Z [gw1] [ 13%] SKIPPED tests/test_acvp_vectors.py::test_acvp_vec_ml_dsa_sig_ver[SLH_DSA_SHA3_384_PREHASH_SHAKE_128F] 
2026-01-14T17:07:28.8541927Z tests/test_acvp_vectors.py::test_acvp_vec_ml_dsa_sig_ver[SLH_DSA_SHA3_384_PREHASH_SHAKE_192S] 
2026-01-14T17:07:28.8546249Z [gw1] [ 13%] SKIPPED tests/test_acvp_vectors.py::test_acvp_vec_ml_dsa_sig_ver[SLH_DSA_SHA3_384_PREHASH_SHAKE_192S] 
2026-01-14T17:07:28.8558468Z tests/test_acvp_vectors.py::test_acvp_vec_ml_dsa_sig_ver[SLH_DSA_SHA3_384_PREHASH_SHAKE_192F] 
2026-01-14T17:07:28.8564330Z [gw1] [ 13%] SKIPPED tests/test_acvp_vectors.py::test_acvp_vec_ml_dsa_sig_ver[SLH_DSA_SHA3_384_PREHASH_SHAKE_192F] 
2026-01-14T17:07:28.8575899Z tests/test_acvp_vectors.py::test_acvp_vec_ml_dsa_sig_ver[SLH_DSA_SHA3_384_PREHASH_SHAKE_256S] 
2026-01-14T17:07:28.8587751Z [gw1] [ 13%] SKIPPED tests/test_acvp_vectors.py::test_acvp_vec_ml_dsa_sig_ver[SLH_DSA_SHA3_384_PREHASH_SHAKE_256S] 
2026-01-14T17:07:28.8595610Z tests/test_acvp_vectors.py::test_acvp_vec_ml_dsa_sig_ver[SLH_DSA_SHA3_384_PREHASH_SHAKE_256F] 
2026-01-14T17:07:28.8603250Z [gw1] [ 13%] SKIPPED tests/test_acvp_vectors.py::test_acvp_vec_ml_dsa_sig_ver[SLH_DSA_SHA3_384_PREHASH_SHAKE_256F] 
2026-01-14T17:07:28.8617125Z tests/test_acvp_vectors.py::test_acvp_vec_ml_dsa_sig_ver[SLH_DSA_SHA3_512_PREHASH_SHA2_128S] 
2026-01-14T17:07:28.8623574Z [gw1] [ 13%] SKIPPED tests/test_acvp_vectors.py::test_acvp_vec_ml_dsa_sig_ver[SLH_DSA_SHA3_512_PREHASH_SHA2_128S] 
2026-01-14T17:07:28.8635475Z tests/test_acvp_vectors.py::test_acvp_vec_ml_dsa_sig_ver[SLH_DSA_SHA3_512_PREHASH_SHA2_128F] 
2026-01-14T17:07:28.8641674Z [gw1] [ 13%] SKIPPED tests/test_acvp_vectors.py::test_acvp_vec_ml_dsa_sig_ver[SLH_DSA_SHA3_512_PREHASH_SHA2_128F] 
2026-01-14T17:07:28.8655381Z tests/test_acvp_vectors.py::test_acvp_vec_ml_dsa_sig_ver[SLH_DSA_SHA3_512_PREHASH_SHA2_192S] 
2026-01-14T17:07:28.8659960Z [gw1] [ 13%] SKIPPED tests/test_acvp_vectors.py::test_acvp_vec_ml_dsa_sig_ver[SLH_DSA_SHA3_512_PREHASH_SHA2_192S] 
2026-01-14T17:07:28.8673591Z tests/test_acvp_vectors.py::test_acvp_vec_ml_dsa_sig_ver[SLH_DSA_SHA3_512_PREHASH_SHA2_192F] 
2026-01-14T17:07:28.8685859Z [gw1] [ 13%] SKIPPED tests/test_acvp_vectors.py::test_acvp_vec_ml_dsa_sig_ver[SLH_DSA_SHA3_512_PREHASH_SHA2_192F] 
2026-01-14T17:07:28.8693486Z tests/test_acvp_vectors.py::test_acvp_vec_ml_dsa_sig_ver[SLH_DSA_SHA3_512_PREHASH_SHA2_256S] 
2026-01-14T17:07:28.8698921Z [gw1] [ 13%] SKIPPED tests/test_acvp_vectors.py::test_acvp_vec_ml_dsa_sig_ver[SLH_DSA_SHA3_512_PREHASH_SHA2_256S] 
2026-01-14T17:07:28.8712140Z tests/test_acvp_vectors.py::test_acvp_vec_ml_dsa_sig_ver[SLH_DSA_SHA3_512_PREHASH_SHA2_256F] 
2026-01-14T17:07:28.8718289Z [gw1] [ 13%] SKIPPED tests/test_acvp_vectors.py::test_acvp_vec_ml_dsa_sig_ver[SLH_DSA_SHA3_512_PREHASH_SHA2_256F] 
2026-01-14T17:07:28.8734313Z tests/test_acvp_vectors.py::test_acvp_vec_ml_dsa_sig_ver[SLH_DSA_SHA3_512_PREHASH_SHAKE_128S] 
2026-01-14T17:07:28.8739520Z [gw1] [ 13%] SKIPPED tests/test_acvp_vectors.py::test_acvp_vec_ml_dsa_sig_ver[SLH_DSA_SHA3_512_PREHASH_SHAKE_128S] 
2026-01-14T17:07:28.8752412Z tests/test_acvp_vectors.py::test_acvp_vec_ml_dsa_sig_ver[SLH_DSA_SHA3_512_PREHASH_SHAKE_128F] 
2026-01-14T17:07:28.8758501Z [gw1] [ 13%] SKIPPED tests/test_acvp_vectors.py::test_acvp_vec_ml_dsa_sig_ver[SLH_DSA_SHA3_512_PREHASH_SHAKE_128F] 
2026-01-14T17:07:28.8770832Z tests/test_acvp_vectors.py::test_acvp_vec_ml_dsa_sig_ver[SLH_DSA_SHA3_512_PREHASH_SHAKE_192S] 
2026-01-14T17:07:28.8777983Z [gw1] [ 13%] SKIPPED tests/test_acvp_vectors.py::test_acvp_vec_ml_dsa_sig_ver[SLH_DSA_SHA3_512_PREHASH_SHAKE_192S] 
2026-01-14T17:07:28.8818696Z tests/test_acvp_vectors.py::test_acvp_vec_ml_dsa_sig_ver[SLH_DSA_SHA3_512_PREHASH_SHAKE_192F] 
2026-01-14T17:07:28.8819980Z [gw1] [ 13%] SKIPPED tests/test_acvp_vectors.py::test_acvp_vec_ml_dsa_sig_ver[SLH_DSA_SHA3_512_PREHASH_SHAKE_192F] 
2026-01-14T17:07:28.8821077Z tests/test_acvp_vectors.py::test_acvp_vec_ml_dsa_sig_ver[SLH_DSA_SHA3_512_PREHASH_SHAKE_256S] 
2026-01-14T17:07:28.8822123Z [gw1] [ 13%] SKIPPED tests/test_acvp_vectors.py::test_acvp_vec_ml_dsa_sig_ver[SLH_DSA_SHA3_512_PREHASH_SHAKE_256S] 
2026-01-14T17:07:28.8824439Z tests/test_acvp_vectors.py::test_acvp_vec_ml_dsa_sig_ver[SLH_DSA_SHA3_512_PREHASH_SHAKE_256F] 
2026-01-14T17:07:28.8828687Z [gw1] [ 13%] SKIPPED tests/test_acvp_vectors.py::test_acvp_vec_ml_dsa_sig_ver[SLH_DSA_SHA3_512_PREHASH_SHAKE_256F] 
2026-01-14T17:07:28.8841567Z tests/test_acvp_vectors.py::test_acvp_vec_ml_dsa_sig_ver[SLH_DSA_SHAKE_128_PREHASH_SHA2_128S] 
2026-01-14T17:07:28.8848186Z [gw1] [ 13%] SKIPPED tests/test_acvp_vectors.py::test_acvp_vec_ml_dsa_sig_ver[SLH_DSA_SHAKE_128_PREHASH_SHA2_128S] 
2026-01-14T17:07:28.8859557Z tests/test_acvp_vectors.py::test_acvp_vec_ml_dsa_sig_ver[SLH_DSA_SHAKE_128_PREHASH_SHA2_128F] 
2026-01-14T17:07:28.8867135Z [gw1] [ 13%] SKIPPED tests/test_acvp_vectors.py::test_acvp_vec_ml_dsa_sig_ver[SLH_DSA_SHAKE_128_PREHASH_SHA2_128F] 
2026-01-14T17:07:28.8879593Z tests/test_acvp_vectors.py::test_acvp_vec_ml_dsa_sig_ver[SLH_DSA_SHAKE_128_PREHASH_SHA2_192S] 
2026-01-14T17:07:28.8886320Z [gw1] [ 13%] SKIPPED tests/test_acvp_vectors.py::test_acvp_vec_ml_dsa_sig_ver[SLH_DSA_SHAKE_128_PREHASH_SHA2_192S] 
2026-01-14T17:07:28.8899309Z tests/test_acvp_vectors.py::test_acvp_vec_ml_dsa_sig_ver[SLH_DSA_SHAKE_128_PREHASH_SHA2_192F] 
2026-01-14T17:07:28.8904800Z [gw1] [ 13%] SKIPPED tests/test_acvp_vectors.py::test_acvp_vec_ml_dsa_sig_ver[SLH_DSA_SHAKE_128_PREHASH_SHA2_192F] 
2026-01-14T17:07:28.8917921Z tests/test_acvp_vectors.py::test_acvp_vec_ml_dsa_sig_ver[SLH_DSA_SHAKE_128_PREHASH_SHA2_256S] 
2026-01-14T17:07:28.8922306Z [gw1] [ 13%] SKIPPED tests/test_acvp_vectors.py::test_acvp_vec_ml_dsa_sig_ver[SLH_DSA_SHAKE_128_PREHASH_SHA2_256S] 
2026-01-14T17:07:28.8934709Z tests/test_acvp_vectors.py::test_acvp_vec_ml_dsa_sig_ver[SLH_DSA_SHAKE_128_PREHASH_SHA2_256F] 
2026-01-14T17:07:28.8940046Z [gw1] [ 14%] SKIPPED tests/test_acvp_vectors.py::test_acvp_vec_ml_dsa_sig_ver[SLH_DSA_SHAKE_128_PREHASH_SHA2_256F] 
2026-01-14T17:07:28.8953398Z tests/test_acvp_vectors.py::test_acvp_vec_ml_dsa_sig_ver[SLH_DSA_SHAKE_128_PREHASH_SHAKE_128S] 
2026-01-14T17:07:28.8958924Z [gw1] [ 14%] SKIPPED tests/test_acvp_vectors.py::test_acvp_vec_ml_dsa_sig_ver[SLH_DSA_SHAKE_128_PREHASH_SHAKE_128S] 
2026-01-14T17:07:28.8971228Z tests/test_acvp_vectors.py::test_acvp_vec_ml_dsa_sig_ver[SLH_DSA_SHAKE_128_PREHASH_SHAKE_128F] 
2026-01-14T17:07:28.8978103Z [gw1] [ 14%] SKIPPED tests/test_acvp_vectors.py::test_acvp_vec_ml_dsa_sig_ver[SLH_DSA_SHAKE_128_PREHASH_SHAKE_128F] 
2026-01-14T17:07:28.8991115Z tests/test_acvp_vectors.py::test_acvp_vec_ml_dsa_sig_ver[SLH_DSA_SHAKE_128_PREHASH_SHAKE_192S] 
2026-01-14T17:07:28.8999374Z [gw1] [ 14%] SKIPPED tests/test_acvp_vectors.py::test_acvp_vec_ml_dsa_sig_ver[SLH_DSA_SHAKE_128_PREHASH_SHAKE_192S] 
2026-01-14T17:07:28.9012631Z tests/test_acvp_vectors.py::test_acvp_vec_ml_dsa_sig_ver[SLH_DSA_SHAKE_128_PREHASH_SHAKE_192F] 
2026-01-14T17:07:28.9019297Z [gw1] [ 14%] SKIPPED tests/test_acvp_vectors.py::test_acvp_vec_ml_dsa_sig_ver[SLH_DSA_SHAKE_128_PREHASH_SHAKE_192F] 
2026-01-14T17:07:28.9031594Z tests/test_acvp_vectors.py::test_acvp_vec_ml_dsa_sig_ver[SLH_DSA_SHAKE_128_PREHASH_SHAKE_256S] 
2026-01-14T17:07:28.9037379Z [gw1] [ 14%] SKIPPED tests/test_acvp_vectors.py::test_acvp_vec_ml_dsa_sig_ver[SLH_DSA_SHAKE_128_PREHASH_SHAKE_256S] 
2026-01-14T17:07:28.9050483Z tests/test_acvp_vectors.py::test_acvp_vec_ml_dsa_sig_ver[SLH_DSA_SHAKE_128_PREHASH_SHAKE_256F] 
2026-01-14T17:07:28.9054692Z [gw1] [ 14%] SKIPPED tests/test_acvp_vectors.py::test_acvp_vec_ml_dsa_sig_ver[SLH_DSA_SHAKE_128_PREHASH_SHAKE_256F] 
2026-01-14T17:07:28.9067696Z tests/test_acvp_vectors.py::test_acvp_vec_ml_dsa_sig_ver[SLH_DSA_SHAKE_256_PREHASH_SHA2_128S] 
2026-01-14T17:07:28.9072024Z [gw1] [ 14%] SKIPPED tests/test_acvp_vectors.py::test_acvp_vec_ml_dsa_sig_ver[SLH_DSA_SHAKE_256_PREHASH_SHA2_128S] 
2026-01-14T17:07:28.9085371Z tests/test_acvp_vectors.py::test_acvp_vec_ml_dsa_sig_ver[SLH_DSA_SHAKE_256_PREHASH_SHA2_128F] 
2026-01-14T17:07:28.9092081Z [gw1] [ 14%] SKIPPED tests/test_acvp_vectors.py::test_acvp_vec_ml_dsa_sig_ver[SLH_DSA_SHAKE_256_PREHASH_SHA2_128F] 
2026-01-14T17:07:28.9104424Z tests/test_acvp_vectors.py::test_acvp_vec_ml_dsa_sig_ver[SLH_DSA_SHAKE_256_PREHASH_SHA2_192S] 
2026-01-14T17:07:28.9110648Z [gw1] [ 14%] SKIPPED tests/test_acvp_vectors.py::test_acvp_vec_ml_dsa_sig_ver[SLH_DSA_SHAKE_256_PREHASH_SHA2_192S] 
2026-01-14T17:07:28.9123927Z tests/test_acvp_vectors.py::test_acvp_vec_ml_dsa_sig_ver[SLH_DSA_SHAKE_256_PREHASH_SHA2_192F] 
2026-01-14T17:07:28.9130938Z [gw1] [ 14%] SKIPPED tests/test_acvp_vectors.py::test_acvp_vec_ml_dsa_sig_ver[SLH_DSA_SHAKE_256_PREHASH_SHA2_192F] 
2026-01-14T17:07:28.9144366Z tests/test_acvp_vectors.py::test_acvp_vec_ml_dsa_sig_ver[SLH_DSA_SHAKE_256_PREHASH_SHA2_256S] 
2026-01-14T17:07:28.9149659Z [gw1] [ 14%] SKIPPED tests/test_acvp_vectors.py::test_acvp_vec_ml_dsa_sig_ver[SLH_DSA_SHAKE_256_PREHASH_SHA2_256S] 
2026-01-14T17:07:28.9162637Z tests/test_acvp_vectors.py::test_acvp_vec_ml_dsa_sig_ver[SLH_DSA_SHAKE_256_PREHASH_SHA2_256F] 
2026-01-14T17:07:28.9168828Z [gw1] [ 14%] SKIPPED tests/test_acvp_vectors.py::test_acvp_vec_ml_dsa_sig_ver[SLH_DSA_SHAKE_256_PREHASH_SHA2_256F] 
2026-01-14T17:07:28.9181655Z tests/test_acvp_vectors.py::test_acvp_vec_ml_dsa_sig_ver[SLH_DSA_SHAKE_256_PREHASH_SHAKE_128S] 
2026-01-14T17:07:28.9187870Z [gw1] [ 14%] SKIPPED tests/test_acvp_vectors.py::test_acvp_vec_ml_dsa_sig_ver[SLH_DSA_SHAKE_256_PREHASH_SHAKE_128S] 
2026-01-14T17:07:28.9200564Z tests/test_acvp_vectors.py::test_acvp_vec_ml_dsa_sig_ver[SLH_DSA_SHAKE_256_PREHASH_SHAKE_128F] 
2026-01-14T17:07:28.9205687Z [gw1] [ 14%] SKIPPED tests/test_acvp_vectors.py::test_acvp_vec_ml_dsa_sig_ver[SLH_DSA_SHAKE_256_PREHASH_SHAKE_128F] 
2026-01-14T17:07:28.9219622Z tests/test_acvp_vectors.py::test_acvp_vec_ml_dsa_sig_ver[SLH_DSA_SHAKE_256_PREHASH_SHAKE_192S] 
2026-01-14T17:07:28.9223945Z [gw1] [ 14%] SKIPPED tests/test_acvp_vectors.py::test_acvp_vec_ml_dsa_sig_ver[SLH_DSA_SHAKE_256_PREHASH_SHAKE_192S] 
2026-01-14T17:07:28.9237779Z tests/test_acvp_vectors.py::test_acvp_vec_ml_dsa_sig_ver[SLH_DSA_SHAKE_256_PREHASH_SHAKE_192F] 
2026-01-14T17:07:28.9245314Z [gw1] [ 14%] SKIPPED tests/test_acvp_vectors.py::test_acvp_vec_ml_dsa_sig_ver[SLH_DSA_SHAKE_256_PREHASH_SHAKE_192F] 
2026-01-14T17:07:28.9257304Z tests/test_acvp_vectors.py::test_acvp_vec_ml_dsa_sig_ver[SLH_DSA_SHAKE_256_PREHASH_SHAKE_256S] 
2026-01-14T17:07:28.9264361Z [gw1] [ 14%] SKIPPED tests/test_acvp_vectors.py::test_acvp_vec_ml_dsa_sig_ver[SLH_DSA_SHAKE_256_PREHASH_SHAKE_256S] 
2026-01-14T17:07:28.9277488Z tests/test_acvp_vectors.py::test_acvp_vec_ml_dsa_sig_ver[SLH_DSA_SHAKE_256_PREHASH_SHAKE_256F] 
2026-01-14T17:07:28.9285627Z [gw1] [ 14%] SKIPPED tests/test_acvp_vectors.py::test_acvp_vec_ml_dsa_sig_ver[SLH_DSA_SHAKE_256_PREHASH_SHAKE_256F] 
2026-01-14T17:07:28.9294253Z tests/test_acvp_vectors.py::test_acvp_vec_slh_dsa_sig_keygen[Dilithium2] 
2026-01-14T17:07:28.9299622Z [gw1] [ 14%] SKIPPED tests/test_acvp_vectors.py::test_acvp_vec_slh_dsa_sig_keygen[Dilithium2] 
2026-01-14T17:07:28.9310678Z tests/test_acvp_vectors.py::test_acvp_vec_slh_dsa_sig_keygen[Dilithium3] 
2026-01-14T17:07:28.9314661Z [gw1] [ 14%] SKIPPED tests/test_acvp_vectors.py::test_acvp_vec_slh_dsa_sig_keygen[Dilithium3] 
2026-01-14T17:07:28.9325606Z tests/test_acvp_vectors.py::test_acvp_vec_slh_dsa_sig_keygen[Dilithium5] 
2026-01-14T17:07:28.9330820Z [gw1] [ 14%] SKIPPED tests/test_acvp_vectors.py::test_acvp_vec_slh_dsa_sig_keygen[Dilithium5] 
2026-01-14T17:07:28.9340882Z tests/test_acvp_vectors.py::test_acvp_vec_slh_dsa_sig_keygen[ML-DSA-44] 
2026-01-14T17:07:28.9346884Z [gw1] [ 14%] SKIPPED tests/test_acvp_vectors.py::test_acvp_vec_slh_dsa_sig_keygen[ML-DSA-44] 
2026-01-14T17:07:28.9356767Z tests/test_acvp_vectors.py::test_acvp_vec_slh_dsa_sig_keygen[ML-DSA-65] 
2026-01-14T17:07:28.9363509Z [gw1] [ 14%] SKIPPED tests/test_acvp_vectors.py::test_acvp_vec_slh_dsa_sig_keygen[ML-DSA-65] 
2026-01-14T17:07:28.9372198Z tests/test_acvp_vectors.py::test_acvp_vec_slh_dsa_sig_keygen[ML-DSA-87] 
2026-01-14T17:07:28.9380459Z [gw1] [ 14%] SKIPPED tests/test_acvp_vectors.py::test_acvp_vec_slh_dsa_sig_keygen[ML-DSA-87] 
2026-01-14T17:07:28.9391208Z tests/test_acvp_vectors.py::test_acvp_vec_slh_dsa_sig_keygen[Falcon-512] 
2026-01-14T17:07:28.9396242Z [gw1] [ 14%] SKIPPED tests/test_acvp_vectors.py::test_acvp_vec_slh_dsa_sig_keygen[Falcon-512] 
2026-01-14T17:07:28.9431100Z tests/test_acvp_vectors.py::test_acvp_vec_slh_dsa_sig_keygen[Falcon-1024] 
2026-01-14T17:07:28.9434127Z [gw1] [ 14%] SKIPPED tests/test_acvp_vectors.py::test_acvp_vec_slh_dsa_sig_keygen[Falcon-1024] 
2026-01-14T17:07:28.9435348Z tests/test_acvp_vectors.py::test_acvp_vec_slh_dsa_sig_keygen[Falcon-padded-512] 
2026-01-14T17:07:28.9436389Z [gw1] [ 14%] SKIPPED tests/test_acvp_vectors.py::test_acvp_vec_slh_dsa_sig_keygen[Falcon-padded-512] 
2026-01-14T17:07:28.9437424Z tests/test_acvp_vectors.py::test_acvp_vec_slh_dsa_sig_keygen[Falcon-padded-1024] 
2026-01-14T17:07:28.9443112Z [gw1] [ 14%] SKIPPED tests/test_acvp_vectors.py::test_acvp_vec_slh_dsa_sig_keygen[Falcon-padded-1024] 
2026-01-14T17:07:28.9451519Z tests/test_acvp_vectors.py::test_acvp_vec_slh_dsa_sig_keygen[SPHINCS+-SHA2-128f-simple] 
2026-01-14T17:07:28.9459025Z [gw1] [ 14%] SKIPPED tests/test_acvp_vectors.py::test_acvp_vec_slh_dsa_sig_keygen[SPHINCS+-SHA2-128f-simple] 
2026-01-14T17:07:28.9467816Z tests/test_acvp_vectors.py::test_acvp_vec_slh_dsa_sig_keygen[SPHINCS+-SHA2-128s-simple] 
2026-01-14T17:07:28.9473814Z [gw1] [ 15%] SKIPPED tests/test_acvp_vectors.py::test_acvp_vec_slh_dsa_sig_keygen[SPHINCS+-SHA2-128s-simple] 
2026-01-14T17:07:28.9483333Z tests/test_acvp_vectors.py::test_acvp_vec_slh_dsa_sig_keygen[SPHINCS+-SHA2-192f-simple] 
2026-01-14T17:07:28.9492112Z [gw1] [ 15%] SKIPPED tests/test_acvp_vectors.py::test_acvp_vec_slh_dsa_sig_keygen[SPHINCS+-SHA2-192f-simple] 
2026-01-14T17:07:28.9503180Z tests/test_acvp_vectors.py::test_acvp_vec_slh_dsa_sig_keygen[SPHINCS+-SHA2-192s-simple] 
2026-01-14T17:07:28.9507677Z [gw1] [ 15%] SKIPPED tests/test_acvp_vectors.py::test_acvp_vec_slh_dsa_sig_keygen[SPHINCS+-SHA2-192s-simple] 
2026-01-14T17:07:28.9520046Z tests/test_acvp_vectors.py::test_acvp_vec_slh_dsa_sig_keygen[SPHINCS+-SHA2-256f-simple] 
2026-01-14T17:07:28.9523925Z [gw1] [ 15%] SKIPPED tests/test_acvp_vectors.py::test_acvp_vec_slh_dsa_sig_keygen[SPHINCS+-SHA2-256f-simple] 
2026-01-14T17:07:28.9533881Z tests/test_acvp_vectors.py::test_acvp_vec_slh_dsa_sig_keygen[SPHINCS+-SHA2-256s-simple] 
2026-01-14T17:07:28.9539723Z [gw1] [ 15%] SKIPPED tests/test_acvp_vectors.py::test_acvp_vec_slh_dsa_sig_keygen[SPHINCS+-SHA2-256s-simple] 
2026-01-14T17:07:28.9551045Z tests/test_acvp_vectors.py::test_acvp_vec_slh_dsa_sig_keygen[SPHINCS+-SHAKE-128f-simple] 
2026-01-14T17:07:28.9556447Z [gw1] [ 15%] SKIPPED tests/test_acvp_vectors.py::test_acvp_vec_slh_dsa_sig_keygen[SPHINCS+-SHAKE-128f-simple] 
2026-01-14T17:07:28.9566478Z tests/test_acvp_vectors.py::test_acvp_vec_slh_dsa_sig_keygen[SPHINCS+-SHAKE-128s-simple] 
2026-01-14T17:07:28.9571956Z [gw1] [ 15%] SKIPPED tests/test_acvp_vectors.py::test_acvp_vec_slh_dsa_sig_keygen[SPHINCS+-SHAKE-128s-simple] 
2026-01-14T17:07:28.9583066Z tests/test_acvp_vectors.py::test_acvp_vec_slh_dsa_sig_keygen[SPHINCS+-SHAKE-192f-simple] 
2026-01-14T17:07:28.9604870Z [gw1] [ 15%] SKIPPED tests/test_acvp_vectors.py::test_acvp_vec_slh_dsa_sig_keygen[SPHINCS+-SHAKE-192f-simple] 
2026-01-14T17:07:28.9610570Z tests/test_acvp_vectors.py::test_acvp_vec_slh_dsa_sig_keygen[SPHINCS+-SHAKE-192s-simple] 
2026-01-14T17:07:28.9611846Z [gw1] [ 15%] SKIPPED tests/test_acvp_vectors.py::test_acvp_vec_slh_dsa_sig_keygen[SPHINCS+-SHAKE-192s-simple] 
2026-01-14T17:07:28.9618829Z tests/test_acvp_vectors.py::test_acvp_vec_slh_dsa_sig_keygen[SPHINCS+-SHAKE-256f-simple] 
2026-01-14T17:07:28.9624492Z [gw1] [ 15%] SKIPPED tests/test_acvp_vectors.py::test_acvp_vec_slh_dsa_sig_keygen[SPHINCS+-SHAKE-256f-simple] 
2026-01-14T17:07:28.9636092Z tests/test_acvp_vectors.py::test_acvp_vec_slh_dsa_sig_keygen[SPHINCS+-SHAKE-256s-simple] 
2026-01-14T17:07:28.9641906Z [gw1] [ 15%] SKIPPED tests/test_acvp_vectors.py::test_acvp_vec_slh_dsa_sig_keygen[SPHINCS+-SHAKE-256s-simple] 
2026-01-14T17:07:28.9652953Z tests/test_acvp_vectors.py::test_acvp_vec_slh_dsa_sig_keygen[MAYO-1] 
2026-01-14T17:07:28.9659818Z [gw1] [ 15%] SKIPPED tests/test_acvp_vectors.py::test_acvp_vec_slh_dsa_sig_keygen[MAYO-1] 
2026-01-14T17:07:28.9671479Z tests/test_acvp_vectors.py::test_acvp_vec_slh_dsa_sig_keygen[MAYO-2] 
2026-01-14T17:07:28.9677052Z [gw1] [ 15%] SKIPPED tests/test_acvp_vectors.py::test_acvp_vec_slh_dsa_sig_keygen[MAYO-2] 
2026-01-14T17:07:28.9688685Z tests/test_acvp_vectors.py::test_acvp_vec_slh_dsa_sig_keygen[MAYO-3] 
2026-01-14T17:07:28.9694606Z [gw1] [ 15%] SKIPPED tests/test_acvp_vectors.py::test_acvp_vec_slh_dsa_sig_keygen[MAYO-3] 
2026-01-14T17:07:28.9706554Z tests/test_acvp_vectors.py::test_acvp_vec_slh_dsa_sig_keygen[MAYO-5] 
2026-01-14T17:07:28.9712599Z [gw1] [ 15%] SKIPPED tests/test_acvp_vectors.py::test_acvp_vec_slh_dsa_sig_keygen[MAYO-5] 
2026-01-14T17:07:28.9724278Z tests/test_acvp_vectors.py::test_acvp_vec_slh_dsa_sig_keygen[cross-rsdp-128-balanced] 
2026-01-14T17:07:29.0003109Z [gw1] [ 15%] SKIPPED tests/test_acvp_vectors.py::test_acvp_vec_slh_dsa_sig_keygen[cross-rsdp-128-balanced] 
2026-01-14T17:07:29.0014231Z tests/test_acvp_vectors.py::test_acvp_vec_slh_dsa_sig_keygen[cross-rsdp-128-fast] 
2026-01-14T17:07:29.0021238Z [gw1] [ 15%] SKIPPED tests/test_acvp_vectors.py::test_acvp_vec_slh_dsa_sig_keygen[cross-rsdp-128-fast] 
2026-01-14T17:07:29.0033972Z tests/test_acvp_vectors.py::test_acvp_vec_slh_dsa_sig_keygen[cross-rsdp-128-small] 
2026-01-14T17:07:29.0040187Z [gw1] [ 15%] SKIPPED tests/test_acvp_vectors.py::test_acvp_vec_slh_dsa_sig_keygen[cross-rsdp-128-small] 
2026-01-14T17:07:29.0052567Z tests/test_acvp_vectors.py::test_acvp_vec_slh_dsa_sig_keygen[cross-rsdp-192-balanced] 
2026-01-14T17:07:29.0062334Z [gw1] [ 15%] SKIPPED tests/test_acvp_vectors.py::test_acvp_vec_slh_dsa_sig_keygen[cross-rsdp-192-balanced] 
2026-01-14T17:07:29.0074428Z tests/test_acvp_vectors.py::test_acvp_vec_slh_dsa_sig_keygen[cross-rsdp-192-fast] 
2026-01-14T17:07:29.0080516Z [gw1] [ 15%] SKIPPED tests/test_acvp_vectors.py::test_acvp_vec_slh_dsa_sig_keygen[cross-rsdp-192-fast] 
2026-01-14T17:07:29.0091647Z tests/test_acvp_vectors.py::test_acvp_vec_slh_dsa_sig_keygen[cross-rsdp-192-small] 
2026-01-14T17:07:29.0098226Z [gw1] [ 15%] SKIPPED tests/test_acvp_vectors.py::test_acvp_vec_slh_dsa_sig_keygen[cross-rsdp-192-small] 
2026-01-14T17:07:29.0112649Z tests/test_acvp_vectors.py::test_acvp_vec_slh_dsa_sig_keygen[cross-rsdp-256-balanced] 
2026-01-14T17:07:29.0114032Z [gw0] [ 15%] PASSED tests/test_acvp_vectors.py::test_acvp_vec_kem_encdec_aft[ML-KEM-1024] 
2026-01-14T17:07:29.0117282Z [gw1] [ 15%] SKIPPED tests/test_acvp_vectors.py::test_acvp_vec_slh_dsa_sig_keygen[cross-rsdp-256-balanced] 
2026-01-14T17:07:29.0125071Z tests/test_acvp_vectors.py::test_acvp_vec_slh_dsa_sig_keygen[cross-rsdp-256-fast] 
2026-01-14T17:07:29.0130607Z tests/test_acvp_vectors.py::test_acvp_vec_kem_encdec_aft[NTRU-HPS-2048-509] 
2026-01-14T17:07:29.0138181Z [gw1] [ 15%] SKIPPED tests/test_acvp_vectors.py::test_acvp_vec_slh_dsa_sig_keygen[cross-rsdp-256-fast] 
2026-01-14T17:07:29.0145319Z tests/test_acvp_vectors.py::test_acvp_vec_slh_dsa_sig_keygen[cross-rsdp-256-small] 
2026-01-14T17:07:29.0148796Z [gw0] [ 15%] SKIPPED tests/test_acvp_vectors.py::test_acvp_vec_kem_encdec_aft[NTRU-HPS-2048-509] 
2026-01-14T17:07:29.0157012Z tests/test_acvp_vectors.py::test_acvp_vec_kem_encdec_aft[NTRU-HPS-2048-677] 
2026-01-14T17:07:29.0178917Z [gw0] [ 15%] SKIPPED tests/test_acvp_vectors.py::test_acvp_vec_kem_encdec_aft[NTRU-HPS-2048-677] 
2026-01-14T17:07:29.0179935Z tests/test_acvp_vectors.py::test_acvp_vec_kem_encdec_aft[NTRU-HPS-4096-821] 
2026-01-14T17:07:29.0180938Z [gw1] [ 15%] SKIPPED tests/test_acvp_vectors.py::test_acvp_vec_slh_dsa_sig_keygen[cross-rsdp-256-small] 
2026-01-14T17:07:29.0191789Z tests/test_acvp_vectors.py::test_acvp_vec_slh_dsa_sig_keygen[cross-rsdpg-128-balanced] 
2026-01-14T17:07:29.0199515Z [gw1] [ 15%] SKIPPED tests/test_acvp_vectors.py::test_acvp_vec_slh_dsa_sig_keygen[cross-rsdpg-128-balanced] 
2026-01-14T17:07:29.0205584Z tests/test_acvp_vectors.py::test_acvp_vec_slh_dsa_sig_keygen[cross-rsdpg-128-fast] 
2026-01-14T17:07:29.0206876Z [gw0] [ 15%] SKIPPED tests/test_acvp_vectors.py::test_acvp_vec_kem_encdec_aft[NTRU-HPS-4096-821] 
2026-01-14T17:07:29.0210840Z tests/test_acvp_vectors.py::test_acvp_vec_kem_encdec_aft[NTRU-HPS-4096-1229] 
2026-01-14T17:07:29.0219171Z [gw0] [ 15%] SKIPPED tests/test_acvp_vectors.py::test_acvp_vec_kem_encdec_aft[NTRU-HPS-4096-1229] 
2026-01-14T17:07:29.0221627Z [gw1] [ 15%] SKIPPED tests/test_acvp_vectors.py::test_acvp_vec_slh_dsa_sig_keygen[cross-rsdpg-128-fast] 
2026-01-14T17:07:29.0225592Z tests/test_acvp_vectors.py::test_acvp_vec_slh_dsa_sig_keygen[cross-rsdpg-128-small] 
2026-01-14T17:07:29.0226522Z tests/test_acvp_vectors.py::test_acvp_vec_kem_encdec_aft[NTRU-HRSS-701] 
2026-01-14T17:07:29.0229782Z [gw1] [ 16%] SKIPPED tests/test_acvp_vectors.py::test_acvp_vec_slh_dsa_sig_keygen[cross-rsdpg-128-small] 
2026-01-14T17:07:29.0231317Z tests/test_acvp_vectors.py::test_acvp_vec_slh_dsa_sig_keygen[cross-rsdpg-192-balanced] 
2026-01-14T17:07:29.0232398Z [gw0] [ 16%] SKIPPED tests/test_acvp_vectors.py::test_acvp_vec_kem_encdec_aft[NTRU-HRSS-701] 
2026-01-14T17:07:29.0233364Z tests/test_acvp_vectors.py::test_acvp_vec_kem_encdec_aft[NTRU-HRSS-1373] 
2026-01-14T17:07:29.0237084Z [gw1] [ 16%] SKIPPED tests/test_acvp_vectors.py::test_acvp_vec_slh_dsa_sig_keygen[cross-rsdpg-192-balanced] 
2026-01-14T17:07:29.0240824Z tests/test_acvp_vectors.py::test_acvp_vec_slh_dsa_sig_keygen[cross-rsdpg-192-fast] 
2026-01-14T17:07:29.0253959Z [gw0] [ 16%] SKIPPED tests/test_acvp_vectors.py::test_acvp_vec_kem_encdec_aft[NTRU-HRSS-1373] 
2026-01-14T17:07:29.0255690Z tests/test_acvp_vectors.py::test_acvp_vec_kem_encdec_aft[sntrup761] 
2026-01-14T17:07:29.0257335Z [gw1] [ 16%] SKIPPED tests/test_acvp_vectors.py::test_acvp_vec_slh_dsa_sig_keygen[cross-rsdpg-192-fast] 
2026-01-14T17:07:29.0258711Z tests/test_acvp_vectors.py::test_acvp_vec_slh_dsa_sig_keygen[cross-rsdpg-192-small] 
2026-01-14T17:07:29.0267932Z [gw0] [ 16%] SKIPPED tests/test_acvp_vectors.py::test_acvp_vec_kem_encdec_aft[sntrup761] 
2026-01-14T17:07:29.0268907Z tests/test_acvp_vectors.py::test_acvp_vec_kem_encdec_aft[FrodoKEM-640-AES] 
2026-01-14T17:07:29.0280744Z [gw1] [ 16%] SKIPPED tests/test_acvp_vectors.py::test_acvp_vec_slh_dsa_sig_keygen[cross-rsdpg-192-small] 
2026-01-14T17:07:29.0284098Z tests/test_acvp_vectors.py::test_acvp_vec_slh_dsa_sig_keygen[cross-rsdpg-256-balanced] 
2026-01-14T17:07:29.0285657Z [gw0] [ 16%] SKIPPED tests/test_acvp_vectors.py::test_acvp_vec_kem_encdec_aft[FrodoKEM-640-AES] 
2026-01-14T17:07:29.0286819Z [gw1] [ 16%] SKIPPED tests/test_acvp_vectors.py::test_acvp_vec_slh_dsa_sig_keygen[cross-rsdpg-256-balanced] 
2026-01-14T17:07:29.0302204Z tests/test_acvp_vectors.py::test_acvp_vec_kem_encdec_aft[FrodoKEM-640-SHAKE] 
2026-01-14T17:07:29.0303223Z tests/test_acvp_vectors.py::test_acvp_vec_slh_dsa_sig_keygen[cross-rsdpg-256-fast] 
2026-01-14T17:07:29.0305227Z [gw0] [ 16%] SKIPPED tests/test_acvp_vectors.py::test_acvp_vec_kem_encdec_aft[FrodoKEM-640-SHAKE] 
2026-01-14T17:07:29.0307228Z tests/test_acvp_vectors.py::test_acvp_vec_kem_encdec_aft[FrodoKEM-976-AES] 
2026-01-14T17:07:29.0313247Z [gw0] [ 16%] SKIPPED tests/test_acvp_vectors.py::test_acvp_vec_kem_encdec_aft[FrodoKEM-976-AES] 
2026-01-14T17:07:29.0328284Z [gw1] [ 16%] SKIPPED tests/test_acvp_vectors.py::test_acvp_vec_slh_dsa_sig_keygen[cross-rsdpg-256-fast] 
2026-01-14T17:07:29.0337285Z tests/test_acvp_vectors.py::test_acvp_vec_slh_dsa_sig_keygen[cross-rsdpg-256-small] 
2026-01-14T17:07:29.0345873Z [gw1] [ 16%] SKIPPED tests/test_acvp_vectors.py::test_acvp_vec_slh_dsa_sig_keygen[cross-rsdpg-256-small] 
2026-01-14T17:07:29.0350179Z tests/test_acvp_vectors.py::test_acvp_vec_slh_dsa_sig_keygen[OV-Is] 
2026-01-14T17:07:29.0351049Z tests/test_acvp_vectors.py::test_acvp_vec_kem_encdec_aft[FrodoKEM-976-SHAKE] 
2026-01-14T17:07:29.0352048Z [gw0] [ 16%] SKIPPED tests/test_acvp_vectors.py::test_acvp_vec_kem_encdec_aft[FrodoKEM-976-SHAKE] 
2026-01-14T17:07:29.0354606Z [gw1] [ 16%] SKIPPED tests/test_acvp_vectors.py::test_acvp_vec_slh_dsa_sig_keygen[OV-Is] 
2026-01-14T17:07:29.0356213Z tests/test_acvp_vectors.py::test_acvp_vec_slh_dsa_sig_keygen[OV-Ip] 
2026-01-14T17:07:29.0357662Z tests/test_acvp_vectors.py::test_acvp_vec_kem_encdec_aft[FrodoKEM-1344-AES] 
2026-01-14T17:07:29.0359684Z [gw0] [ 16%] SKIPPED tests/test_acvp_vectors.py::test_acvp_vec_kem_encdec_aft[FrodoKEM-1344-AES] 
2026-01-14T17:07:29.0371428Z tests/test_acvp_vectors.py::test_acvp_vec_kem_encdec_aft[FrodoKEM-1344-SHAKE] 
2026-01-14T17:07:29.0374692Z [gw0] [ 16%] SKIPPED tests/test_acvp_vectors.py::test_acvp_vec_kem_encdec_aft[FrodoKEM-1344-SHAKE] 
2026-01-14T17:07:29.0387070Z tests/test_acvp_vectors.py::test_acvp_vec_kem_encdec_val[BIKE-L1] 
2026-01-14T17:07:29.0388007Z [gw1] [ 16%] SKIPPED tests/test_acvp_vectors.py::test_acvp_vec_slh_dsa_sig_keygen[OV-Ip] 
2026-01-14T17:07:29.0389112Z tests/test_acvp_vectors.py::test_acvp_vec_slh_dsa_sig_keygen[OV-III] 
2026-01-14T17:07:29.0401629Z [gw1] [ 16%] SKIPPED tests/test_acvp_vectors.py::test_acvp_vec_slh_dsa_sig_keygen[OV-III] 
2026-01-14T17:07:29.0406860Z tests/test_acvp_vectors.py::test_acvp_vec_slh_dsa_sig_keygen[OV-V] 
2026-01-14T17:07:29.0411243Z [gw0] [ 16%] SKIPPED tests/test_acvp_vectors.py::test_acvp_vec_kem_encdec_val[BIKE-L1] 
2026-01-14T17:07:29.0414108Z tests/test_acvp_vectors.py::test_acvp_vec_kem_encdec_val[BIKE-L3] 
2026-01-14T17:07:29.0421110Z [gw0] [ 16%] SKIPPED tests/test_acvp_vectors.py::test_acvp_vec_kem_encdec_val[BIKE-L3] 
2026-01-14T17:07:29.0422787Z tests/test_acvp_vectors.py::test_acvp_vec_kem_encdec_val[BIKE-L5] 
2026-01-14T17:07:29.0424190Z [gw1] [ 16%] SKIPPED tests/test_acvp_vectors.py::test_acvp_vec_slh_dsa_sig_keygen[OV-V] 
2026-01-14T17:07:29.0425787Z tests/test_acvp_vectors.py::test_acvp_vec_slh_dsa_sig_keygen[OV-Is-pkc] 
2026-01-14T17:07:29.0427223Z [gw1] [ 16%] SKIPPED tests/test_acvp_vectors.py::test_acvp_vec_slh_dsa_sig_keygen[OV-Is-pkc] 
2026-01-14T17:07:29.0432020Z tests/test_acvp_vectors.py::test_acvp_vec_slh_dsa_sig_keygen[OV-Ip-pkc] 
2026-01-14T17:07:29.0433837Z [gw0] [ 16%] SKIPPED tests/test_acvp_vectors.py::test_acvp_vec_kem_encdec_val[BIKE-L5] 
2026-01-14T17:07:29.0447521Z tests/test_acvp_vectors.py::test_acvp_vec_kem_encdec_val[Classic-McEliece-348864] 
2026-01-14T17:07:29.0448616Z [gw0] [ 16%] SKIPPED tests/test_acvp_vectors.py::test_acvp_vec_kem_encdec_val[Classic-McEliece-348864] 
2026-01-14T17:07:29.0478189Z [gw1] [ 16%] SKIPPED tests/test_acvp_vectors.py::test_acvp_vec_slh_dsa_sig_keygen[OV-Ip-pkc] 
2026-01-14T17:07:29.0493741Z tests/test_acvp_vectors.py::test_acvp_vec_kem_encdec_val[Classic-McEliece-348864f] 
2026-01-14T17:07:29.0499159Z [gw0] [ 16%] SKIPPED tests/test_acvp_vectors.py::test_acvp_vec_kem_encdec_val[Classic-McEliece-348864f] 
2026-01-14T17:07:29.0500453Z tests/test_acvp_vectors.py::test_acvp_vec_kem_encdec_val[Classic-McEliece-460896] 
2026-01-14T17:07:29.0501514Z [gw0] [ 16%] SKIPPED tests/test_acvp_vectors.py::test_acvp_vec_kem_encdec_val[Classic-McEliece-460896] 
2026-01-14T17:07:29.0509849Z tests/test_acvp_vectors.py::test_acvp_vec_slh_dsa_sig_keygen[OV-III-pkc] 
2026-01-14T17:07:29.0512663Z [gw1] [ 16%] SKIPPED tests/test_acvp_vectors.py::test_acvp_vec_slh_dsa_sig_keygen[OV-III-pkc] 
2026-01-14T17:07:29.0515778Z tests/test_acvp_vectors.py::test_acvp_vec_slh_dsa_sig_keygen[OV-V-pkc] 
2026-01-14T17:07:29.0526803Z [gw1] [ 16%] SKIPPED tests/test_acvp_vectors.py::test_acvp_vec_slh_dsa_sig_keygen[OV-V-pkc] 
2026-01-14T17:07:29.0539101Z tests/test_acvp_vectors.py::test_acvp_vec_slh_dsa_sig_keygen[OV-Is-pkc-skc] 
2026-01-14T17:07:29.0548000Z [gw1] [ 16%] SKIPPED tests/test_acvp_vectors.py::test_acvp_vec_slh_dsa_sig_keygen[OV-Is-pkc-skc] 
2026-01-14T17:07:29.0550370Z tests/test_acvp_vectors.py::test_acvp_vec_slh_dsa_sig_keygen[OV-Ip-pkc-skc] 
2026-01-14T17:07:29.0551337Z tests/test_acvp_vectors.py::test_acvp_vec_kem_encdec_val[Classic-McEliece-460896f] 
2026-01-14T17:07:29.0552412Z [gw0] [ 17%] SKIPPED tests/test_acvp_vectors.py::test_acvp_vec_kem_encdec_val[Classic-McEliece-460896f] 
2026-01-14T17:07:29.0553465Z tests/test_acvp_vectors.py::test_acvp_vec_kem_encdec_val[Classic-McEliece-6688128] 
2026-01-14T17:07:29.0554493Z [gw1] [ 17%] SKIPPED tests/test_acvp_vectors.py::test_acvp_vec_slh_dsa_sig_keygen[OV-Ip-pkc-skc] 
2026-01-14T17:07:29.0555724Z tests/test_acvp_vectors.py::test_acvp_vec_slh_dsa_sig_keygen[OV-III-pkc-skc] 
2026-01-14T17:07:29.0556952Z [gw0] [ 17%] SKIPPED tests/test_acvp_vectors.py::test_acvp_vec_kem_encdec_val[Classic-McEliece-6688128] 
2026-01-14T17:07:29.0558197Z tests/test_acvp_vectors.py::test_acvp_vec_kem_encdec_val[Classic-McEliece-6688128f] 
2026-01-14T17:07:29.0559239Z [gw0] [ 17%] SKIPPED tests/test_acvp_vectors.py::test_acvp_vec_kem_encdec_val[Classic-McEliece-6688128f] 
2026-01-14T17:07:29.0560279Z tests/test_acvp_vectors.py::test_acvp_vec_kem_encdec_val[Classic-McEliece-6960119] 
2026-01-14T17:07:29.0567730Z [gw1] [ 17%] SKIPPED tests/test_acvp_vectors.py::test_acvp_vec_slh_dsa_sig_keygen[OV-III-pkc-skc] 
2026-01-14T17:07:29.0568775Z tests/test_acvp_vectors.py::test_acvp_vec_slh_dsa_sig_keygen[OV-V-pkc-skc] 
2026-01-14T17:07:29.0569788Z [gw0] [ 17%] SKIPPED tests/test_acvp_vectors.py::test_acvp_vec_kem_encdec_val[Classic-McEliece-6960119] 
2026-01-14T17:07:29.0570838Z tests/test_acvp_vectors.py::test_acvp_vec_kem_encdec_val[Classic-McEliece-6960119f] 
2026-01-14T17:07:29.0572134Z [gw1] [ 17%] SKIPPED tests/test_acvp_vectors.py::test_acvp_vec_slh_dsa_sig_keygen[OV-V-pkc-skc] 
2026-01-14T17:07:29.0577315Z tests/test_acvp_vectors.py::test_acvp_vec_slh_dsa_sig_keygen[SNOVA_24_5_4] 
2026-01-14T17:07:29.0578418Z [gw0] [ 17%] SKIPPED tests/test_acvp_vectors.py::test_acvp_vec_kem_encdec_val[Classic-McEliece-6960119f] 
2026-01-14T17:07:29.0583455Z tests/test_acvp_vectors.py::test_acvp_vec_kem_encdec_val[Classic-McEliece-8192128] 
2026-01-14T17:07:29.0584453Z [gw1] [ 17%] SKIPPED tests/test_acvp_vectors.py::test_acvp_vec_slh_dsa_sig_keygen[SNOVA_24_5_4] 
2026-01-14T17:07:29.0585605Z tests/test_acvp_vectors.py::test_acvp_vec_slh_dsa_sig_keygen[SNOVA_24_5_4_SHAKE] 
2026-01-14T17:07:29.0586626Z [gw0] [ 17%] SKIPPED tests/test_acvp_vectors.py::test_acvp_vec_kem_encdec_val[Classic-McEliece-8192128] 
2026-01-14T17:07:29.0587691Z tests/test_acvp_vectors.py::test_acvp_vec_kem_encdec_val[Classic-McEliece-8192128f] 
2026-01-14T17:07:29.0588718Z [gw0] [ 17%] SKIPPED tests/test_acvp_vectors.py::test_acvp_vec_kem_encdec_val[Classic-McEliece-8192128f] 
2026-01-14T17:07:29.0589765Z [gw1] [ 17%] SKIPPED tests/test_acvp_vectors.py::test_acvp_vec_slh_dsa_sig_keygen[SNOVA_24_5_4_SHAKE] 
2026-01-14T17:07:29.0591003Z tests/test_acvp_vectors.py::test_acvp_vec_slh_dsa_sig_keygen[SNOVA_24_5_4_esk] 
2026-01-14T17:07:29.0591844Z tests/test_acvp_vectors.py::test_acvp_vec_kem_encdec_val[HQC-128] 
2026-01-14T17:07:29.0592750Z [gw0] [ 17%] SKIPPED tests/test_acvp_vectors.py::test_acvp_vec_kem_encdec_val[HQC-128] 
2026-01-14T17:07:29.0595587Z tests/test_acvp_vectors.py::test_acvp_vec_kem_encdec_val[HQC-192] 
2026-01-14T17:07:29.0597238Z [gw1] [ 17%] SKIPPED tests/test_acvp_vectors.py::test_acvp_vec_slh_dsa_sig_keygen[SNOVA_24_5_4_esk] 
2026-01-14T17:07:29.0598950Z tests/test_acvp_vectors.py::test_acvp_vec_slh_dsa_sig_keygen[SNOVA_24_5_4_SHAKE_esk] 
2026-01-14T17:07:29.0605933Z [gw1] [ 17%] SKIPPED tests/test_acvp_vectors.py::test_acvp_vec_slh_dsa_sig_keygen[SNOVA_24_5_4_SHAKE_esk] 
2026-01-14T17:07:29.0607491Z tests/test_acvp_vectors.py::test_acvp_vec_slh_dsa_sig_keygen[SNOVA_37_17_2] 
2026-01-14T17:07:29.0608433Z [gw0] [ 17%] SKIPPED tests/test_acvp_vectors.py::test_acvp_vec_kem_encdec_val[HQC-192] 
2026-01-14T17:07:29.0614854Z tests/test_acvp_vectors.py::test_acvp_vec_kem_encdec_val[HQC-256] 
2026-01-14T17:07:29.0616717Z [gw1] [ 17%] SKIPPED tests/test_acvp_vectors.py::test_acvp_vec_slh_dsa_sig_keygen[SNOVA_37_17_2] 
2026-01-14T17:07:29.0628093Z tests/test_acvp_vectors.py::test_acvp_vec_slh_dsa_sig_keygen[SNOVA_25_8_3] 
2026-01-14T17:07:29.0633514Z [gw0] [ 17%] SKIPPED tests/test_acvp_vectors.py::test_acvp_vec_kem_encdec_val[HQC-256] 
2026-01-14T17:07:29.0636880Z tests/test_acvp_vectors.py::test_acvp_vec_kem_encdec_val[Kyber512] 
2026-01-14T17:07:29.0640423Z [gw1] [ 17%] SKIPPED tests/test_acvp_vectors.py::test_acvp_vec_slh_dsa_sig_keygen[SNOVA_25_8_3] 
2026-01-14T17:07:29.0645972Z tests/test_acvp_vectors.py::test_acvp_vec_slh_dsa_sig_keygen[SNOVA_56_25_2] 
2026-01-14T17:07:29.0656649Z [gw0] [ 17%] SKIPPED tests/test_acvp_vectors.py::test_acvp_vec_kem_encdec_val[Kyber512] 
2026-01-14T17:07:29.0660967Z tests/test_acvp_vectors.py::test_acvp_vec_kem_encdec_val[Kyber768] 
2026-01-14T17:07:29.0671655Z [gw1] [ 17%] SKIPPED tests/test_acvp_vectors.py::test_acvp_vec_slh_dsa_sig_keygen[SNOVA_56_25_2] 
2026-01-14T17:07:29.0678265Z tests/test_acvp_vectors.py::test_acvp_vec_slh_dsa_sig_keygen[SNOVA_49_11_3] 
2026-01-14T17:07:29.0680490Z [gw0] [ 17%] SKIPPED tests/test_acvp_vectors.py::test_acvp_vec_kem_encdec_val[Kyber768] 
2026-01-14T17:07:29.0681327Z tests/test_acvp_vectors.py::test_acvp_vec_kem_encdec_val[Kyber1024] 
2026-01-14T17:07:29.0684026Z [gw1] [ 17%] SKIPPED tests/test_acvp_vectors.py::test_acvp_vec_slh_dsa_sig_keygen[SNOVA_49_11_3] 
2026-01-14T17:07:29.0695412Z tests/test_acvp_vectors.py::test_acvp_vec_slh_dsa_sig_keygen[SNOVA_37_8_4] 
2026-01-14T17:07:29.0696550Z [gw0] [ 17%] SKIPPED tests/test_acvp_vectors.py::test_acvp_vec_kem_encdec_val[Kyber1024] 
2026-01-14T17:07:29.0699206Z [gw1] [ 17%] SKIPPED tests/test_acvp_vectors.py::test_acvp_vec_slh_dsa_sig_keygen[SNOVA_37_8_4] 
2026-01-14T17:07:29.0700355Z tests/test_acvp_vectors.py::test_acvp_vec_slh_dsa_sig_keygen[SNOVA_24_5_5] 
2026-01-14T17:07:29.0701132Z tests/test_acvp_vectors.py::test_acvp_vec_kem_encdec_val[ML-KEM-512] 
2026-01-14T17:07:29.0705088Z [gw1] [ 17%] SKIPPED tests/test_acvp_vectors.py::test_acvp_vec_slh_dsa_sig_keygen[SNOVA_24_5_5] 
2026-01-14T17:07:29.0714835Z tests/test_acvp_vectors.py::test_acvp_vec_slh_dsa_sig_keygen[SNOVA_60_10_4] 
2026-01-14T17:07:29.0720376Z [gw1] [ 17%] SKIPPED tests/test_acvp_vectors.py::test_acvp_vec_slh_dsa_sig_keygen[SNOVA_60_10_4] 
2026-01-14T17:07:29.0732472Z tests/test_acvp_vectors.py::test_acvp_vec_slh_dsa_sig_keygen[SNOVA_29_6_5] 
2026-01-14T17:07:29.0739972Z [gw1] [ 17%] SKIPPED tests/test_acvp_vectors.py::test_acvp_vec_slh_dsa_sig_keygen[SNOVA_29_6_5] 
2026-01-14T17:07:29.0751573Z tests/test_acvp_vectors.py::test_acvp_vec_slh_dsa_sig_keygen[SLH_DSA_PURE_SHA2_128S] 
2026-01-14T17:07:29.0756892Z [gw1] [ 17%] SKIPPED tests/test_acvp_vectors.py::test_acvp_vec_slh_dsa_sig_keygen[SLH_DSA_PURE_SHA2_128S] 
2026-01-14T17:07:29.0769864Z tests/test_acvp_vectors.py::test_acvp_vec_slh_dsa_sig_keygen[SLH_DSA_PURE_SHA2_128F] 
2026-01-14T17:07:29.0775644Z [gw1] [ 17%] SKIPPED tests/test_acvp_vectors.py::test_acvp_vec_slh_dsa_sig_keygen[SLH_DSA_PURE_SHA2_128F] 
2026-01-14T17:07:29.0787577Z tests/test_acvp_vectors.py::test_acvp_vec_slh_dsa_sig_keygen[SLH_DSA_PURE_SHA2_192S] 
2026-01-14T17:07:29.0793669Z [gw1] [ 18%] SKIPPED tests/test_acvp_vectors.py::test_acvp_vec_slh_dsa_sig_keygen[SLH_DSA_PURE_SHA2_192S] 
2026-01-14T17:07:29.0805689Z tests/test_acvp_vectors.py::test_acvp_vec_slh_dsa_sig_keygen[SLH_DSA_PURE_SHA2_192F] 
2026-01-14T17:07:29.0812015Z [gw1] [ 18%] SKIPPED tests/test_acvp_vectors.py::test_acvp_vec_slh_dsa_sig_keygen[SLH_DSA_PURE_SHA2_192F] 
2026-01-14T17:07:29.0823379Z tests/test_acvp_vectors.py::test_acvp_vec_slh_dsa_sig_keygen[SLH_DSA_PURE_SHA2_256S] 
2026-01-14T17:07:29.0829027Z [gw1] [ 18%] SKIPPED tests/test_acvp_vectors.py::test_acvp_vec_slh_dsa_sig_keygen[SLH_DSA_PURE_SHA2_256S] 
2026-01-14T17:07:29.0844226Z tests/test_acvp_vectors.py::test_acvp_vec_slh_dsa_sig_keygen[SLH_DSA_PURE_SHA2_256F] 
2026-01-14T17:07:29.0848380Z [gw1] [ 18%] SKIPPED tests/test_acvp_vectors.py::test_acvp_vec_slh_dsa_sig_keygen[SLH_DSA_PURE_SHA2_256F] 
2026-01-14T17:07:29.0860326Z tests/test_acvp_vectors.py::test_acvp_vec_slh_dsa_sig_keygen[SLH_DSA_PURE_SHAKE_128S] 
2026-01-14T17:07:29.0867213Z [gw1] [ 18%] SKIPPED tests/test_acvp_vectors.py::test_acvp_vec_slh_dsa_sig_keygen[SLH_DSA_PURE_SHAKE_128S] 
2026-01-14T17:07:29.0879477Z tests/test_acvp_vectors.py::test_acvp_vec_slh_dsa_sig_keygen[SLH_DSA_PURE_SHAKE_128F] 
2026-01-14T17:07:29.0884404Z [gw1] [ 18%] SKIPPED tests/test_acvp_vectors.py::test_acvp_vec_slh_dsa_sig_keygen[SLH_DSA_PURE_SHAKE_128F] 
2026-01-14T17:07:29.0900002Z tests/test_acvp_vectors.py::test_acvp_vec_slh_dsa_sig_keygen[SLH_DSA_PURE_SHAKE_192S] 
2026-01-14T17:07:29.0905976Z [gw1] [ 18%] SKIPPED tests/test_acvp_vectors.py::test_acvp_vec_slh_dsa_sig_keygen[SLH_DSA_PURE_SHAKE_192S] 
2026-01-14T17:07:29.0916130Z tests/test_acvp_vectors.py::test_acvp_vec_slh_dsa_sig_keygen[SLH_DSA_PURE_SHAKE_192F] 
2026-01-14T17:07:29.0923128Z [gw1] [ 18%] SKIPPED tests/test_acvp_vectors.py::test_acvp_vec_slh_dsa_sig_keygen[SLH_DSA_PURE_SHAKE_192F] 
2026-01-14T17:07:29.0935959Z tests/test_acvp_vectors.py::test_acvp_vec_slh_dsa_sig_keygen[SLH_DSA_PURE_SHAKE_256S] 
2026-01-14T17:07:29.0949823Z [gw1] [ 18%] SKIPPED tests/test_acvp_vectors.py::test_acvp_vec_slh_dsa_sig_keygen[SLH_DSA_PURE_SHAKE_256S] 
2026-01-14T17:07:29.0956593Z tests/test_acvp_vectors.py::test_acvp_vec_slh_dsa_sig_keygen[SLH_DSA_PURE_SHAKE_256F] 
2026-01-14T17:07:29.0961593Z [gw1] [ 18%] SKIPPED tests/test_acvp_vectors.py::test_acvp_vec_slh_dsa_sig_keygen[SLH_DSA_PURE_SHAKE_256F] 
2026-01-14T17:07:29.0972688Z tests/test_acvp_vectors.py::test_acvp_vec_slh_dsa_sig_keygen[SLH_DSA_SHA2_224_PREHASH_SHA2_128S] 
2026-01-14T17:07:29.0982227Z [gw1] [ 18%] SKIPPED tests/test_acvp_vectors.py::test_acvp_vec_slh_dsa_sig_keygen[SLH_DSA_SHA2_224_PREHASH_SHA2_128S] 
2026-01-14T17:07:29.0989878Z tests/test_acvp_vectors.py::test_acvp_vec_slh_dsa_sig_keygen[SLH_DSA_SHA2_224_PREHASH_SHA2_128F] 
2026-01-14T17:07:29.0997294Z [gw1] [ 18%] SKIPPED tests/test_acvp_vectors.py::test_acvp_vec_slh_dsa_sig_keygen[SLH_DSA_SHA2_224_PREHASH_SHA2_128F] 
2026-01-14T17:07:29.1009667Z tests/test_acvp_vectors.py::test_acvp_vec_slh_dsa_sig_keygen[SLH_DSA_SHA2_224_PREHASH_SHA2_192S] 
2026-01-14T17:07:29.1016016Z [gw1] [ 18%] SKIPPED tests/test_acvp_vectors.py::test_acvp_vec_slh_dsa_sig_keygen[SLH_DSA_SHA2_224_PREHASH_SHA2_192S] 
2026-01-14T17:07:29.1026658Z tests/test_acvp_vectors.py::test_acvp_vec_slh_dsa_sig_keygen[SLH_DSA_SHA2_224_PREHASH_SHA2_192F] 
2026-01-14T17:07:29.1032220Z [gw1] [ 18%] SKIPPED tests/test_acvp_vectors.py::test_acvp_vec_slh_dsa_sig_keygen[SLH_DSA_SHA2_224_PREHASH_SHA2_192F] 
2026-01-14T17:07:29.1044108Z tests/test_acvp_vectors.py::test_acvp_vec_slh_dsa_sig_keygen[SLH_DSA_SHA2_224_PREHASH_SHA2_256S] 
2026-01-14T17:07:29.1050009Z [gw1] [ 18%] SKIPPED tests/test_acvp_vectors.py::test_acvp_vec_slh_dsa_sig_keygen[SLH_DSA_SHA2_224_PREHASH_SHA2_256S] 
2026-01-14T17:07:29.1063077Z tests/test_acvp_vectors.py::test_acvp_vec_slh_dsa_sig_keygen[SLH_DSA_SHA2_224_PREHASH_SHA2_256F] 
2026-01-14T17:07:29.1068710Z [gw1] [ 18%] SKIPPED tests/test_acvp_vectors.py::test_acvp_vec_slh_dsa_sig_keygen[SLH_DSA_SHA2_224_PREHASH_SHA2_256F] 
2026-01-14T17:07:29.1079864Z tests/test_acvp_vectors.py::test_acvp_vec_slh_dsa_sig_keygen[SLH_DSA_SHA2_224_PREHASH_SHAKE_128S] 
2026-01-14T17:07:29.1084506Z [gw1] [ 18%] SKIPPED tests/test_acvp_vectors.py::test_acvp_vec_slh_dsa_sig_keygen[SLH_DSA_SHA2_224_PREHASH_SHAKE_128S] 
2026-01-14T17:07:29.1096730Z tests/test_acvp_vectors.py::test_acvp_vec_slh_dsa_sig_keygen[SLH_DSA_SHA2_224_PREHASH_SHAKE_128F] 
2026-01-14T17:07:29.1102380Z [gw1] [ 18%] SKIPPED tests/test_acvp_vectors.py::test_acvp_vec_slh_dsa_sig_keygen[SLH_DSA_SHA2_224_PREHASH_SHAKE_128F] 
2026-01-14T17:07:29.1114024Z tests/test_acvp_vectors.py::test_acvp_vec_slh_dsa_sig_keygen[SLH_DSA_SHA2_224_PREHASH_SHAKE_192S] 
2026-01-14T17:07:29.1160532Z [gw1] [ 18%] SKIPPED tests/test_acvp_vectors.py::test_acvp_vec_slh_dsa_sig_keygen[SLH_DSA_SHA2_224_PREHASH_SHAKE_192S] 
2026-01-14T17:07:29.1161823Z tests/test_acvp_vectors.py::test_acvp_vec_slh_dsa_sig_keygen[SLH_DSA_SHA2_224_PREHASH_SHAKE_192F] 
2026-01-14T17:07:29.1164748Z [gw1] [ 18%] SKIPPED tests/test_acvp_vectors.py::test_acvp_vec_slh_dsa_sig_keygen[SLH_DSA_SHA2_224_PREHASH_SHAKE_192F] 
2026-01-14T17:07:29.1166167Z tests/test_acvp_vectors.py::test_acvp_vec_slh_dsa_sig_keygen[SLH_DSA_SHA2_224_PREHASH_SHAKE_256S] 
2026-01-14T17:07:29.1167387Z [gw1] [ 18%] SKIPPED tests/test_acvp_vectors.py::test_acvp_vec_slh_dsa_sig_keygen[SLH_DSA_SHA2_224_PREHASH_SHAKE_256S] 
2026-01-14T17:07:29.1168615Z tests/test_acvp_vectors.py::test_acvp_vec_slh_dsa_sig_keygen[SLH_DSA_SHA2_224_PREHASH_SHAKE_256F] 
2026-01-14T17:07:29.1171824Z [gw1] [ 18%] SKIPPED tests/test_acvp_vectors.py::test_acvp_vec_slh_dsa_sig_keygen[SLH_DSA_SHA2_224_PREHASH_SHAKE_256F] 
2026-01-14T17:07:29.1184353Z tests/test_acvp_vectors.py::test_acvp_vec_slh_dsa_sig_keygen[SLH_DSA_SHA2_256_PREHASH_SHA2_128S] 
2026-01-14T17:07:29.1197948Z [gw1] [ 18%] SKIPPED tests/test_acvp_vectors.py::test_acvp_vec_slh_dsa_sig_keygen[SLH_DSA_SHA2_256_PREHASH_SHA2_128S] 
2026-01-14T17:07:29.1204316Z tests/test_acvp_vectors.py::test_acvp_vec_slh_dsa_sig_keygen[SLH_DSA_SHA2_256_PREHASH_SHA2_128F] 
2026-01-14T17:07:29.1209571Z [gw1] [ 18%] SKIPPED tests/test_acvp_vectors.py::test_acvp_vec_slh_dsa_sig_keygen[SLH_DSA_SHA2_256_PREHASH_SHA2_128F] 
2026-01-14T17:07:29.1223448Z tests/test_acvp_vectors.py::test_acvp_vec_slh_dsa_sig_keygen[SLH_DSA_SHA2_256_PREHASH_SHA2_192S] 
2026-01-14T17:07:29.1228804Z [gw1] [ 18%] SKIPPED tests/test_acvp_vectors.py::test_acvp_vec_slh_dsa_sig_keygen[SLH_DSA_SHA2_256_PREHASH_SHA2_192S] 
2026-01-14T17:07:29.1241114Z tests/test_acvp_vectors.py::test_acvp_vec_slh_dsa_sig_keygen[SLH_DSA_SHA2_256_PREHASH_SHA2_192F] 
2026-01-14T17:07:29.1248629Z [gw1] [ 18%] SKIPPED tests/test_acvp_vectors.py::test_acvp_vec_slh_dsa_sig_keygen[SLH_DSA_SHA2_256_PREHASH_SHA2_192F] 
2026-01-14T17:07:29.1261028Z tests/test_acvp_vectors.py::test_acvp_vec_slh_dsa_sig_keygen[SLH_DSA_SHA2_256_PREHASH_SHA2_256S] 
2026-01-14T17:07:29.1265793Z [gw1] [ 18%] SKIPPED tests/test_acvp_vectors.py::test_acvp_vec_slh_dsa_sig_keygen[SLH_DSA_SHA2_256_PREHASH_SHA2_256S] 
2026-01-14T17:07:29.1278412Z tests/test_acvp_vectors.py::test_acvp_vec_slh_dsa_sig_keygen[SLH_DSA_SHA2_256_PREHASH_SHA2_256F] 
2026-01-14T17:07:29.1283792Z [gw1] [ 18%] SKIPPED tests/test_acvp_vectors.py::test_acvp_vec_slh_dsa_sig_keygen[SLH_DSA_SHA2_256_PREHASH_SHA2_256F] 
2026-01-14T17:07:29.1296898Z tests/test_acvp_vectors.py::test_acvp_vec_slh_dsa_sig_keygen[SLH_DSA_SHA2_256_PREHASH_SHAKE_128S] 
2026-01-14T17:07:29.1303146Z [gw1] [ 18%] SKIPPED tests/test_acvp_vectors.py::test_acvp_vec_slh_dsa_sig_keygen[SLH_DSA_SHA2_256_PREHASH_SHAKE_128S] 
2026-01-14T17:07:29.1316352Z tests/test_acvp_vectors.py::test_acvp_vec_slh_dsa_sig_keygen[SLH_DSA_SHA2_256_PREHASH_SHAKE_128F] 
2026-01-14T17:07:29.1322138Z [gw1] [ 18%] SKIPPED tests/test_acvp_vectors.py::test_acvp_vec_slh_dsa_sig_keygen[SLH_DSA_SHA2_256_PREHASH_SHAKE_128F] 
2026-01-14T17:07:29.1333568Z tests/test_acvp_vectors.py::test_acvp_vec_slh_dsa_sig_keygen[SLH_DSA_SHA2_256_PREHASH_SHAKE_192S] 
2026-01-14T17:07:29.1339050Z [gw1] [ 18%] SKIPPED tests/test_acvp_vectors.py::test_acvp_vec_slh_dsa_sig_keygen[SLH_DSA_SHA2_256_PREHASH_SHAKE_192S] 
2026-01-14T17:07:29.1350512Z tests/test_acvp_vectors.py::test_acvp_vec_slh_dsa_sig_keygen[SLH_DSA_SHA2_256_PREHASH_SHAKE_192F] 
2026-01-14T17:07:29.1355921Z [gw1] [ 19%] SKIPPED tests/test_acvp_vectors.py::test_acvp_vec_slh_dsa_sig_keygen[SLH_DSA_SHA2_256_PREHASH_SHAKE_192F] 
2026-01-14T17:07:29.1368258Z tests/test_acvp_vectors.py::test_acvp_vec_slh_dsa_sig_keygen[SLH_DSA_SHA2_256_PREHASH_SHAKE_256S] 
2026-01-14T17:07:29.1377042Z [gw1] [ 19%] SKIPPED tests/test_acvp_vectors.py::test_acvp_vec_slh_dsa_sig_keygen[SLH_DSA_SHA2_256_PREHASH_SHAKE_256S] 
2026-01-14T17:07:29.1390275Z tests/test_acvp_vectors.py::test_acvp_vec_slh_dsa_sig_keygen[SLH_DSA_SHA2_256_PREHASH_SHAKE_256F] 
2026-01-14T17:07:29.1395137Z [gw1] [ 19%] SKIPPED tests/test_acvp_vectors.py::test_acvp_vec_slh_dsa_sig_keygen[SLH_DSA_SHA2_256_PREHASH_SHAKE_256F] 
2026-01-14T17:07:29.1406426Z tests/test_acvp_vectors.py::test_acvp_vec_slh_dsa_sig_keygen[SLH_DSA_SHA2_384_PREHASH_SHA2_128S] 
2026-01-14T17:07:29.1412457Z [gw1] [ 19%] SKIPPED tests/test_acvp_vectors.py::test_acvp_vec_slh_dsa_sig_keygen[SLH_DSA_SHA2_384_PREHASH_SHA2_128S] 
2026-01-14T17:07:29.1426510Z tests/test_acvp_vectors.py::test_acvp_vec_slh_dsa_sig_keygen[SLH_DSA_SHA2_384_PREHASH_SHA2_128F] 
2026-01-14T17:07:29.1430727Z [gw1] [ 19%] SKIPPED tests/test_acvp_vectors.py::test_acvp_vec_slh_dsa_sig_keygen[SLH_DSA_SHA2_384_PREHASH_SHA2_128F] 
2026-01-14T17:07:29.1444030Z tests/test_acvp_vectors.py::test_acvp_vec_slh_dsa_sig_keygen[SLH_DSA_SHA2_384_PREHASH_SHA2_192S] 
2026-01-14T17:07:29.1450214Z [gw1] [ 19%] SKIPPED tests/test_acvp_vectors.py::test_acvp_vec_slh_dsa_sig_keygen[SLH_DSA_SHA2_384_PREHASH_SHA2_192S] 
2026-01-14T17:07:29.1462210Z tests/test_acvp_vectors.py::test_acvp_vec_slh_dsa_sig_keygen[SLH_DSA_SHA2_384_PREHASH_SHA2_192F] 
2026-01-14T17:07:29.1467186Z [gw1] [ 19%] SKIPPED tests/test_acvp_vectors.py::test_acvp_vec_slh_dsa_sig_keygen[SLH_DSA_SHA2_384_PREHASH_SHA2_192F] 
2026-01-14T17:07:29.1479652Z tests/test_acvp_vectors.py::test_acvp_vec_slh_dsa_sig_keygen[SLH_DSA_SHA2_384_PREHASH_SHA2_256S] 
2026-01-14T17:07:29.1485422Z [gw1] [ 19%] SKIPPED tests/test_acvp_vectors.py::test_acvp_vec_slh_dsa_sig_keygen[SLH_DSA_SHA2_384_PREHASH_SHA2_256S] 
2026-01-14T17:07:29.1496123Z tests/test_acvp_vectors.py::test_acvp_vec_slh_dsa_sig_keygen[SLH_DSA_SHA2_384_PREHASH_SHA2_256F] 
2026-01-14T17:07:29.1506985Z [gw1] [ 19%] SKIPPED tests/test_acvp_vectors.py::test_acvp_vec_slh_dsa_sig_keygen[SLH_DSA_SHA2_384_PREHASH_SHA2_256F] 
2026-01-14T17:07:29.1520673Z tests/test_acvp_vectors.py::test_acvp_vec_slh_dsa_sig_keygen[SLH_DSA_SHA2_384_PREHASH_SHAKE_128S] 
2026-01-14T17:07:29.1529607Z [gw1] [ 19%] SKIPPED tests/test_acvp_vectors.py::test_acvp_vec_slh_dsa_sig_keygen[SLH_DSA_SHA2_384_PREHASH_SHAKE_128S] 
2026-01-14T17:07:29.1540041Z tests/test_acvp_vectors.py::test_acvp_vec_slh_dsa_sig_keygen[SLH_DSA_SHA2_384_PREHASH_SHAKE_128F] 
2026-01-14T17:07:29.1545716Z [gw1] [ 19%] SKIPPED tests/test_acvp_vectors.py::test_acvp_vec_slh_dsa_sig_keygen[SLH_DSA_SHA2_384_PREHASH_SHAKE_128F] 
2026-01-14T17:07:29.1557791Z tests/test_acvp_vectors.py::test_acvp_vec_slh_dsa_sig_keygen[SLH_DSA_SHA2_384_PREHASH_SHAKE_192S] 
2026-01-14T17:07:29.1562750Z [gw1] [ 19%] SKIPPED tests/test_acvp_vectors.py::test_acvp_vec_slh_dsa_sig_keygen[SLH_DSA_SHA2_384_PREHASH_SHAKE_192S] 
2026-01-14T17:07:29.1575415Z tests/test_acvp_vectors.py::test_acvp_vec_slh_dsa_sig_keygen[SLH_DSA_SHA2_384_PREHASH_SHAKE_192F] 
2026-01-14T17:07:29.1581529Z [gw1] [ 19%] SKIPPED tests/test_acvp_vectors.py::test_acvp_vec_slh_dsa_sig_keygen[SLH_DSA_SHA2_384_PREHASH_SHAKE_192F] 
2026-01-14T17:07:29.1595314Z tests/test_acvp_vectors.py::test_acvp_vec_slh_dsa_sig_keygen[SLH_DSA_SHA2_384_PREHASH_SHAKE_256S] 
2026-01-14T17:07:29.1600485Z [gw1] [ 19%] SKIPPED tests/test_acvp_vectors.py::test_acvp_vec_slh_dsa_sig_keygen[SLH_DSA_SHA2_384_PREHASH_SHAKE_256S] 
2026-01-14T17:07:29.1612382Z tests/test_acvp_vectors.py::test_acvp_vec_slh_dsa_sig_keygen[SLH_DSA_SHA2_384_PREHASH_SHAKE_256F] 
2026-01-14T17:07:29.1618866Z [gw1] [ 19%] SKIPPED tests/test_acvp_vectors.py::test_acvp_vec_slh_dsa_sig_keygen[SLH_DSA_SHA2_384_PREHASH_SHAKE_256F] 
2026-01-14T17:07:29.1630990Z tests/test_acvp_vectors.py::test_acvp_vec_slh_dsa_sig_keygen[SLH_DSA_SHA2_512_PREHASH_SHA2_128S] 
2026-01-14T17:07:29.1638799Z [gw1] [ 19%] SKIPPED tests/test_acvp_vectors.py::test_acvp_vec_slh_dsa_sig_keygen[SLH_DSA_SHA2_512_PREHASH_SHA2_128S] 
2026-01-14T17:07:29.1651955Z tests/test_acvp_vectors.py::test_acvp_vec_slh_dsa_sig_keygen[SLH_DSA_SHA2_512_PREHASH_SHA2_128F] 
2026-01-14T17:07:29.1658495Z [gw1] [ 19%] SKIPPED tests/test_acvp_vectors.py::test_acvp_vec_slh_dsa_sig_keygen[SLH_DSA_SHA2_512_PREHASH_SHA2_128F] 
2026-01-14T17:07:29.1671693Z tests/test_acvp_vectors.py::test_acvp_vec_slh_dsa_sig_keygen[SLH_DSA_SHA2_512_PREHASH_SHA2_192S] 
2026-01-14T17:07:29.1681442Z [gw1] [ 19%] SKIPPED tests/test_acvp_vectors.py::test_acvp_vec_slh_dsa_sig_keygen[SLH_DSA_SHA2_512_PREHASH_SHA2_192S] 
2026-01-14T17:07:29.1691664Z tests/test_acvp_vectors.py::test_acvp_vec_slh_dsa_sig_keygen[SLH_DSA_SHA2_512_PREHASH_SHA2_192F] 
2026-01-14T17:07:29.1698911Z [gw1] [ 19%] SKIPPED tests/test_acvp_vectors.py::test_acvp_vec_slh_dsa_sig_keygen[SLH_DSA_SHA2_512_PREHASH_SHA2_192F] 
2026-01-14T17:07:29.1708996Z tests/test_acvp_vectors.py::test_acvp_vec_slh_dsa_sig_keygen[SLH_DSA_SHA2_512_PREHASH_SHA2_256S] 
2026-01-14T17:07:29.1714870Z [gw1] [ 19%] SKIPPED tests/test_acvp_vectors.py::test_acvp_vec_slh_dsa_sig_keygen[SLH_DSA_SHA2_512_PREHASH_SHA2_256S] 
2026-01-14T17:07:29.1727283Z tests/test_acvp_vectors.py::test_acvp_vec_slh_dsa_sig_keygen[SLH_DSA_SHA2_512_PREHASH_SHA2_256F] 
2026-01-14T17:07:29.1734072Z [gw1] [ 19%] SKIPPED tests/test_acvp_vectors.py::test_acvp_vec_slh_dsa_sig_keygen[SLH_DSA_SHA2_512_PREHASH_SHA2_256F] 
2026-01-14T17:07:29.1745503Z tests/test_acvp_vectors.py::test_acvp_vec_slh_dsa_sig_keygen[SLH_DSA_SHA2_512_PREHASH_SHAKE_128S] 
2026-01-14T17:07:29.1774288Z [gw1] [ 19%] SKIPPED tests/test_acvp_vectors.py::test_acvp_vec_slh_dsa_sig_keygen[SLH_DSA_SHA2_512_PREHASH_SHAKE_128S] 
2026-01-14T17:07:29.1776520Z tests/test_acvp_vectors.py::test_acvp_vec_slh_dsa_sig_keygen[SLH_DSA_SHA2_512_PREHASH_SHAKE_128F] 
2026-01-14T17:07:29.1779558Z [gw1] [ 19%] SKIPPED tests/test_acvp_vectors.py::test_acvp_vec_slh_dsa_sig_keygen[SLH_DSA_SHA2_512_PREHASH_SHAKE_128F] 
2026-01-14T17:07:29.1783875Z tests/test_acvp_vectors.py::test_acvp_vec_slh_dsa_sig_keygen[SLH_DSA_SHA2_512_PREHASH_SHAKE_192S] 
2026-01-14T17:07:29.1787566Z [gw1] [ 19%] SKIPPED tests/test_acvp_vectors.py::test_acvp_vec_slh_dsa_sig_keygen[SLH_DSA_SHA2_512_PREHASH_SHAKE_192S] 
2026-01-14T17:07:29.1800903Z tests/test_acvp_vectors.py::test_acvp_vec_slh_dsa_sig_keygen[SLH_DSA_SHA2_512_PREHASH_SHAKE_192F] 
2026-01-14T17:07:29.1806003Z [gw1] [ 19%] SKIPPED tests/test_acvp_vectors.py::test_acvp_vec_slh_dsa_sig_keygen[SLH_DSA_SHA2_512_PREHASH_SHAKE_192F] 
2026-01-14T17:07:29.1819076Z tests/test_acvp_vectors.py::test_acvp_vec_slh_dsa_sig_keygen[SLH_DSA_SHA2_512_PREHASH_SHAKE_256S] 
2026-01-14T17:07:29.1824351Z [gw1] [ 19%] SKIPPED tests/test_acvp_vectors.py::test_acvp_vec_slh_dsa_sig_keygen[SLH_DSA_SHA2_512_PREHASH_SHAKE_256S] 
2026-01-14T17:07:29.1837445Z tests/test_acvp_vectors.py::test_acvp_vec_slh_dsa_sig_keygen[SLH_DSA_SHA2_512_PREHASH_SHAKE_256F] 
2026-01-14T17:07:29.1841921Z [gw1] [ 19%] SKIPPED tests/test_acvp_vectors.py::test_acvp_vec_slh_dsa_sig_keygen[SLH_DSA_SHA2_512_PREHASH_SHAKE_256F] 
2026-01-14T17:07:29.1855057Z tests/test_acvp_vectors.py::test_acvp_vec_slh_dsa_sig_keygen[SLH_DSA_SHA2_512_224_PREHASH_SHA2_128S] 
2026-01-14T17:07:29.1861936Z [gw1] [ 19%] SKIPPED tests/test_acvp_vectors.py::test_acvp_vec_slh_dsa_sig_keygen[SLH_DSA_SHA2_512_224_PREHASH_SHA2_128S] 
2026-01-14T17:07:29.1876657Z tests/test_acvp_vectors.py::test_acvp_vec_slh_dsa_sig_keygen[SLH_DSA_SHA2_512_224_PREHASH_SHA2_128F] 
2026-01-14T17:07:29.1882696Z [gw1] [ 19%] SKIPPED tests/test_acvp_vectors.py::test_acvp_vec_slh_dsa_sig_keygen[SLH_DSA_SHA2_512_224_PREHASH_SHA2_128F] 
2026-01-14T17:07:29.1896628Z tests/test_acvp_vectors.py::test_acvp_vec_slh_dsa_sig_keygen[SLH_DSA_SHA2_512_224_PREHASH_SHA2_192S] 
2026-01-14T17:07:29.1904336Z [gw1] [ 19%] SKIPPED tests/test_acvp_vectors.py::test_acvp_vec_slh_dsa_sig_keygen[SLH_DSA_SHA2_512_224_PREHASH_SHA2_192S] 
2026-01-14T17:07:29.1919737Z tests/test_acvp_vectors.py::test_acvp_vec_slh_dsa_sig_keygen[SLH_DSA_SHA2_512_224_PREHASH_SHA2_192F] 
2026-01-14T17:07:29.1925837Z [gw1] [ 19%] SKIPPED tests/test_acvp_vectors.py::test_acvp_vec_slh_dsa_sig_keygen[SLH_DSA_SHA2_512_224_PREHASH_SHA2_192F] 
2026-01-14T17:07:29.1940901Z tests/test_acvp_vectors.py::test_acvp_vec_slh_dsa_sig_keygen[SLH_DSA_SHA2_512_224_PREHASH_SHA2_256S] 
2026-01-14T17:07:29.1948586Z [gw1] [ 20%] SKIPPED tests/test_acvp_vectors.py::test_acvp_vec_slh_dsa_sig_keygen[SLH_DSA_SHA2_512_224_PREHASH_SHA2_256S] 
2026-01-14T17:07:29.1963022Z tests/test_acvp_vectors.py::test_acvp_vec_slh_dsa_sig_keygen[SLH_DSA_SHA2_512_224_PREHASH_SHA2_256F] 
2026-01-14T17:07:29.1968857Z [gw1] [ 20%] SKIPPED tests/test_acvp_vectors.py::test_acvp_vec_slh_dsa_sig_keygen[SLH_DSA_SHA2_512_224_PREHASH_SHA2_256F] 
2026-01-14T17:07:29.1981949Z tests/test_acvp_vectors.py::test_acvp_vec_slh_dsa_sig_keygen[SLH_DSA_SHA2_512_224_PREHASH_SHAKE_128S] 
2026-01-14T17:07:29.1987228Z [gw1] [ 20%] SKIPPED tests/test_acvp_vectors.py::test_acvp_vec_slh_dsa_sig_keygen[SLH_DSA_SHA2_512_224_PREHASH_SHAKE_128S] 
2026-01-14T17:07:29.2001050Z tests/test_acvp_vectors.py::test_acvp_vec_slh_dsa_sig_keygen[SLH_DSA_SHA2_512_224_PREHASH_SHAKE_128F] 
2026-01-14T17:07:29.2006370Z [gw1] [ 20%] SKIPPED tests/test_acvp_vectors.py::test_acvp_vec_slh_dsa_sig_keygen[SLH_DSA_SHA2_512_224_PREHASH_SHAKE_128F] 
2026-01-14T17:07:29.2019837Z tests/test_acvp_vectors.py::test_acvp_vec_slh_dsa_sig_keygen[SLH_DSA_SHA2_512_224_PREHASH_SHAKE_192S] 
2026-01-14T17:07:29.2024405Z [gw1] [ 20%] SKIPPED tests/test_acvp_vectors.py::test_acvp_vec_slh_dsa_sig_keygen[SLH_DSA_SHA2_512_224_PREHASH_SHAKE_192S] 
2026-01-14T17:07:29.2026078Z [gw0] [ 20%] PASSED tests/test_acvp_vectors.py::test_acvp_vec_kem_encdec_val[ML-KEM-512] 
2026-01-14T17:07:29.2034447Z tests/test_acvp_vectors.py::test_acvp_vec_slh_dsa_sig_keygen[SLH_DSA_SHA2_512_224_PREHASH_SHAKE_192F] 
2026-01-14T17:07:29.2041398Z tests/test_acvp_vectors.py::test_acvp_vec_kem_encdec_val[ML-KEM-768] 
2026-01-14T17:07:29.2050514Z [gw1] [ 20%] SKIPPED tests/test_acvp_vectors.py::test_acvp_vec_slh_dsa_sig_keygen[SLH_DSA_SHA2_512_224_PREHASH_SHAKE_192F] 
2026-01-14T17:07:29.2060160Z tests/test_acvp_vectors.py::test_acvp_vec_slh_dsa_sig_keygen[SLH_DSA_SHA2_512_224_PREHASH_SHAKE_256S] 
2026-01-14T17:07:29.2065701Z [gw1] [ 20%] SKIPPED tests/test_acvp_vectors.py::test_acvp_vec_slh_dsa_sig_keygen[SLH_DSA_SHA2_512_224_PREHASH_SHAKE_256S] 
2026-01-14T17:07:29.2079088Z tests/test_acvp_vectors.py::test_acvp_vec_slh_dsa_sig_keygen[SLH_DSA_SHA2_512_224_PREHASH_SHAKE_256F] 
2026-01-14T17:07:29.2084829Z [gw1] [ 20%] SKIPPED tests/test_acvp_vectors.py::test_acvp_vec_slh_dsa_sig_keygen[SLH_DSA_SHA2_512_224_PREHASH_SHAKE_256F] 
2026-01-14T17:07:29.2097120Z tests/test_acvp_vectors.py::test_acvp_vec_slh_dsa_sig_keygen[SLH_DSA_SHA2_512_256_PREHASH_SHA2_128S] 
2026-01-14T17:07:29.2103076Z [gw1] [ 20%] SKIPPED tests/test_acvp_vectors.py::test_acvp_vec_slh_dsa_sig_keygen[SLH_DSA_SHA2_512_256_PREHASH_SHA2_128S] 
2026-01-14T17:07:29.2114817Z tests/test_acvp_vectors.py::test_acvp_vec_slh_dsa_sig_keygen[SLH_DSA_SHA2_512_256_PREHASH_SHA2_128F] 
2026-01-14T17:07:29.2120067Z [gw1] [ 20%] SKIPPED tests/test_acvp_vectors.py::test_acvp_vec_slh_dsa_sig_keygen[SLH_DSA_SHA2_512_256_PREHASH_SHA2_128F] 
2026-01-14T17:07:29.2132469Z tests/test_acvp_vectors.py::test_acvp_vec_slh_dsa_sig_keygen[SLH_DSA_SHA2_512_256_PREHASH_SHA2_192S] 
2026-01-14T17:07:29.2140369Z [gw1] [ 20%] SKIPPED tests/test_acvp_vectors.py::test_acvp_vec_slh_dsa_sig_keygen[SLH_DSA_SHA2_512_256_PREHASH_SHA2_192S] 
2026-01-14T17:07:29.2150889Z tests/test_acvp_vectors.py::test_acvp_vec_slh_dsa_sig_keygen[SLH_DSA_SHA2_512_256_PREHASH_SHA2_192F] 
2026-01-14T17:07:29.2158150Z [gw1] [ 20%] SKIPPED tests/test_acvp_vectors.py::test_acvp_vec_slh_dsa_sig_keygen[SLH_DSA_SHA2_512_256_PREHASH_SHA2_192F] 
2026-01-14T17:07:29.2170021Z tests/test_acvp_vectors.py::test_acvp_vec_slh_dsa_sig_keygen[SLH_DSA_SHA2_512_256_PREHASH_SHA2_256S] 
2026-01-14T17:07:29.2178584Z [gw1] [ 20%] SKIPPED tests/test_acvp_vectors.py::test_acvp_vec_slh_dsa_sig_keygen[SLH_DSA_SHA2_512_256_PREHASH_SHA2_256S] 
2026-01-14T17:07:29.2193212Z tests/test_acvp_vectors.py::test_acvp_vec_slh_dsa_sig_keygen[SLH_DSA_SHA2_512_256_PREHASH_SHA2_256F] 
2026-01-14T17:07:29.2199576Z [gw1] [ 20%] SKIPPED tests/test_acvp_vectors.py::test_acvp_vec_slh_dsa_sig_keygen[SLH_DSA_SHA2_512_256_PREHASH_SHA2_256F] 
2026-01-14T17:07:29.2211065Z tests/test_acvp_vectors.py::test_acvp_vec_slh_dsa_sig_keygen[SLH_DSA_SHA2_512_256_PREHASH_SHAKE_128S] 
2026-01-14T17:07:29.2218275Z [gw1] [ 20%] SKIPPED tests/test_acvp_vectors.py::test_acvp_vec_slh_dsa_sig_keygen[SLH_DSA_SHA2_512_256_PREHASH_SHAKE_128S] 
2026-01-14T17:07:29.2229000Z tests/test_acvp_vectors.py::test_acvp_vec_slh_dsa_sig_keygen[SLH_DSA_SHA2_512_256_PREHASH_SHAKE_128F] 
2026-01-14T17:07:29.2236917Z [gw1] [ 20%] SKIPPED tests/test_acvp_vectors.py::test_acvp_vec_slh_dsa_sig_keygen[SLH_DSA_SHA2_512_256_PREHASH_SHAKE_128F] 
2026-01-14T17:07:29.2247922Z tests/test_acvp_vectors.py::test_acvp_vec_slh_dsa_sig_keygen[SLH_DSA_SHA2_512_256_PREHASH_SHAKE_192S] 
2026-01-14T17:07:29.2254094Z [gw1] [ 20%] SKIPPED tests/test_acvp_vectors.py::test_acvp_vec_slh_dsa_sig_keygen[SLH_DSA_SHA2_512_256_PREHASH_SHAKE_192S] 
2026-01-14T17:07:29.2267250Z tests/test_acvp_vectors.py::test_acvp_vec_slh_dsa_sig_keygen[SLH_DSA_SHA2_512_256_PREHASH_SHAKE_192F] 
2026-01-14T17:07:29.2276395Z [gw1] [ 20%] SKIPPED tests/test_acvp_vectors.py::test_acvp_vec_slh_dsa_sig_keygen[SLH_DSA_SHA2_512_256_PREHASH_SHAKE_192F] 
2026-01-14T17:07:29.2289335Z tests/test_acvp_vectors.py::test_acvp_vec_slh_dsa_sig_keygen[SLH_DSA_SHA2_512_256_PREHASH_SHAKE_256S] 
2026-01-14T17:07:29.2292951Z [gw1] [ 20%] SKIPPED tests/test_acvp_vectors.py::test_acvp_vec_slh_dsa_sig_keygen[SLH_DSA_SHA2_512_256_PREHASH_SHAKE_256S] 
2026-01-14T17:07:29.2304520Z tests/test_acvp_vectors.py::test_acvp_vec_slh_dsa_sig_keygen[SLH_DSA_SHA2_512_256_PREHASH_SHAKE_256F] 
2026-01-14T17:07:29.2312462Z [gw1] [ 20%] SKIPPED tests/test_acvp_vectors.py::test_acvp_vec_slh_dsa_sig_keygen[SLH_DSA_SHA2_512_256_PREHASH_SHAKE_256F] 
2026-01-14T17:07:29.2325682Z tests/test_acvp_vectors.py::test_acvp_vec_slh_dsa_sig_keygen[SLH_DSA_SHA3_224_PREHASH_SHA2_128S] 
2026-01-14T17:07:29.2329773Z [gw1] [ 20%] SKIPPED tests/test_acvp_vectors.py::test_acvp_vec_slh_dsa_sig_keygen[SLH_DSA_SHA3_224_PREHASH_SHA2_128S] 
2026-01-14T17:07:29.2343663Z tests/test_acvp_vectors.py::test_acvp_vec_slh_dsa_sig_keygen[SLH_DSA_SHA3_224_PREHASH_SHA2_128F] 
2026-01-14T17:07:29.2349038Z [gw1] [ 20%] SKIPPED tests/test_acvp_vectors.py::test_acvp_vec_slh_dsa_sig_keygen[SLH_DSA_SHA3_224_PREHASH_SHA2_128F] 
2026-01-14T17:07:29.2362840Z tests/test_acvp_vectors.py::test_acvp_vec_slh_dsa_sig_keygen[SLH_DSA_SHA3_224_PREHASH_SHA2_192S] 
2026-01-14T17:07:29.2367511Z [gw1] [ 20%] SKIPPED tests/test_acvp_vectors.py::test_acvp_vec_slh_dsa_sig_keygen[SLH_DSA_SHA3_224_PREHASH_SHA2_192S] 
2026-01-14T17:07:29.2380138Z tests/test_acvp_vectors.py::test_acvp_vec_slh_dsa_sig_keygen[SLH_DSA_SHA3_224_PREHASH_SHA2_192F] 
2026-01-14T17:07:29.2386383Z [gw1] [ 20%] SKIPPED tests/test_acvp_vectors.py::test_acvp_vec_slh_dsa_sig_keygen[SLH_DSA_SHA3_224_PREHASH_SHA2_192F] 
2026-01-14T17:07:29.2399505Z tests/test_acvp_vectors.py::test_acvp_vec_slh_dsa_sig_keygen[SLH_DSA_SHA3_224_PREHASH_SHA2_256S] 
2026-01-14T17:07:29.2404775Z [gw1] [ 20%] SKIPPED tests/test_acvp_vectors.py::test_acvp_vec_slh_dsa_sig_keygen[SLH_DSA_SHA3_224_PREHASH_SHA2_256S] 
2026-01-14T17:07:29.2418549Z tests/test_acvp_vectors.py::test_acvp_vec_slh_dsa_sig_keygen[SLH_DSA_SHA3_224_PREHASH_SHA2_256F] 
2026-01-14T17:07:29.2422419Z [gw1] [ 20%] SKIPPED tests/test_acvp_vectors.py::test_acvp_vec_slh_dsa_sig_keygen[SLH_DSA_SHA3_224_PREHASH_SHA2_256F] 
2026-01-14T17:07:29.2435829Z tests/test_acvp_vectors.py::test_acvp_vec_slh_dsa_sig_keygen[SLH_DSA_SHA3_224_PREHASH_SHAKE_128S] 
2026-01-14T17:07:29.2444680Z [gw1] [ 20%] SKIPPED tests/test_acvp_vectors.py::test_acvp_vec_slh_dsa_sig_keygen[SLH_DSA_SHA3_224_PREHASH_SHAKE_128S] 
2026-01-14T17:07:29.2458442Z tests/test_acvp_vectors.py::test_acvp_vec_slh_dsa_sig_keygen[SLH_DSA_SHA3_224_PREHASH_SHAKE_128F] 
2026-01-14T17:07:29.2467147Z [gw1] [ 20%] SKIPPED tests/test_acvp_vectors.py::test_acvp_vec_slh_dsa_sig_keygen[SLH_DSA_SHA3_224_PREHASH_SHAKE_128F] 
2026-01-14T17:07:29.2479317Z tests/test_acvp_vectors.py::test_acvp_vec_slh_dsa_sig_keygen[SLH_DSA_SHA3_224_PREHASH_SHAKE_192S] 
2026-01-14T17:07:29.2488787Z [gw1] [ 20%] SKIPPED tests/test_acvp_vectors.py::test_acvp_vec_slh_dsa_sig_keygen[SLH_DSA_SHA3_224_PREHASH_SHAKE_192S] 
2026-01-14T17:07:29.2498597Z tests/test_acvp_vectors.py::test_acvp_vec_slh_dsa_sig_keygen[SLH_DSA_SHA3_224_PREHASH_SHAKE_192F] 
2026-01-14T17:07:29.2507405Z [gw1] [ 20%] SKIPPED tests/test_acvp_vectors.py::test_acvp_vec_slh_dsa_sig_keygen[SLH_DSA_SHA3_224_PREHASH_SHAKE_192F] 
2026-01-14T17:07:29.2517985Z tests/test_acvp_vectors.py::test_acvp_vec_slh_dsa_sig_keygen[SLH_DSA_SHA3_224_PREHASH_SHAKE_256S] 
2026-01-14T17:07:29.2522769Z [gw1] [ 21%] SKIPPED tests/test_acvp_vectors.py::test_acvp_vec_slh_dsa_sig_keygen[SLH_DSA_SHA3_224_PREHASH_SHAKE_256S] 
2026-01-14T17:07:29.2536784Z tests/test_acvp_vectors.py::test_acvp_vec_slh_dsa_sig_keygen[SLH_DSA_SHA3_224_PREHASH_SHAKE_256F] 
2026-01-14T17:07:29.2541422Z [gw1] [ 21%] SKIPPED tests/test_acvp_vectors.py::test_acvp_vec_slh_dsa_sig_keygen[SLH_DSA_SHA3_224_PREHASH_SHAKE_256F] 
2026-01-14T17:07:29.2555216Z tests/test_acvp_vectors.py::test_acvp_vec_slh_dsa_sig_keygen[SLH_DSA_SHA3_256_PREHASH_SHA2_128S] 
2026-01-14T17:07:29.2562227Z [gw1] [ 21%] SKIPPED tests/test_acvp_vectors.py::test_acvp_vec_slh_dsa_sig_keygen[SLH_DSA_SHA3_256_PREHASH_SHA2_128S] 
2026-01-14T17:07:29.2574323Z tests/test_acvp_vectors.py::test_acvp_vec_slh_dsa_sig_keygen[SLH_DSA_SHA3_256_PREHASH_SHA2_128F] 
2026-01-14T17:07:29.2588127Z [gw1] [ 21%] SKIPPED tests/test_acvp_vectors.py::test_acvp_vec_slh_dsa_sig_keygen[SLH_DSA_SHA3_256_PREHASH_SHA2_128F] 
2026-01-14T17:07:29.2596039Z tests/test_acvp_vectors.py::test_acvp_vec_slh_dsa_sig_keygen[SLH_DSA_SHA3_256_PREHASH_SHA2_192S] 
2026-01-14T17:07:29.2601967Z [gw1] [ 21%] SKIPPED tests/test_acvp_vectors.py::test_acvp_vec_slh_dsa_sig_keygen[SLH_DSA_SHA3_256_PREHASH_SHA2_192S] 
2026-01-14T17:07:29.2614468Z tests/test_acvp_vectors.py::test_acvp_vec_slh_dsa_sig_keygen[SLH_DSA_SHA3_256_PREHASH_SHA2_192F] 
2026-01-14T17:07:29.2620357Z [gw1] [ 21%] SKIPPED tests/test_acvp_vectors.py::test_acvp_vec_slh_dsa_sig_keygen[SLH_DSA_SHA3_256_PREHASH_SHA2_192F] 
2026-01-14T17:07:29.2632842Z tests/test_acvp_vectors.py::test_acvp_vec_slh_dsa_sig_keygen[SLH_DSA_SHA3_256_PREHASH_SHA2_256S] 
2026-01-14T17:07:29.2637926Z [gw1] [ 21%] SKIPPED tests/test_acvp_vectors.py::test_acvp_vec_slh_dsa_sig_keygen[SLH_DSA_SHA3_256_PREHASH_SHA2_256S] 
2026-01-14T17:07:29.2651450Z tests/test_acvp_vectors.py::test_acvp_vec_slh_dsa_sig_keygen[SLH_DSA_SHA3_256_PREHASH_SHA2_256F] 
2026-01-14T17:07:29.2657275Z [gw1] [ 21%] SKIPPED tests/test_acvp_vectors.py::test_acvp_vec_slh_dsa_sig_keygen[SLH_DSA_SHA3_256_PREHASH_SHA2_256F] 
2026-01-14T17:07:29.2670034Z tests/test_acvp_vectors.py::test_acvp_vec_slh_dsa_sig_keygen[SLH_DSA_SHA3_256_PREHASH_SHAKE_128S] 
2026-01-14T17:07:29.2674283Z [gw1] [ 21%] SKIPPED tests/test_acvp_vectors.py::test_acvp_vec_slh_dsa_sig_keygen[SLH_DSA_SHA3_256_PREHASH_SHAKE_128S] 
2026-01-14T17:07:29.2687662Z tests/test_acvp_vectors.py::test_acvp_vec_slh_dsa_sig_keygen[SLH_DSA_SHA3_256_PREHASH_SHAKE_128F] 
2026-01-14T17:07:29.2693730Z [gw1] [ 21%] SKIPPED tests/test_acvp_vectors.py::test_acvp_vec_slh_dsa_sig_keygen[SLH_DSA_SHA3_256_PREHASH_SHAKE_128F] 
2026-01-14T17:07:29.2705838Z tests/test_acvp_vectors.py::test_acvp_vec_slh_dsa_sig_keygen[SLH_DSA_SHA3_256_PREHASH_SHAKE_192S] 
2026-01-14T17:07:29.2714209Z [gw1] [ 21%] SKIPPED tests/test_acvp_vectors.py::test_acvp_vec_slh_dsa_sig_keygen[SLH_DSA_SHA3_256_PREHASH_SHAKE_192S] 
2026-01-14T17:07:29.2729305Z tests/test_acvp_vectors.py::test_acvp_vec_slh_dsa_sig_keygen[SLH_DSA_SHA3_256_PREHASH_SHAKE_192F] 
2026-01-14T17:07:29.2735597Z [gw1] [ 21%] SKIPPED tests/test_acvp_vectors.py::test_acvp_vec_slh_dsa_sig_keygen[SLH_DSA_SHA3_256_PREHASH_SHAKE_192F] 
2026-01-14T17:07:29.2748106Z tests/test_acvp_vectors.py::test_acvp_vec_slh_dsa_sig_keygen[SLH_DSA_SHA3_256_PREHASH_SHAKE_256S] 
2026-01-14T17:07:29.2753228Z [gw1] [ 21%] SKIPPED tests/test_acvp_vectors.py::test_acvp_vec_slh_dsa_sig_keygen[SLH_DSA_SHA3_256_PREHASH_SHAKE_256S] 
2026-01-14T17:07:29.2766368Z tests/test_acvp_vectors.py::test_acvp_vec_slh_dsa_sig_keygen[SLH_DSA_SHA3_256_PREHASH_SHAKE_256F] 
2026-01-14T17:07:29.2772047Z [gw1] [ 21%] SKIPPED tests/test_acvp_vectors.py::test_acvp_vec_slh_dsa_sig_keygen[SLH_DSA_SHA3_256_PREHASH_SHAKE_256F] 
2026-01-14T17:07:29.2784827Z tests/test_acvp_vectors.py::test_acvp_vec_slh_dsa_sig_keygen[SLH_DSA_SHA3_384_PREHASH_SHA2_128S] 
2026-01-14T17:07:29.2791315Z [gw1] [ 21%] SKIPPED tests/test_acvp_vectors.py::test_acvp_vec_slh_dsa_sig_keygen[SLH_DSA_SHA3_384_PREHASH_SHA2_128S] 
2026-01-14T17:07:29.2802548Z tests/test_acvp_vectors.py::test_acvp_vec_slh_dsa_sig_keygen[SLH_DSA_SHA3_384_PREHASH_SHA2_128F] 
2026-01-14T17:07:29.2808254Z [gw1] [ 21%] SKIPPED tests/test_acvp_vectors.py::test_acvp_vec_slh_dsa_sig_keygen[SLH_DSA_SHA3_384_PREHASH_SHA2_128F] 
2026-01-14T17:07:29.2821895Z tests/test_acvp_vectors.py::test_acvp_vec_slh_dsa_sig_keygen[SLH_DSA_SHA3_384_PREHASH_SHA2_192S] 
2026-01-14T17:07:29.2826196Z [gw1] [ 21%] SKIPPED tests/test_acvp_vectors.py::test_acvp_vec_slh_dsa_sig_keygen[SLH_DSA_SHA3_384_PREHASH_SHA2_192S] 
2026-01-14T17:07:29.2838937Z tests/test_acvp_vectors.py::test_acvp_vec_slh_dsa_sig_keygen[SLH_DSA_SHA3_384_PREHASH_SHA2_192F] 
2026-01-14T17:07:29.2846888Z [gw1] [ 21%] SKIPPED tests/test_acvp_vectors.py::test_acvp_vec_slh_dsa_sig_keygen[SLH_DSA_SHA3_384_PREHASH_SHA2_192F] 
2026-01-14T17:07:29.2860086Z tests/test_acvp_vectors.py::test_acvp_vec_slh_dsa_sig_keygen[SLH_DSA_SHA3_384_PREHASH_SHA2_256S] 
2026-01-14T17:07:29.2866925Z [gw1] [ 21%] SKIPPED tests/test_acvp_vectors.py::test_acvp_vec_slh_dsa_sig_keygen[SLH_DSA_SHA3_384_PREHASH_SHA2_256S] 
2026-01-14T17:07:29.2879734Z tests/test_acvp_vectors.py::test_acvp_vec_slh_dsa_sig_keygen[SLH_DSA_SHA3_384_PREHASH_SHA2_256F] 
2026-01-14T17:07:29.2885454Z [gw1] [ 21%] SKIPPED tests/test_acvp_vectors.py::test_acvp_vec_slh_dsa_sig_keygen[SLH_DSA_SHA3_384_PREHASH_SHA2_256F] 
2026-01-14T17:07:29.2900896Z tests/test_acvp_vectors.py::test_acvp_vec_slh_dsa_sig_keygen[SLH_DSA_SHA3_384_PREHASH_SHAKE_128S] 
2026-01-14T17:07:29.2906636Z [gw1] [ 21%] SKIPPED tests/test_acvp_vectors.py::test_acvp_vec_slh_dsa_sig_keygen[SLH_DSA_SHA3_384_PREHASH_SHAKE_128S] 
2026-01-14T17:07:29.2919237Z tests/test_acvp_vectors.py::test_acvp_vec_slh_dsa_sig_keygen[SLH_DSA_SHA3_384_PREHASH_SHAKE_128F] 
2026-01-14T17:07:29.2925359Z [gw1] [ 21%] SKIPPED tests/test_acvp_vectors.py::test_acvp_vec_slh_dsa_sig_keygen[SLH_DSA_SHA3_384_PREHASH_SHAKE_128F] 
2026-01-14T17:07:29.2936694Z tests/test_acvp_vectors.py::test_acvp_vec_slh_dsa_sig_keygen[SLH_DSA_SHA3_384_PREHASH_SHAKE_192S] 
2026-01-14T17:07:29.2941366Z [gw1] [ 21%] SKIPPED tests/test_acvp_vectors.py::test_acvp_vec_slh_dsa_sig_keygen[SLH_DSA_SHA3_384_PREHASH_SHAKE_192S] 
2026-01-14T17:07:29.2955430Z tests/test_acvp_vectors.py::test_acvp_vec_slh_dsa_sig_keygen[SLH_DSA_SHA3_384_PREHASH_SHAKE_192F] 
2026-01-14T17:07:29.2961530Z [gw1] [ 21%] SKIPPED tests/test_acvp_vectors.py::test_acvp_vec_slh_dsa_sig_keygen[SLH_DSA_SHA3_384_PREHASH_SHAKE_192F] 
2026-01-14T17:07:29.2975844Z tests/test_acvp_vectors.py::test_acvp_vec_slh_dsa_sig_keygen[SLH_DSA_SHA3_384_PREHASH_SHAKE_256S] 
2026-01-14T17:07:29.2983456Z [gw1] [ 21%] SKIPPED tests/test_acvp_vectors.py::test_acvp_vec_slh_dsa_sig_keygen[SLH_DSA_SHA3_384_PREHASH_SHAKE_256S] 
2026-01-14T17:07:29.2998974Z tests/test_acvp_vectors.py::test_acvp_vec_slh_dsa_sig_keygen[SLH_DSA_SHA3_384_PREHASH_SHAKE_256F] 
2026-01-14T17:07:29.3004332Z [gw1] [ 21%] SKIPPED tests/test_acvp_vectors.py::test_acvp_vec_slh_dsa_sig_keygen[SLH_DSA_SHA3_384_PREHASH_SHAKE_256F] 
2026-01-14T17:07:29.3019846Z tests/test_acvp_vectors.py::test_acvp_vec_slh_dsa_sig_keygen[SLH_DSA_SHA3_512_PREHASH_SHA2_128S] 
2026-01-14T17:07:29.3025480Z [gw1] [ 21%] SKIPPED tests/test_acvp_vectors.py::test_acvp_vec_slh_dsa_sig_keygen[SLH_DSA_SHA3_512_PREHASH_SHA2_128S] 
2026-01-14T17:07:29.3041726Z tests/test_acvp_vectors.py::test_acvp_vec_slh_dsa_sig_keygen[SLH_DSA_SHA3_512_PREHASH_SHA2_128F] 
2026-01-14T17:07:29.3049153Z [gw1] [ 21%] SKIPPED tests/test_acvp_vectors.py::test_acvp_vec_slh_dsa_sig_keygen[SLH_DSA_SHA3_512_PREHASH_SHA2_128F] 
2026-01-14T17:07:29.3062929Z tests/test_acvp_vectors.py::test_acvp_vec_slh_dsa_sig_keygen[SLH_DSA_SHA3_512_PREHASH_SHA2_192S] 
2026-01-14T17:07:29.3069323Z [gw1] [ 21%] SKIPPED tests/test_acvp_vectors.py::test_acvp_vec_slh_dsa_sig_keygen[SLH_DSA_SHA3_512_PREHASH_SHA2_192S] 
2026-01-14T17:07:29.3080675Z tests/test_acvp_vectors.py::test_acvp_vec_slh_dsa_sig_keygen[SLH_DSA_SHA3_512_PREHASH_SHA2_192F] 
2026-01-14T17:07:29.3085734Z [gw1] [ 21%] SKIPPED tests/test_acvp_vectors.py::test_acvp_vec_slh_dsa_sig_keygen[SLH_DSA_SHA3_512_PREHASH_SHA2_192F] 
2026-01-14T17:07:29.3097958Z tests/test_acvp_vectors.py::test_acvp_vec_slh_dsa_sig_keygen[SLH_DSA_SHA3_512_PREHASH_SHA2_256S] 
2026-01-14T17:07:29.3103784Z [gw1] [ 22%] SKIPPED tests/test_acvp_vectors.py::test_acvp_vec_slh_dsa_sig_keygen[SLH_DSA_SHA3_512_PREHASH_SHA2_256S] 
2026-01-14T17:07:29.3116576Z tests/test_acvp_vectors.py::test_acvp_vec_slh_dsa_sig_keygen[SLH_DSA_SHA3_512_PREHASH_SHA2_256F] 
2026-01-14T17:07:29.3125776Z [gw1] [ 22%] SKIPPED tests/test_acvp_vectors.py::test_acvp_vec_slh_dsa_sig_keygen[SLH_DSA_SHA3_512_PREHASH_SHA2_256F] 
2026-01-14T17:07:29.3138356Z tests/test_acvp_vectors.py::test_acvp_vec_slh_dsa_sig_keygen[SLH_DSA_SHA3_512_PREHASH_SHAKE_128S] 
2026-01-14T17:07:29.3145928Z [gw1] [ 22%] SKIPPED tests/test_acvp_vectors.py::test_acvp_vec_slh_dsa_sig_keygen[SLH_DSA_SHA3_512_PREHASH_SHAKE_128S] 
2026-01-14T17:07:29.3157141Z tests/test_acvp_vectors.py::test_acvp_vec_slh_dsa_sig_keygen[SLH_DSA_SHA3_512_PREHASH_SHAKE_128F] 
2026-01-14T17:07:29.3163741Z [gw1] [ 22%] SKIPPED tests/test_acvp_vectors.py::test_acvp_vec_slh_dsa_sig_keygen[SLH_DSA_SHA3_512_PREHASH_SHAKE_128F] 
2026-01-14T17:07:29.3176065Z tests/test_acvp_vectors.py::test_acvp_vec_slh_dsa_sig_keygen[SLH_DSA_SHA3_512_PREHASH_SHAKE_192S] 
2026-01-14T17:07:29.3182944Z [gw1] [ 22%] SKIPPED tests/test_acvp_vectors.py::test_acvp_vec_slh_dsa_sig_keygen[SLH_DSA_SHA3_512_PREHASH_SHAKE_192S] 
2026-01-14T17:07:29.3194330Z tests/test_acvp_vectors.py::test_acvp_vec_slh_dsa_sig_keygen[SLH_DSA_SHA3_512_PREHASH_SHAKE_192F] 
2026-01-14T17:07:29.3199811Z [gw1] [ 22%] SKIPPED tests/test_acvp_vectors.py::test_acvp_vec_slh_dsa_sig_keygen[SLH_DSA_SHA3_512_PREHASH_SHAKE_192F] 
2026-01-14T17:07:29.3213903Z tests/test_acvp_vectors.py::test_acvp_vec_slh_dsa_sig_keygen[SLH_DSA_SHA3_512_PREHASH_SHAKE_256S] 
2026-01-14T17:07:29.3220358Z [gw1] [ 22%] SKIPPED tests/test_acvp_vectors.py::test_acvp_vec_slh_dsa_sig_keygen[SLH_DSA_SHA3_512_PREHASH_SHAKE_256S] 
2026-01-14T17:07:29.3232471Z tests/test_acvp_vectors.py::test_acvp_vec_slh_dsa_sig_keygen[SLH_DSA_SHA3_512_PREHASH_SHAKE_256F] 
2026-01-14T17:07:29.3235957Z [gw1] [ 22%] SKIPPED tests/test_acvp_vectors.py::test_acvp_vec_slh_dsa_sig_keygen[SLH_DSA_SHA3_512_PREHASH_SHAKE_256F] 
2026-01-14T17:07:29.3249313Z tests/test_acvp_vectors.py::test_acvp_vec_slh_dsa_sig_keygen[SLH_DSA_SHAKE_128_PREHASH_SHA2_128S] 
2026-01-14T17:07:29.3257110Z [gw1] [ 22%] SKIPPED tests/test_acvp_vectors.py::test_acvp_vec_slh_dsa_sig_keygen[SLH_DSA_SHAKE_128_PREHASH_SHA2_128S] 
2026-01-14T17:07:29.3270112Z tests/test_acvp_vectors.py::test_acvp_vec_slh_dsa_sig_keygen[SLH_DSA_SHAKE_128_PREHASH_SHA2_128F] 
2026-01-14T17:07:29.3273770Z [gw1] [ 22%] SKIPPED tests/test_acvp_vectors.py::test_acvp_vec_slh_dsa_sig_keygen[SLH_DSA_SHAKE_128_PREHASH_SHA2_128F] 
2026-01-14T17:07:29.3287057Z tests/test_acvp_vectors.py::test_acvp_vec_slh_dsa_sig_keygen[SLH_DSA_SHAKE_128_PREHASH_SHA2_192S] 
2026-01-14T17:07:29.3290588Z [gw1] [ 22%] SKIPPED tests/test_acvp_vectors.py::test_acvp_vec_slh_dsa_sig_keygen[SLH_DSA_SHAKE_128_PREHASH_SHA2_192S] 
2026-01-14T17:07:29.3304172Z tests/test_acvp_vectors.py::test_acvp_vec_slh_dsa_sig_keygen[SLH_DSA_SHAKE_128_PREHASH_SHA2_192F] 
2026-01-14T17:07:29.3309681Z [gw1] [ 22%] SKIPPED tests/test_acvp_vectors.py::test_acvp_vec_slh_dsa_sig_keygen[SLH_DSA_SHAKE_128_PREHASH_SHA2_192F] 
2026-01-14T17:07:29.3322396Z tests/test_acvp_vectors.py::test_acvp_vec_slh_dsa_sig_keygen[SLH_DSA_SHAKE_128_PREHASH_SHA2_256S] 
2026-01-14T17:07:29.3328905Z [gw1] [ 22%] SKIPPED tests/test_acvp_vectors.py::test_acvp_vec_slh_dsa_sig_keygen[SLH_DSA_SHAKE_128_PREHASH_SHA2_256S] 
2026-01-14T17:07:29.3341332Z tests/test_acvp_vectors.py::test_acvp_vec_slh_dsa_sig_keygen[SLH_DSA_SHAKE_128_PREHASH_SHA2_256F] 
2026-01-14T17:07:29.3347556Z [gw1] [ 22%] SKIPPED tests/test_acvp_vectors.py::test_acvp_vec_slh_dsa_sig_keygen[SLH_DSA_SHAKE_128_PREHASH_SHA2_256F] 
2026-01-14T17:07:29.3360260Z tests/test_acvp_vectors.py::test_acvp_vec_slh_dsa_sig_keygen[SLH_DSA_SHAKE_128_PREHASH_SHAKE_128S] 
2026-01-14T17:07:29.3364828Z [gw1] [ 22%] SKIPPED tests/test_acvp_vectors.py::test_acvp_vec_slh_dsa_sig_keygen[SLH_DSA_SHAKE_128_PREHASH_SHAKE_128S] 
2026-01-14T17:07:29.3377907Z tests/test_acvp_vectors.py::test_acvp_vec_slh_dsa_sig_keygen[SLH_DSA_SHAKE_128_PREHASH_SHAKE_128F] 
2026-01-14T17:07:29.3387908Z [gw1] [ 22%] SKIPPED tests/test_acvp_vectors.py::test_acvp_vec_slh_dsa_sig_keygen[SLH_DSA_SHAKE_128_PREHASH_SHAKE_128F] 
2026-01-14T17:07:29.3391923Z tests/test_acvp_vectors.py::test_acvp_vec_slh_dsa_sig_keygen[SLH_DSA_SHAKE_128_PREHASH_SHAKE_192S] 
2026-01-14T17:07:29.3396503Z [gw0] [ 22%] PASSED tests/test_acvp_vectors.py::test_acvp_vec_kem_encdec_val[ML-KEM-768] 
2026-01-14T17:07:29.3404555Z tests/test_acvp_vectors.py::test_acvp_vec_kem_encdec_val[ML-KEM-1024] 
2026-01-14T17:07:29.3409791Z [gw1] [ 22%] SKIPPED tests/test_acvp_vectors.py::test_acvp_vec_slh_dsa_sig_keygen[SLH_DSA_SHAKE_128_PREHASH_SHAKE_192S] 
2026-01-14T17:07:29.3422608Z tests/test_acvp_vectors.py::test_acvp_vec_slh_dsa_sig_keygen[SLH_DSA_SHAKE_128_PREHASH_SHAKE_192F] 
2026-01-14T17:07:29.3427642Z [gw1] [ 22%] SKIPPED tests/test_acvp_vectors.py::test_acvp_vec_slh_dsa_sig_keygen[SLH_DSA_SHAKE_128_PREHASH_SHAKE_192F] 
2026-01-14T17:07:29.3441100Z tests/test_acvp_vectors.py::test_acvp_vec_slh_dsa_sig_keygen[SLH_DSA_SHAKE_128_PREHASH_SHAKE_256S] 
2026-01-14T17:07:29.3447899Z [gw1] [ 22%] SKIPPED tests/test_acvp_vectors.py::test_acvp_vec_slh_dsa_sig_keygen[SLH_DSA_SHAKE_128_PREHASH_SHAKE_256S] 
2026-01-14T17:07:29.3458793Z tests/test_acvp_vectors.py::test_acvp_vec_slh_dsa_sig_keygen[SLH_DSA_SHAKE_128_PREHASH_SHAKE_256F] 
2026-01-14T17:07:29.3464623Z [gw1] [ 22%] SKIPPED tests/test_acvp_vectors.py::test_acvp_vec_slh_dsa_sig_keygen[SLH_DSA_SHAKE_128_PREHASH_SHAKE_256F] 
2026-01-14T17:07:29.3477956Z tests/test_acvp_vectors.py::test_acvp_vec_slh_dsa_sig_keygen[SLH_DSA_SHAKE_256_PREHASH_SHA2_128S] 
2026-01-14T17:07:29.3483383Z [gw1] [ 22%] SKIPPED tests/test_acvp_vectors.py::test_acvp_vec_slh_dsa_sig_keygen[SLH_DSA_SHAKE_256_PREHASH_SHA2_128S] 
2026-01-14T17:07:29.3496349Z tests/test_acvp_vectors.py::test_acvp_vec_slh_dsa_sig_keygen[SLH_DSA_SHAKE_256_PREHASH_SHA2_128F] 
2026-01-14T17:07:29.3501565Z [gw1] [ 22%] SKIPPED tests/test_acvp_vectors.py::test_acvp_vec_slh_dsa_sig_keygen[SLH_DSA_SHAKE_256_PREHASH_SHA2_128F] 
2026-01-14T17:07:29.3515432Z tests/test_acvp_vectors.py::test_acvp_vec_slh_dsa_sig_keygen[SLH_DSA_SHAKE_256_PREHASH_SHA2_192S] 
2026-01-14T17:07:29.3523275Z [gw1] [ 22%] SKIPPED tests/test_acvp_vectors.py::test_acvp_vec_slh_dsa_sig_keygen[SLH_DSA_SHAKE_256_PREHASH_SHA2_192S] 
2026-01-14T17:07:29.3538208Z tests/test_acvp_vectors.py::test_acvp_vec_slh_dsa_sig_keygen[SLH_DSA_SHAKE_256_PREHASH_SHA2_192F] 
2026-01-14T17:07:29.3542900Z [gw1] [ 22%] SKIPPED tests/test_acvp_vectors.py::test_acvp_vec_slh_dsa_sig_keygen[SLH_DSA_SHAKE_256_PREHASH_SHA2_192F] 
2026-01-14T17:07:29.3555655Z tests/test_acvp_vectors.py::test_acvp_vec_slh_dsa_sig_keygen[SLH_DSA_SHAKE_256_PREHASH_SHA2_256S] 
2026-01-14T17:07:29.3561632Z [gw1] [ 22%] SKIPPED tests/test_acvp_vectors.py::test_acvp_vec_slh_dsa_sig_keygen[SLH_DSA_SHAKE_256_PREHASH_SHA2_256S] 
2026-01-14T17:07:29.3574499Z tests/test_acvp_vectors.py::test_acvp_vec_slh_dsa_sig_keygen[SLH_DSA_SHAKE_256_PREHASH_SHA2_256F] 
2026-01-14T17:07:29.3580266Z [gw1] [ 22%] SKIPPED tests/test_acvp_vectors.py::test_acvp_vec_slh_dsa_sig_keygen[SLH_DSA_SHAKE_256_PREHASH_SHA2_256F] 
2026-01-14T17:07:29.3594242Z tests/test_acvp_vectors.py::test_acvp_vec_slh_dsa_sig_keygen[SLH_DSA_SHAKE_256_PREHASH_SHAKE_128S] 
2026-01-14T17:07:29.3599980Z [gw1] [ 22%] SKIPPED tests/test_acvp_vectors.py::test_acvp_vec_slh_dsa_sig_keygen[SLH_DSA_SHAKE_256_PREHASH_SHAKE_128S] 
2026-01-14T17:07:29.3612841Z tests/test_acvp_vectors.py::test_acvp_vec_slh_dsa_sig_keygen[SLH_DSA_SHAKE_256_PREHASH_SHAKE_128F] 
2026-01-14T17:07:29.3620436Z [gw1] [ 22%] SKIPPED tests/test_acvp_vectors.py::test_acvp_vec_slh_dsa_sig_keygen[SLH_DSA_SHAKE_256_PREHASH_SHAKE_128F] 
2026-01-14T17:07:29.3634235Z tests/test_acvp_vectors.py::test_acvp_vec_slh_dsa_sig_keygen[SLH_DSA_SHAKE_256_PREHASH_SHAKE_192S] 
2026-01-14T17:07:29.3639515Z [gw1] [ 22%] SKIPPED tests/test_acvp_vectors.py::test_acvp_vec_slh_dsa_sig_keygen[SLH_DSA_SHAKE_256_PREHASH_SHAKE_192S] 
2026-01-14T17:07:29.3654116Z tests/test_acvp_vectors.py::test_acvp_vec_slh_dsa_sig_keygen[SLH_DSA_SHAKE_256_PREHASH_SHAKE_192F] 
2026-01-14T17:07:29.3663120Z [gw1] [ 22%] SKIPPED tests/test_acvp_vectors.py::test_acvp_vec_slh_dsa_sig_keygen[SLH_DSA_SHAKE_256_PREHASH_SHAKE_192F] 
2026-01-14T17:07:29.3678556Z tests/test_acvp_vectors.py::test_acvp_vec_slh_dsa_sig_keygen[SLH_DSA_SHAKE_256_PREHASH_SHAKE_256S] 
2026-01-14T17:07:29.3684481Z [gw1] [ 23%] SKIPPED tests/test_acvp_vectors.py::test_acvp_vec_slh_dsa_sig_keygen[SLH_DSA_SHAKE_256_PREHASH_SHAKE_256S] 
2026-01-14T17:07:29.3697920Z tests/test_acvp_vectors.py::test_acvp_vec_slh_dsa_sig_keygen[SLH_DSA_SHAKE_256_PREHASH_SHAKE_256F] 
2026-01-14T17:07:29.3704459Z [gw1] [ 23%] SKIPPED tests/test_acvp_vectors.py::test_acvp_vec_slh_dsa_sig_keygen[SLH_DSA_SHAKE_256_PREHASH_SHAKE_256F] 
2026-01-14T17:07:29.3714738Z tests/test_acvp_vectors.py::test_acvp_vec_slh_dsa_sig_gen[Dilithium2] 
2026-01-14T17:07:29.3722107Z [gw1] [ 23%] SKIPPED tests/test_acvp_vectors.py::test_acvp_vec_slh_dsa_sig_gen[Dilithium2] 
2026-01-14T17:07:29.3731310Z tests/test_acvp_vectors.py::test_acvp_vec_slh_dsa_sig_gen[Dilithium3] 
2026-01-14T17:07:29.3735900Z [gw1] [ 23%] SKIPPED tests/test_acvp_vectors.py::test_acvp_vec_slh_dsa_sig_gen[Dilithium3] 
2026-01-14T17:07:29.3746643Z tests/test_acvp_vectors.py::test_acvp_vec_slh_dsa_sig_gen[Dilithium5] 
2026-01-14T17:07:29.3752831Z [gw1] [ 23%] SKIPPED tests/test_acvp_vectors.py::test_acvp_vec_slh_dsa_sig_gen[Dilithium5] 
2026-01-14T17:07:29.3762851Z tests/test_acvp_vectors.py::test_acvp_vec_slh_dsa_sig_gen[ML-DSA-44] 
2026-01-14T17:07:29.3768748Z [gw1] [ 23%] SKIPPED tests/test_acvp_vectors.py::test_acvp_vec_slh_dsa_sig_gen[ML-DSA-44] 
2026-01-14T17:07:29.3778452Z tests/test_acvp_vectors.py::test_acvp_vec_slh_dsa_sig_gen[ML-DSA-65] 
2026-01-14T17:07:29.3786223Z [gw1] [ 23%] SKIPPED tests/test_acvp_vectors.py::test_acvp_vec_slh_dsa_sig_gen[ML-DSA-65] 
2026-01-14T17:07:29.3795744Z tests/test_acvp_vectors.py::test_acvp_vec_slh_dsa_sig_gen[ML-DSA-87] 
2026-01-14T17:07:29.3801273Z [gw1] [ 23%] SKIPPED tests/test_acvp_vectors.py::test_acvp_vec_slh_dsa_sig_gen[ML-DSA-87] 
2026-01-14T17:07:29.3811382Z tests/test_acvp_vectors.py::test_acvp_vec_slh_dsa_sig_gen[Falcon-512] 
2026-01-14T17:07:29.3816885Z [gw1] [ 23%] SKIPPED tests/test_acvp_vectors.py::test_acvp_vec_slh_dsa_sig_gen[Falcon-512] 
2026-01-14T17:07:29.3827961Z tests/test_acvp_vectors.py::test_acvp_vec_slh_dsa_sig_gen[Falcon-1024] 
2026-01-14T17:07:29.3833100Z [gw1] [ 23%] SKIPPED tests/test_acvp_vectors.py::test_acvp_vec_slh_dsa_sig_gen[Falcon-1024] 
2026-01-14T17:07:29.3844837Z tests/test_acvp_vectors.py::test_acvp_vec_slh_dsa_sig_gen[Falcon-padded-512] 
2026-01-14T17:07:29.3851171Z [gw1] [ 23%] SKIPPED tests/test_acvp_vectors.py::test_acvp_vec_slh_dsa_sig_gen[Falcon-padded-512] 
2026-01-14T17:07:29.3863219Z tests/test_acvp_vectors.py::test_acvp_vec_slh_dsa_sig_gen[Falcon-padded-1024] 
2026-01-14T17:07:29.3866735Z [gw1] [ 23%] SKIPPED tests/test_acvp_vectors.py::test_acvp_vec_slh_dsa_sig_gen[Falcon-padded-1024] 
2026-01-14T17:07:29.3876750Z tests/test_acvp_vectors.py::test_acvp_vec_slh_dsa_sig_gen[SPHINCS+-SHA2-128f-simple] 
2026-01-14T17:07:29.3882177Z [gw1] [ 23%] SKIPPED tests/test_acvp_vectors.py::test_acvp_vec_slh_dsa_sig_gen[SPHINCS+-SHA2-128f-simple] 
2026-01-14T17:07:29.3892219Z tests/test_acvp_vectors.py::test_acvp_vec_slh_dsa_sig_gen[SPHINCS+-SHA2-128s-simple] 
2026-01-14T17:07:29.3900872Z [gw1] [ 23%] SKIPPED tests/test_acvp_vectors.py::test_acvp_vec_slh_dsa_sig_gen[SPHINCS+-SHA2-128s-simple] 
2026-01-14T17:07:29.3911131Z tests/test_acvp_vectors.py::test_acvp_vec_slh_dsa_sig_gen[SPHINCS+-SHA2-192f-simple] 
2026-01-14T17:07:29.3917520Z [gw1] [ 23%] SKIPPED tests/test_acvp_vectors.py::test_acvp_vec_slh_dsa_sig_gen[SPHINCS+-SHA2-192f-simple] 
2026-01-14T17:07:29.3928429Z tests/test_acvp_vectors.py::test_acvp_vec_slh_dsa_sig_gen[SPHINCS+-SHA2-192s-simple] 
2026-01-14T17:07:29.3933763Z [gw1] [ 23%] SKIPPED tests/test_acvp_vectors.py::test_acvp_vec_slh_dsa_sig_gen[SPHINCS+-SHA2-192s-simple] 
2026-01-14T17:07:29.3945143Z tests/test_acvp_vectors.py::test_acvp_vec_slh_dsa_sig_gen[SPHINCS+-SHA2-256f-simple] 
2026-01-14T17:07:29.3951405Z [gw1] [ 23%] SKIPPED tests/test_acvp_vectors.py::test_acvp_vec_slh_dsa_sig_gen[SPHINCS+-SHA2-256f-simple] 
2026-01-14T17:07:29.3960664Z tests/test_acvp_vectors.py::test_acvp_vec_slh_dsa_sig_gen[SPHINCS+-SHA2-256s-simple] 
2026-01-14T17:07:29.3965981Z [gw1] [ 23%] SKIPPED tests/test_acvp_vectors.py::test_acvp_vec_slh_dsa_sig_gen[SPHINCS+-SHA2-256s-simple] 
2026-01-14T17:07:29.3976979Z tests/test_acvp_vectors.py::test_acvp_vec_slh_dsa_sig_gen[SPHINCS+-SHAKE-128f-simple] 
2026-01-14T17:07:29.3982799Z [gw1] [ 23%] SKIPPED tests/test_acvp_vectors.py::test_acvp_vec_slh_dsa_sig_gen[SPHINCS+-SHAKE-128f-simple] 
2026-01-14T17:07:29.3992966Z tests/test_acvp_vectors.py::test_acvp_vec_slh_dsa_sig_gen[SPHINCS+-SHAKE-128s-simple] 
2026-01-14T17:07:29.3998533Z [gw1] [ 23%] SKIPPED tests/test_acvp_vectors.py::test_acvp_vec_slh_dsa_sig_gen[SPHINCS+-SHAKE-128s-simple] 
2026-01-14T17:07:29.4008469Z tests/test_acvp_vectors.py::test_acvp_vec_slh_dsa_sig_gen[SPHINCS+-SHAKE-192f-simple] 
2026-01-14T17:07:29.4016696Z [gw1] [ 23%] SKIPPED tests/test_acvp_vectors.py::test_acvp_vec_slh_dsa_sig_gen[SPHINCS+-SHAKE-192f-simple] 
2026-01-14T17:07:29.4027840Z tests/test_acvp_vectors.py::test_acvp_vec_slh_dsa_sig_gen[SPHINCS+-SHAKE-192s-simple] 
2026-01-14T17:07:29.4032717Z [gw1] [ 23%] SKIPPED tests/test_acvp_vectors.py::test_acvp_vec_slh_dsa_sig_gen[SPHINCS+-SHAKE-192s-simple] 
2026-01-14T17:07:29.4044555Z tests/test_acvp_vectors.py::test_acvp_vec_slh_dsa_sig_gen[SPHINCS+-SHAKE-256f-simple] 
2026-01-14T17:07:29.4050934Z [gw1] [ 23%] SKIPPED tests/test_acvp_vectors.py::test_acvp_vec_slh_dsa_sig_gen[SPHINCS+-SHAKE-256f-simple] 
2026-01-14T17:07:29.4060756Z tests/test_acvp_vectors.py::test_acvp_vec_slh_dsa_sig_gen[SPHINCS+-SHAKE-256s-simple] 
2026-01-14T17:07:29.4065897Z [gw1] [ 23%] SKIPPED tests/test_acvp_vectors.py::test_acvp_vec_slh_dsa_sig_gen[SPHINCS+-SHAKE-256s-simple] 
2026-01-14T17:07:29.4079537Z tests/test_acvp_vectors.py::test_acvp_vec_slh_dsa_sig_gen[MAYO-1] 
2026-01-14T17:07:29.4085492Z [gw1] [ 23%] SKIPPED tests/test_acvp_vectors.py::test_acvp_vec_slh_dsa_sig_gen[MAYO-1] 
2026-01-14T17:07:29.4092915Z tests/test_acvp_vectors.py::test_acvp_vec_slh_dsa_sig_gen[MAYO-2] 
2026-01-14T17:07:29.4098298Z [gw1] [ 23%] SKIPPED tests/test_acvp_vectors.py::test_acvp_vec_slh_dsa_sig_gen[MAYO-2] 
2026-01-14T17:07:29.4110807Z tests/test_acvp_vectors.py::test_acvp_vec_slh_dsa_sig_gen[MAYO-3] 
2026-01-14T17:07:29.4115544Z [gw1] [ 23%] SKIPPED tests/test_acvp_vectors.py::test_acvp_vec_slh_dsa_sig_gen[MAYO-3] 
2026-01-14T17:07:29.4126150Z tests/test_acvp_vectors.py::test_acvp_vec_slh_dsa_sig_gen[MAYO-5] 
2026-01-14T17:07:29.4134282Z [gw1] [ 23%] SKIPPED tests/test_acvp_vectors.py::test_acvp_vec_slh_dsa_sig_gen[MAYO-5] 
2026-01-14T17:07:29.4145293Z tests/test_acvp_vectors.py::test_acvp_vec_slh_dsa_sig_gen[cross-rsdp-128-balanced] 
2026-01-14T17:07:29.4150873Z [gw1] [ 23%] SKIPPED tests/test_acvp_vectors.py::test_acvp_vec_slh_dsa_sig_gen[cross-rsdp-128-balanced] 
2026-01-14T17:07:29.4162678Z tests/test_acvp_vectors.py::test_acvp_vec_slh_dsa_sig_gen[cross-rsdp-128-fast] 
2026-01-14T17:07:29.4169110Z [gw1] [ 23%] SKIPPED tests/test_acvp_vectors.py::test_acvp_vec_slh_dsa_sig_gen[cross-rsdp-128-fast] 
2026-01-14T17:07:29.4180206Z tests/test_acvp_vectors.py::test_acvp_vec_slh_dsa_sig_gen[cross-rsdp-128-small] 
2026-01-14T17:07:29.4185795Z [gw1] [ 23%] SKIPPED tests/test_acvp_vectors.py::test_acvp_vec_slh_dsa_sig_gen[cross-rsdp-128-small] 
2026-01-14T17:07:29.4196617Z tests/test_acvp_vectors.py::test_acvp_vec_slh_dsa_sig_gen[cross-rsdp-192-balanced] 
2026-01-14T17:07:29.4201919Z [gw1] [ 24%] SKIPPED tests/test_acvp_vectors.py::test_acvp_vec_slh_dsa_sig_gen[cross-rsdp-192-balanced] 
2026-01-14T17:07:29.4214821Z tests/test_acvp_vectors.py::test_acvp_vec_slh_dsa_sig_gen[cross-rsdp-192-fast] 
2026-01-14T17:07:29.4221993Z [gw1] [ 24%] SKIPPED tests/test_acvp_vectors.py::test_acvp_vec_slh_dsa_sig_gen[cross-rsdp-192-fast] 
2026-01-14T17:07:29.4233142Z tests/test_acvp_vectors.py::test_acvp_vec_slh_dsa_sig_gen[cross-rsdp-192-small] 
2026-01-14T17:07:29.4240195Z [gw1] [ 24%] SKIPPED tests/test_acvp_vectors.py::test_acvp_vec_slh_dsa_sig_gen[cross-rsdp-192-small] 
2026-01-14T17:07:29.4248741Z tests/test_acvp_vectors.py::test_acvp_vec_slh_dsa_sig_gen[cross-rsdp-256-balanced] 
2026-01-14T17:07:29.4256996Z [gw1] [ 24%] SKIPPED tests/test_acvp_vectors.py::test_acvp_vec_slh_dsa_sig_gen[cross-rsdp-256-balanced] 
2026-01-14T17:07:29.4266740Z tests/test_acvp_vectors.py::test_acvp_vec_slh_dsa_sig_gen[cross-rsdp-256-fast] 
2026-01-14T17:07:29.4273044Z [gw1] [ 24%] SKIPPED tests/test_acvp_vectors.py::test_acvp_vec_slh_dsa_sig_gen[cross-rsdp-256-fast] 
2026-01-14T17:07:29.4283258Z tests/test_acvp_vectors.py::test_acvp_vec_slh_dsa_sig_gen[cross-rsdp-256-small] 
2026-01-14T17:07:29.4288418Z [gw1] [ 24%] SKIPPED tests/test_acvp_vectors.py::test_acvp_vec_slh_dsa_sig_gen[cross-rsdp-256-small] 
2026-01-14T17:07:29.4299969Z tests/test_acvp_vectors.py::test_acvp_vec_slh_dsa_sig_gen[cross-rsdpg-128-balanced] 
2026-01-14T17:07:29.4306939Z [gw1] [ 24%] SKIPPED tests/test_acvp_vectors.py::test_acvp_vec_slh_dsa_sig_gen[cross-rsdpg-128-balanced] 
2026-01-14T17:07:29.4316417Z tests/test_acvp_vectors.py::test_acvp_vec_slh_dsa_sig_gen[cross-rsdpg-128-fast] 
2026-01-14T17:07:29.4324066Z [gw1] [ 24%] SKIPPED tests/test_acvp_vectors.py::test_acvp_vec_slh_dsa_sig_gen[cross-rsdpg-128-fast] 
2026-01-14T17:07:29.4332924Z tests/test_acvp_vectors.py::test_acvp_vec_slh_dsa_sig_gen[cross-rsdpg-128-small] 
2026-01-14T17:07:29.4339431Z [gw1] [ 24%] SKIPPED tests/test_acvp_vectors.py::test_acvp_vec_slh_dsa_sig_gen[cross-rsdpg-128-small] 
2026-01-14T17:07:29.4350666Z tests/test_acvp_vectors.py::test_acvp_vec_slh_dsa_sig_gen[cross-rsdpg-192-balanced] 
2026-01-14T17:07:29.4355681Z [gw1] [ 24%] SKIPPED tests/test_acvp_vectors.py::test_acvp_vec_slh_dsa_sig_gen[cross-rsdpg-192-balanced] 
2026-01-14T17:07:29.4366533Z tests/test_acvp_vectors.py::test_acvp_vec_slh_dsa_sig_gen[cross-rsdpg-192-fast] 
2026-01-14T17:07:29.4374339Z [gw1] [ 24%] SKIPPED tests/test_acvp_vectors.py::test_acvp_vec_slh_dsa_sig_gen[cross-rsdpg-192-fast] 
2026-01-14T17:07:29.4385719Z tests/test_acvp_vectors.py::test_acvp_vec_slh_dsa_sig_gen[cross-rsdpg-192-small] 
2026-01-14T17:07:29.4391313Z [gw1] [ 24%] SKIPPED tests/test_acvp_vectors.py::test_acvp_vec_slh_dsa_sig_gen[cross-rsdpg-192-small] 
2026-01-14T17:07:29.4403224Z tests/test_acvp_vectors.py::test_acvp_vec_slh_dsa_sig_gen[cross-rsdpg-256-balanced] 
2026-01-14T17:07:29.4410810Z [gw1] [ 24%] SKIPPED tests/test_acvp_vectors.py::test_acvp_vec_slh_dsa_sig_gen[cross-rsdpg-256-balanced] 
2026-01-14T17:07:29.4420591Z tests/test_acvp_vectors.py::test_acvp_vec_slh_dsa_sig_gen[cross-rsdpg-256-fast] 
2026-01-14T17:07:29.4427558Z [gw1] [ 24%] SKIPPED tests/test_acvp_vectors.py::test_acvp_vec_slh_dsa_sig_gen[cross-rsdpg-256-fast] 
2026-01-14T17:07:29.4439295Z tests/test_acvp_vectors.py::test_acvp_vec_slh_dsa_sig_gen[cross-rsdpg-256-small] 
2026-01-14T17:07:29.4445667Z [gw1] [ 24%] SKIPPED tests/test_acvp_vectors.py::test_acvp_vec_slh_dsa_sig_gen[cross-rsdpg-256-small] 
2026-01-14T17:07:29.4455278Z tests/test_acvp_vectors.py::test_acvp_vec_slh_dsa_sig_gen[OV-Is] 
2026-01-14T17:07:29.4461799Z [gw1] [ 24%] SKIPPED tests/test_acvp_vectors.py::test_acvp_vec_slh_dsa_sig_gen[OV-Is] 
2026-01-14T17:07:29.4473649Z tests/test_acvp_vectors.py::test_acvp_vec_slh_dsa_sig_gen[OV-Ip] 
2026-01-14T17:07:29.4478891Z [gw1] [ 24%] SKIPPED tests/test_acvp_vectors.py::test_acvp_vec_slh_dsa_sig_gen[OV-Ip] 
2026-01-14T17:07:29.4489613Z tests/test_acvp_vectors.py::test_acvp_vec_slh_dsa_sig_gen[OV-III] 
2026-01-14T17:07:29.4497368Z [gw1] [ 24%] SKIPPED tests/test_acvp_vectors.py::test_acvp_vec_slh_dsa_sig_gen[OV-III] 
2026-01-14T17:07:29.4508576Z tests/test_acvp_vectors.py::test_acvp_vec_slh_dsa_sig_gen[OV-V] 
2026-01-14T17:07:29.4514815Z [gw1] [ 24%] SKIPPED tests/test_acvp_vectors.py::test_acvp_vec_slh_dsa_sig_gen[OV-V] 
2026-01-14T17:07:29.4525574Z tests/test_acvp_vectors.py::test_acvp_vec_slh_dsa_sig_gen[OV-Is-pkc] 
2026-01-14T17:07:29.4529953Z [gw1] [ 24%] SKIPPED tests/test_acvp_vectors.py::test_acvp_vec_slh_dsa_sig_gen[OV-Is-pkc] 
2026-01-14T17:07:29.4541396Z tests/test_acvp_vectors.py::test_acvp_vec_slh_dsa_sig_gen[OV-Ip-pkc] 
2026-01-14T17:07:29.4547055Z [gw1] [ 24%] SKIPPED tests/test_acvp_vectors.py::test_acvp_vec_slh_dsa_sig_gen[OV-Ip-pkc] 
2026-01-14T17:07:29.4559030Z tests/test_acvp_vectors.py::test_acvp_vec_slh_dsa_sig_gen[OV-III-pkc] 
2026-01-14T17:07:29.4564822Z [gw1] [ 24%] SKIPPED tests/test_acvp_vectors.py::test_acvp_vec_slh_dsa_sig_gen[OV-III-pkc] 
2026-01-14T17:07:29.4575493Z tests/test_acvp_vectors.py::test_acvp_vec_slh_dsa_sig_gen[OV-V-pkc] 
2026-01-14T17:07:29.4581020Z [gw1] [ 24%] SKIPPED tests/test_acvp_vectors.py::test_acvp_vec_slh_dsa_sig_gen[OV-V-pkc] 
2026-01-14T17:07:29.4591612Z tests/test_acvp_vectors.py::test_acvp_vec_slh_dsa_sig_gen[OV-Is-pkc-skc] 
2026-01-14T17:07:29.4611140Z [gw1] [ 24%] SKIPPED tests/test_acvp_vectors.py::test_acvp_vec_slh_dsa_sig_gen[OV-Is-pkc-skc] 
2026-01-14T17:07:29.4612111Z tests/test_acvp_vectors.py::test_acvp_vec_slh_dsa_sig_gen[OV-Ip-pkc-skc] 
2026-01-14T17:07:29.4619783Z [gw1] [ 24%] SKIPPED tests/test_acvp_vectors.py::test_acvp_vec_slh_dsa_sig_gen[OV-Ip-pkc-skc] 
2026-01-14T17:07:29.4658352Z tests/test_acvp_vectors.py::test_acvp_vec_slh_dsa_sig_gen[OV-III-pkc-skc] 
2026-01-14T17:07:29.4663203Z [gw1] [ 24%] SKIPPED tests/test_acvp_vectors.py::test_acvp_vec_slh_dsa_sig_gen[OV-III-pkc-skc] 
2026-01-14T17:07:29.4665623Z tests/test_acvp_vectors.py::test_acvp_vec_slh_dsa_sig_gen[OV-V-pkc-skc] 
2026-01-14T17:07:29.4666600Z [gw1] [ 24%] SKIPPED tests/test_acvp_vectors.py::test_acvp_vec_slh_dsa_sig_gen[OV-V-pkc-skc] 
2026-01-14T17:07:29.4668965Z tests/test_acvp_vectors.py::test_acvp_vec_slh_dsa_sig_gen[SNOVA_24_5_4] 
2026-01-14T17:07:29.4669937Z [gw1] [ 24%] SKIPPED tests/test_acvp_vectors.py::test_acvp_vec_slh_dsa_sig_gen[SNOVA_24_5_4] 
2026-01-14T17:07:29.4679180Z tests/test_acvp_vectors.py::test_acvp_vec_slh_dsa_sig_gen[SNOVA_24_5_4_SHAKE] 
2026-01-14T17:07:29.4683894Z [gw1] [ 24%] SKIPPED tests/test_acvp_vectors.py::test_acvp_vec_slh_dsa_sig_gen[SNOVA_24_5_4_SHAKE] 
2026-01-14T17:07:29.4695990Z tests/test_acvp_vectors.py::test_acvp_vec_slh_dsa_sig_gen[SNOVA_24_5_4_esk] 
2026-01-14T17:07:29.4702173Z [gw1] [ 24%] SKIPPED tests/test_acvp_vectors.py::test_acvp_vec_slh_dsa_sig_gen[SNOVA_24_5_4_esk] 
2026-01-14T17:07:29.4714017Z tests/test_acvp_vectors.py::test_acvp_vec_slh_dsa_sig_gen[SNOVA_24_5_4_SHAKE_esk] 
2026-01-14T17:07:29.4720895Z [gw1] [ 25%] SKIPPED tests/test_acvp_vectors.py::test_acvp_vec_slh_dsa_sig_gen[SNOVA_24_5_4_SHAKE_esk] 
2026-01-14T17:07:29.4731402Z tests/test_acvp_vectors.py::test_acvp_vec_slh_dsa_sig_gen[SNOVA_37_17_2] 
2026-01-14T17:07:29.4740211Z [gw1] [ 25%] SKIPPED tests/test_acvp_vectors.py::test_acvp_vec_slh_dsa_sig_gen[SNOVA_37_17_2] 
2026-01-14T17:07:29.4752781Z tests/test_acvp_vectors.py::test_acvp_vec_slh_dsa_sig_gen[SNOVA_25_8_3] 
2026-01-14T17:07:29.4757789Z [gw1] [ 25%] SKIPPED tests/test_acvp_vectors.py::test_acvp_vec_slh_dsa_sig_gen[SNOVA_25_8_3] 
2026-01-14T17:07:29.4765722Z tests/test_acvp_vectors.py::test_acvp_vec_slh_dsa_sig_gen[SNOVA_56_25_2] 
2026-01-14T17:07:29.4771311Z [gw0] [ 25%] PASSED tests/test_acvp_vectors.py::test_acvp_vec_kem_encdec_val[ML-KEM-1024] 
2026-01-14T17:07:29.4777668Z tests/test_acvp_vectors.py::test_acvp_vec_kem_encdec_val[NTRU-HPS-2048-509] 
2026-01-14T17:07:29.4781599Z [gw1] [ 25%] SKIPPED tests/test_acvp_vectors.py::test_acvp_vec_slh_dsa_sig_gen[SNOVA_56_25_2] 
2026-01-14T17:07:29.4790380Z tests/test_acvp_vectors.py::test_acvp_vec_slh_dsa_sig_gen[SNOVA_49_11_3] 
2026-01-14T17:07:29.4797052Z [gw0] [ 25%] SKIPPED tests/test_acvp_vectors.py::test_acvp_vec_kem_encdec_val[NTRU-HPS-2048-509] 
2026-01-14T17:07:29.4802533Z [gw1] [ 25%] SKIPPED tests/test_acvp_vectors.py::test_acvp_vec_slh_dsa_sig_gen[SNOVA_49_11_3] 
2026-01-14T17:07:29.4803790Z tests/test_acvp_vectors.py::test_acvp_vec_kem_encdec_val[NTRU-HPS-2048-677] 
2026-01-14T17:07:29.4852493Z tests/test_acvp_vectors.py::test_acvp_vec_slh_dsa_sig_gen[SNOVA_37_8_4] 
2026-01-14T17:07:29.4856189Z [gw0] [ 25%] SKIPPED tests/test_acvp_vectors.py::test_acvp_vec_kem_encdec_val[NTRU-HPS-2048-677] 
2026-01-14T17:07:29.4857205Z tests/test_acvp_vectors.py::test_acvp_vec_kem_encdec_val[NTRU-HPS-4096-821] 
2026-01-14T17:07:29.4858180Z [gw0] [ 25%] SKIPPED tests/test_acvp_vectors.py::test_acvp_vec_kem_encdec_val[NTRU-HPS-4096-821] 
2026-01-14T17:07:29.4863105Z tests/test_acvp_vectors.py::test_acvp_vec_kem_encdec_val[NTRU-HPS-4096-1229] 
2026-01-14T17:07:29.4868350Z [gw1] [ 25%] SKIPPED tests/test_acvp_vectors.py::test_acvp_vec_slh_dsa_sig_gen[SNOVA_37_8_4] 
2026-01-14T17:07:29.4869298Z tests/test_acvp_vectors.py::test_acvp_vec_slh_dsa_sig_gen[SNOVA_24_5_5] 
2026-01-14T17:07:29.4870258Z [gw1] [ 25%] SKIPPED tests/test_acvp_vectors.py::test_acvp_vec_slh_dsa_sig_gen[SNOVA_24_5_5] 
2026-01-14T17:07:29.4871178Z tests/test_acvp_vectors.py::test_acvp_vec_slh_dsa_sig_gen[SNOVA_60_10_4] 
2026-01-14T17:07:29.4872108Z [gw1] [ 25%] SKIPPED tests/test_acvp_vectors.py::test_acvp_vec_slh_dsa_sig_gen[SNOVA_60_10_4] 
2026-01-14T17:07:29.4873034Z tests/test_acvp_vectors.py::test_acvp_vec_slh_dsa_sig_gen[SNOVA_29_6_5] 
2026-01-14T17:07:29.4873976Z [gw0] [ 25%] SKIPPED tests/test_acvp_vectors.py::test_acvp_vec_kem_encdec_val[NTRU-HPS-4096-1229] 
2026-01-14T17:07:29.4877076Z tests/test_acvp_vectors.py::test_acvp_vec_kem_encdec_val[NTRU-HRSS-701] 
2026-01-14T17:07:29.4879449Z [gw0] [ 25%] SKIPPED tests/test_acvp_vectors.py::test_acvp_vec_kem_encdec_val[NTRU-HRSS-701] 
2026-01-14T17:07:29.4880458Z tests/test_acvp_vectors.py::test_acvp_vec_kem_encdec_val[NTRU-HRSS-1373] 
2026-01-14T17:07:29.4883529Z [gw1] [ 25%] SKIPPED tests/test_acvp_vectors.py::test_acvp_vec_slh_dsa_sig_gen[SNOVA_29_6_5] 
2026-01-14T17:07:29.4885769Z tests/test_acvp_vectors.py::test_acvp_vec_slh_dsa_sig_gen[SLH_DSA_PURE_SHA2_128S] 
2026-01-14T17:07:29.4886834Z [gw0] [ 25%] SKIPPED tests/test_acvp_vectors.py::test_acvp_vec_kem_encdec_val[NTRU-HRSS-1373] 
2026-01-14T17:07:29.4888441Z tests/test_acvp_vectors.py::test_acvp_vec_kem_encdec_val[sntrup761] 
2026-01-14T17:07:29.4895214Z [gw0] [ 25%] SKIPPED tests/test_acvp_vectors.py::test_acvp_vec_kem_encdec_val[sntrup761] 
2026-01-14T17:07:29.4903042Z [gw1] [ 25%] SKIPPED tests/test_acvp_vectors.py::test_acvp_vec_slh_dsa_sig_gen[SLH_DSA_PURE_SHA2_128S] 
2026-01-14T17:07:29.4907601Z tests/test_acvp_vectors.py::test_acvp_vec_slh_dsa_sig_gen[SLH_DSA_PURE_SHA2_128F] 
2026-01-14T17:07:29.4908500Z tests/test_acvp_vectors.py::test_acvp_vec_kem_encdec_val[FrodoKEM-640-AES] 
2026-01-14T17:07:29.4909511Z [gw1] [ 25%] SKIPPED tests/test_acvp_vectors.py::test_acvp_vec_slh_dsa_sig_gen[SLH_DSA_PURE_SHA2_128F] 
2026-01-14T17:07:29.4918667Z tests/test_acvp_vectors.py::test_acvp_vec_slh_dsa_sig_gen[SLH_DSA_PURE_SHA2_192S] 
2026-01-14T17:07:29.4929199Z [gw1] [ 25%] SKIPPED tests/test_acvp_vectors.py::test_acvp_vec_slh_dsa_sig_gen[SLH_DSA_PURE_SHA2_192S] 
2026-01-14T17:07:29.4936246Z tests/test_acvp_vectors.py::test_acvp_vec_slh_dsa_sig_gen[SLH_DSA_PURE_SHA2_192F] 
2026-01-14T17:07:29.4937461Z [gw0] [ 25%] SKIPPED tests/test_acvp_vectors.py::test_acvp_vec_kem_encdec_val[FrodoKEM-640-AES] 
2026-01-14T17:07:29.4941538Z tests/test_acvp_vectors.py::test_acvp_vec_kem_encdec_val[FrodoKEM-640-SHAKE] 
2026-01-14T17:07:29.4942508Z [gw0] [ 25%] SKIPPED tests/test_acvp_vectors.py::test_acvp_vec_kem_encdec_val[FrodoKEM-640-SHAKE] 
2026-01-14T17:07:29.4943485Z tests/test_acvp_vectors.py::test_acvp_vec_kem_encdec_val[FrodoKEM-976-AES] 
2026-01-14T17:07:29.4946622Z [gw1] [ 25%] SKIPPED tests/test_acvp_vectors.py::test_acvp_vec_slh_dsa_sig_gen[SLH_DSA_PURE_SHA2_192F] 
2026-01-14T17:07:29.4947686Z tests/test_acvp_vectors.py::test_acvp_vec_slh_dsa_sig_gen[SLH_DSA_PURE_SHA2_256S] 
2026-01-14T17:07:29.4954357Z [gw0] [ 25%] SKIPPED tests/test_acvp_vectors.py::test_acvp_vec_kem_encdec_val[FrodoKEM-976-AES] 
2026-01-14T17:07:29.4955710Z [gw1] [ 25%] SKIPPED tests/test_acvp_vectors.py::test_acvp_vec_slh_dsa_sig_gen[SLH_DSA_PURE_SHA2_256S] 
2026-01-14T17:07:29.4960039Z tests/test_acvp_vectors.py::test_acvp_vec_kem_encdec_val[FrodoKEM-976-SHAKE] 
2026-01-14T17:07:29.4966308Z tests/test_acvp_vectors.py::test_acvp_vec_slh_dsa_sig_gen[SLH_DSA_PURE_SHA2_256F] 
2026-01-14T17:07:29.4977269Z [gw0] [ 25%] SKIPPED tests/test_acvp_vectors.py::test_acvp_vec_kem_encdec_val[FrodoKEM-976-SHAKE] 
2026-01-14T17:07:29.4978694Z [gw1] [ 25%] SKIPPED tests/test_acvp_vectors.py::test_acvp_vec_slh_dsa_sig_gen[SLH_DSA_PURE_SHA2_256F] 
2026-01-14T17:07:29.4980090Z tests/test_acvp_vectors.py::test_acvp_vec_slh_dsa_sig_gen[SLH_DSA_PURE_SHAKE_128S] 
2026-01-14T17:07:29.4983729Z tests/test_acvp_vectors.py::test_acvp_vec_kem_encdec_val[FrodoKEM-1344-AES] 
2026-01-14T17:07:29.4993566Z [gw0] [ 25%] SKIPPED tests/test_acvp_vectors.py::test_acvp_vec_kem_encdec_val[FrodoKEM-1344-AES] 
2026-01-14T17:07:29.5000895Z tests/test_acvp_vectors.py::test_acvp_vec_kem_encdec_val[FrodoKEM-1344-SHAKE] 
2026-01-14T17:07:29.5001917Z [gw1] [ 25%] SKIPPED tests/test_acvp_vectors.py::test_acvp_vec_slh_dsa_sig_gen[SLH_DSA_PURE_SHAKE_128S] 
2026-01-14T17:07:29.5005622Z tests/test_acvp_vectors.py::test_acvp_vec_slh_dsa_sig_gen[SLH_DSA_PURE_SHAKE_128F] 
2026-01-14T17:07:29.5009905Z [gw0] [ 25%] SKIPPED tests/test_acvp_vectors.py::test_acvp_vec_kem_encdec_val[FrodoKEM-1344-SHAKE] 
2026-01-14T17:07:29.5021839Z tests/test_acvp_vectors.py::test_acvp_vec_ml_dsa_sig_keygen[Dilithium2] 
2026-01-14T17:07:29.5024167Z [gw1] [ 25%] SKIPPED tests/test_acvp_vectors.py::test_acvp_vec_slh_dsa_sig_gen[SLH_DSA_PURE_SHAKE_128F] 
2026-01-14T17:07:29.5028431Z tests/test_acvp_vectors.py::test_acvp_vec_slh_dsa_sig_gen[SLH_DSA_PURE_SHAKE_192S] 
2026-01-14T17:07:29.5030833Z [gw0] [ 26%] SKIPPED tests/test_acvp_vectors.py::test_acvp_vec_ml_dsa_sig_keygen[Dilithium2] 
2026-01-14T17:07:29.5032408Z tests/test_acvp_vectors.py::test_acvp_vec_ml_dsa_sig_keygen[Dilithium3] 
2026-01-14T17:07:29.5039013Z [gw1] [ 26%] SKIPPED tests/test_acvp_vectors.py::test_acvp_vec_slh_dsa_sig_gen[SLH_DSA_PURE_SHAKE_192S] 
2026-01-14T17:07:29.5045230Z [gw0] [ 26%] SKIPPED tests/test_acvp_vectors.py::test_acvp_vec_ml_dsa_sig_keygen[Dilithium3] 
2026-01-14T17:07:29.5050420Z tests/test_acvp_vectors.py::test_acvp_vec_slh_dsa_sig_gen[SLH_DSA_PURE_SHAKE_192F] 
2026-01-14T17:07:29.5053948Z tests/test_acvp_vectors.py::test_acvp_vec_ml_dsa_sig_keygen[Dilithium5] 
2026-01-14T17:07:29.5064283Z [gw1] [ 26%] SKIPPED tests/test_acvp_vectors.py::test_acvp_vec_slh_dsa_sig_gen[SLH_DSA_PURE_SHAKE_192F] 
2026-01-14T17:07:29.5079229Z [gw0] [ 26%] SKIPPED tests/test_acvp_vectors.py::test_acvp_vec_ml_dsa_sig_keygen[Dilithium5] 
2026-01-14T17:07:29.5080760Z tests/test_acvp_vectors.py::test_acvp_vec_ml_dsa_sig_keygen[ML-DSA-44] 
2026-01-14T17:07:29.5081688Z tests/test_acvp_vectors.py::test_acvp_vec_slh_dsa_sig_gen[SLH_DSA_PURE_SHAKE_256S] 
2026-01-14T17:07:29.5083134Z [gw1] [ 26%] SKIPPED tests/test_acvp_vectors.py::test_acvp_vec_slh_dsa_sig_gen[SLH_DSA_PURE_SHAKE_256S] 
2026-01-14T17:07:29.5087392Z tests/test_acvp_vectors.py::test_acvp_vec_slh_dsa_sig_gen[SLH_DSA_PURE_SHAKE_256F] 
2026-01-14T17:07:29.5090579Z [gw1] [ 26%] SKIPPED tests/test_acvp_vectors.py::test_acvp_vec_slh_dsa_sig_gen[SLH_DSA_PURE_SHAKE_256F] 
2026-01-14T17:07:29.5101251Z tests/test_acvp_vectors.py::test_acvp_vec_slh_dsa_sig_gen[SLH_DSA_SHA2_224_PREHASH_SHA2_128S] 
2026-01-14T17:07:29.5106403Z [gw1] [ 26%] SKIPPED tests/test_acvp_vectors.py::test_acvp_vec_slh_dsa_sig_gen[SLH_DSA_SHA2_224_PREHASH_SHA2_128S] 
2026-01-14T17:07:29.5118193Z tests/test_acvp_vectors.py::test_acvp_vec_slh_dsa_sig_gen[SLH_DSA_SHA2_224_PREHASH_SHA2_128F] 
2026-01-14T17:07:29.5125772Z [gw1] [ 26%] SKIPPED tests/test_acvp_vectors.py::test_acvp_vec_slh_dsa_sig_gen[SLH_DSA_SHA2_224_PREHASH_SHA2_128F] 
2026-01-14T17:07:29.5137964Z tests/test_acvp_vectors.py::test_acvp_vec_slh_dsa_sig_gen[SLH_DSA_SHA2_224_PREHASH_SHA2_192S] 
2026-01-14T17:07:29.5144333Z [gw1] [ 26%] SKIPPED tests/test_acvp_vectors.py::test_acvp_vec_slh_dsa_sig_gen[SLH_DSA_SHA2_224_PREHASH_SHA2_192S] 
2026-01-14T17:07:29.5155952Z tests/test_acvp_vectors.py::test_acvp_vec_slh_dsa_sig_gen[SLH_DSA_SHA2_224_PREHASH_SHA2_192F] 
2026-01-14T17:07:29.5162036Z [gw1] [ 26%] SKIPPED tests/test_acvp_vectors.py::test_acvp_vec_slh_dsa_sig_gen[SLH_DSA_SHA2_224_PREHASH_SHA2_192F] 
2026-01-14T17:07:29.5175236Z tests/test_acvp_vectors.py::test_acvp_vec_slh_dsa_sig_gen[SLH_DSA_SHA2_224_PREHASH_SHA2_256S] 
2026-01-14T17:07:29.5180136Z [gw1] [ 26%] SKIPPED tests/test_acvp_vectors.py::test_acvp_vec_slh_dsa_sig_gen[SLH_DSA_SHA2_224_PREHASH_SHA2_256S] 
2026-01-14T17:07:29.5193768Z tests/test_acvp_vectors.py::test_acvp_vec_slh_dsa_sig_gen[SLH_DSA_SHA2_224_PREHASH_SHA2_256F] 
2026-01-14T17:07:29.5200214Z [gw1] [ 26%] SKIPPED tests/test_acvp_vectors.py::test_acvp_vec_slh_dsa_sig_gen[SLH_DSA_SHA2_224_PREHASH_SHA2_256F] 
2026-01-14T17:07:29.5212381Z tests/test_acvp_vectors.py::test_acvp_vec_slh_dsa_sig_gen[SLH_DSA_SHA2_224_PREHASH_SHAKE_128S] 
2026-01-14T17:07:29.5217386Z [gw1] [ 26%] SKIPPED tests/test_acvp_vectors.py::test_acvp_vec_slh_dsa_sig_gen[SLH_DSA_SHA2_224_PREHASH_SHAKE_128S] 
2026-01-14T17:07:29.5229532Z tests/test_acvp_vectors.py::test_acvp_vec_slh_dsa_sig_gen[SLH_DSA_SHA2_224_PREHASH_SHAKE_128F] 
2026-01-14T17:07:29.5236551Z [gw1] [ 26%] SKIPPED tests/test_acvp_vectors.py::test_acvp_vec_slh_dsa_sig_gen[SLH_DSA_SHA2_224_PREHASH_SHAKE_128F] 
2026-01-14T17:07:29.5248705Z tests/test_acvp_vectors.py::test_acvp_vec_slh_dsa_sig_gen[SLH_DSA_SHA2_224_PREHASH_SHAKE_192S] 
2026-01-14T17:07:29.5256149Z [gw1] [ 26%] SKIPPED tests/test_acvp_vectors.py::test_acvp_vec_slh_dsa_sig_gen[SLH_DSA_SHA2_224_PREHASH_SHAKE_192S] 
2026-01-14T17:07:29.5268894Z tests/test_acvp_vectors.py::test_acvp_vec_slh_dsa_sig_gen[SLH_DSA_SHA2_224_PREHASH_SHAKE_192F] 
2026-01-14T17:07:29.5282473Z [gw1] [ 26%] SKIPPED tests/test_acvp_vectors.py::test_acvp_vec_slh_dsa_sig_gen[SLH_DSA_SHA2_224_PREHASH_SHAKE_192F] 
2026-01-14T17:07:29.5293349Z tests/test_acvp_vectors.py::test_acvp_vec_slh_dsa_sig_gen[SLH_DSA_SHA2_224_PREHASH_SHAKE_256S] 
2026-01-14T17:07:29.5300927Z [gw1] [ 26%] SKIPPED tests/test_acvp_vectors.py::test_acvp_vec_slh_dsa_sig_gen[SLH_DSA_SHA2_224_PREHASH_SHAKE_256S] 
2026-01-14T17:07:29.5312428Z tests/test_acvp_vectors.py::test_acvp_vec_slh_dsa_sig_gen[SLH_DSA_SHA2_224_PREHASH_SHAKE_256F] 
2026-01-14T17:07:29.5317715Z [gw1] [ 26%] SKIPPED tests/test_acvp_vectors.py::test_acvp_vec_slh_dsa_sig_gen[SLH_DSA_SHA2_224_PREHASH_SHAKE_256F] 
2026-01-14T17:07:29.5330066Z tests/test_acvp_vectors.py::test_acvp_vec_slh_dsa_sig_gen[SLH_DSA_SHA2_256_PREHASH_SHA2_128S] 
2026-01-14T17:07:29.5334663Z [gw1] [ 26%] SKIPPED tests/test_acvp_vectors.py::test_acvp_vec_slh_dsa_sig_gen[SLH_DSA_SHA2_256_PREHASH_SHA2_128S] 
2026-01-14T17:07:29.5346987Z tests/test_acvp_vectors.py::test_acvp_vec_slh_dsa_sig_gen[SLH_DSA_SHA2_256_PREHASH_SHA2_128F] 
2026-01-14T17:07:29.5352414Z [gw1] [ 26%] SKIPPED tests/test_acvp_vectors.py::test_acvp_vec_slh_dsa_sig_gen[SLH_DSA_SHA2_256_PREHASH_SHA2_128F] 
2026-01-14T17:07:29.5365234Z tests/test_acvp_vectors.py::test_acvp_vec_slh_dsa_sig_gen[SLH_DSA_SHA2_256_PREHASH_SHA2_192S] 
2026-01-14T17:07:29.5369066Z [gw1] [ 26%] SKIPPED tests/test_acvp_vectors.py::test_acvp_vec_slh_dsa_sig_gen[SLH_DSA_SHA2_256_PREHASH_SHA2_192S] 
2026-01-14T17:07:29.5382929Z tests/test_acvp_vectors.py::test_acvp_vec_slh_dsa_sig_gen[SLH_DSA_SHA2_256_PREHASH_SHA2_192F] 
2026-01-14T17:07:29.5390796Z [gw1] [ 26%] SKIPPED tests/test_acvp_vectors.py::test_acvp_vec_slh_dsa_sig_gen[SLH_DSA_SHA2_256_PREHASH_SHA2_192F] 
2026-01-14T17:07:29.5403908Z tests/test_acvp_vectors.py::test_acvp_vec_slh_dsa_sig_gen[SLH_DSA_SHA2_256_PREHASH_SHA2_256S] 
2026-01-14T17:07:29.5409830Z [gw1] [ 26%] SKIPPED tests/test_acvp_vectors.py::test_acvp_vec_slh_dsa_sig_gen[SLH_DSA_SHA2_256_PREHASH_SHA2_256S] 
2026-01-14T17:07:29.5421029Z tests/test_acvp_vectors.py::test_acvp_vec_slh_dsa_sig_gen[SLH_DSA_SHA2_256_PREHASH_SHA2_256F] 
2026-01-14T17:07:29.5427052Z [gw1] [ 26%] SKIPPED tests/test_acvp_vectors.py::test_acvp_vec_slh_dsa_sig_gen[SLH_DSA_SHA2_256_PREHASH_SHA2_256F] 
2026-01-14T17:07:29.5439469Z tests/test_acvp_vectors.py::test_acvp_vec_slh_dsa_sig_gen[SLH_DSA_SHA2_256_PREHASH_SHAKE_128S] 
2026-01-14T17:07:29.5443867Z [gw1] [ 26%] SKIPPED tests/test_acvp_vectors.py::test_acvp_vec_slh_dsa_sig_gen[SLH_DSA_SHA2_256_PREHASH_SHAKE_128S] 
2026-01-14T17:07:29.5457833Z tests/test_acvp_vectors.py::test_acvp_vec_slh_dsa_sig_gen[SLH_DSA_SHA2_256_PREHASH_SHAKE_128F] 
2026-01-14T17:07:29.5462156Z [gw1] [ 26%] SKIPPED tests/test_acvp_vectors.py::test_acvp_vec_slh_dsa_sig_gen[SLH_DSA_SHA2_256_PREHASH_SHAKE_128F] 
2026-01-14T17:07:29.5474096Z tests/test_acvp_vectors.py::test_acvp_vec_slh_dsa_sig_gen[SLH_DSA_SHA2_256_PREHASH_SHAKE_192S] 
2026-01-14T17:07:29.5479731Z [gw1] [ 26%] SKIPPED tests/test_acvp_vectors.py::test_acvp_vec_slh_dsa_sig_gen[SLH_DSA_SHA2_256_PREHASH_SHAKE_192S] 
2026-01-14T17:07:29.5491430Z tests/test_acvp_vectors.py::test_acvp_vec_slh_dsa_sig_gen[SLH_DSA_SHA2_256_PREHASH_SHAKE_192F] 
2026-01-14T17:07:29.5496428Z [gw1] [ 26%] SKIPPED tests/test_acvp_vectors.py::test_acvp_vec_slh_dsa_sig_gen[SLH_DSA_SHA2_256_PREHASH_SHAKE_192F] 
2026-01-14T17:07:29.5509720Z tests/test_acvp_vectors.py::test_acvp_vec_slh_dsa_sig_gen[SLH_DSA_SHA2_256_PREHASH_SHAKE_256S] 
2026-01-14T17:07:29.5516935Z [gw1] [ 26%] SKIPPED tests/test_acvp_vectors.py::test_acvp_vec_slh_dsa_sig_gen[SLH_DSA_SHA2_256_PREHASH_SHAKE_256S] 
2026-01-14T17:07:29.5528489Z tests/test_acvp_vectors.py::test_acvp_vec_slh_dsa_sig_gen[SLH_DSA_SHA2_256_PREHASH_SHAKE_256F] 
2026-01-14T17:07:29.5533568Z [gw1] [ 26%] SKIPPED tests/test_acvp_vectors.py::test_acvp_vec_slh_dsa_sig_gen[SLH_DSA_SHA2_256_PREHASH_SHAKE_256F] 
2026-01-14T17:07:29.5545597Z tests/test_acvp_vectors.py::test_acvp_vec_slh_dsa_sig_gen[SLH_DSA_SHA2_384_PREHASH_SHA2_128S] 
2026-01-14T17:07:29.5551538Z [gw1] [ 27%] SKIPPED tests/test_acvp_vectors.py::test_acvp_vec_slh_dsa_sig_gen[SLH_DSA_SHA2_384_PREHASH_SHA2_128S] 
2026-01-14T17:07:29.5564034Z tests/test_acvp_vectors.py::test_acvp_vec_slh_dsa_sig_gen[SLH_DSA_SHA2_384_PREHASH_SHA2_128F] 
2026-01-14T17:07:29.5570342Z [gw1] [ 27%] SKIPPED tests/test_acvp_vectors.py::test_acvp_vec_slh_dsa_sig_gen[SLH_DSA_SHA2_384_PREHASH_SHA2_128F] 
2026-01-14T17:07:29.5582382Z tests/test_acvp_vectors.py::test_acvp_vec_slh_dsa_sig_gen[SLH_DSA_SHA2_384_PREHASH_SHA2_192S] 
2026-01-14T17:07:29.5587331Z [gw1] [ 27%] SKIPPED tests/test_acvp_vectors.py::test_acvp_vec_slh_dsa_sig_gen[SLH_DSA_SHA2_384_PREHASH_SHA2_192S] 
2026-01-14T17:07:29.5600460Z tests/test_acvp_vectors.py::test_acvp_vec_slh_dsa_sig_gen[SLH_DSA_SHA2_384_PREHASH_SHA2_192F] 
2026-01-14T17:07:29.5605745Z [gw1] [ 27%] SKIPPED tests/test_acvp_vectors.py::test_acvp_vec_slh_dsa_sig_gen[SLH_DSA_SHA2_384_PREHASH_SHA2_192F] 
2026-01-14T17:07:29.5617780Z tests/test_acvp_vectors.py::test_acvp_vec_slh_dsa_sig_gen[SLH_DSA_SHA2_384_PREHASH_SHA2_256S] 
2026-01-14T17:07:29.5621026Z [gw1] [ 27%] SKIPPED tests/test_acvp_vectors.py::test_acvp_vec_slh_dsa_sig_gen[SLH_DSA_SHA2_384_PREHASH_SHA2_256S] 
2026-01-14T17:07:29.5633173Z tests/test_acvp_vectors.py::test_acvp_vec_slh_dsa_sig_gen[SLH_DSA_SHA2_384_PREHASH_SHA2_256F] 
2026-01-14T17:07:29.5640122Z [gw1] [ 27%] SKIPPED tests/test_acvp_vectors.py::test_acvp_vec_slh_dsa_sig_gen[SLH_DSA_SHA2_384_PREHASH_SHA2_256F] 
2026-01-14T17:07:29.5650467Z tests/test_acvp_vectors.py::test_acvp_vec_slh_dsa_sig_gen[SLH_DSA_SHA2_384_PREHASH_SHAKE_128S] 
2026-01-14T17:07:29.5655090Z [gw1] [ 27%] SKIPPED tests/test_acvp_vectors.py::test_acvp_vec_slh_dsa_sig_gen[SLH_DSA_SHA2_384_PREHASH_SHAKE_128S] 
2026-01-14T17:07:29.5671032Z tests/test_acvp_vectors.py::test_acvp_vec_slh_dsa_sig_gen[SLH_DSA_SHA2_384_PREHASH_SHAKE_128F] 
2026-01-14T17:07:29.5672266Z [gw1] [ 27%] SKIPPED tests/test_acvp_vectors.py::test_acvp_vec_slh_dsa_sig_gen[SLH_DSA_SHA2_384_PREHASH_SHAKE_128F] 
2026-01-14T17:07:29.5686291Z tests/test_acvp_vectors.py::test_acvp_vec_slh_dsa_sig_gen[SLH_DSA_SHA2_384_PREHASH_SHAKE_192S] 
2026-01-14T17:07:29.5691663Z [gw1] [ 27%] SKIPPED tests/test_acvp_vectors.py::test_acvp_vec_slh_dsa_sig_gen[SLH_DSA_SHA2_384_PREHASH_SHAKE_192S] 
2026-01-14T17:07:29.5706324Z tests/test_acvp_vectors.py::test_acvp_vec_slh_dsa_sig_gen[SLH_DSA_SHA2_384_PREHASH_SHAKE_192F] 
2026-01-14T17:07:29.5711897Z [gw1] [ 27%] SKIPPED tests/test_acvp_vectors.py::test_acvp_vec_slh_dsa_sig_gen[SLH_DSA_SHA2_384_PREHASH_SHAKE_192F] 
2026-01-14T17:07:29.5725483Z tests/test_acvp_vectors.py::test_acvp_vec_slh_dsa_sig_gen[SLH_DSA_SHA2_384_PREHASH_SHAKE_256S] 
2026-01-14T17:07:29.5730915Z [gw1] [ 27%] SKIPPED tests/test_acvp_vectors.py::test_acvp_vec_slh_dsa_sig_gen[SLH_DSA_SHA2_384_PREHASH_SHAKE_256S] 
2026-01-14T17:07:29.5745687Z tests/test_acvp_vectors.py::test_acvp_vec_slh_dsa_sig_gen[SLH_DSA_SHA2_384_PREHASH_SHAKE_256F] 
2026-01-14T17:07:29.5751402Z [gw1] [ 27%] SKIPPED tests/test_acvp_vectors.py::test_acvp_vec_slh_dsa_sig_gen[SLH_DSA_SHA2_384_PREHASH_SHAKE_256F] 
2026-01-14T17:07:29.5766438Z tests/test_acvp_vectors.py::test_acvp_vec_slh_dsa_sig_gen[SLH_DSA_SHA2_512_PREHASH_SHA2_128S] 
2026-01-14T17:07:29.5775343Z [gw1] [ 27%] SKIPPED tests/test_acvp_vectors.py::test_acvp_vec_slh_dsa_sig_gen[SLH_DSA_SHA2_512_PREHASH_SHA2_128S] 
2026-01-14T17:07:29.5796794Z tests/test_acvp_vectors.py::test_acvp_vec_slh_dsa_sig_gen[SLH_DSA_SHA2_512_PREHASH_SHA2_128F] 
2026-01-14T17:07:29.5798701Z [gw1] [ 27%] SKIPPED tests/test_acvp_vectors.py::test_acvp_vec_slh_dsa_sig_gen[SLH_DSA_SHA2_512_PREHASH_SHA2_128F] 
2026-01-14T17:07:29.5809148Z tests/test_acvp_vectors.py::test_acvp_vec_slh_dsa_sig_gen[SLH_DSA_SHA2_512_PREHASH_SHA2_192S] 
2026-01-14T17:07:29.5810523Z [gw1] [ 27%] SKIPPED tests/test_acvp_vectors.py::test_acvp_vec_slh_dsa_sig_gen[SLH_DSA_SHA2_512_PREHASH_SHA2_192S] 
2026-01-14T17:07:29.5822267Z tests/test_acvp_vectors.py::test_acvp_vec_slh_dsa_sig_gen[SLH_DSA_SHA2_512_PREHASH_SHA2_192F] 
2026-01-14T17:07:29.5823633Z [gw1] [ 27%] SKIPPED tests/test_acvp_vectors.py::test_acvp_vec_slh_dsa_sig_gen[SLH_DSA_SHA2_512_PREHASH_SHA2_192F] 
2026-01-14T17:07:29.5835932Z tests/test_acvp_vectors.py::test_acvp_vec_slh_dsa_sig_gen[SLH_DSA_SHA2_512_PREHASH_SHA2_256S] 
2026-01-14T17:07:29.5840605Z [gw1] [ 27%] SKIPPED tests/test_acvp_vectors.py::test_acvp_vec_slh_dsa_sig_gen[SLH_DSA_SHA2_512_PREHASH_SHA2_256S] 
2026-01-14T17:07:29.5852959Z tests/test_acvp_vectors.py::test_acvp_vec_slh_dsa_sig_gen[SLH_DSA_SHA2_512_PREHASH_SHA2_256F] 
2026-01-14T17:07:29.5858256Z [gw1] [ 27%] SKIPPED tests/test_acvp_vectors.py::test_acvp_vec_slh_dsa_sig_gen[SLH_DSA_SHA2_512_PREHASH_SHA2_256F] 
2026-01-14T17:07:29.5870237Z tests/test_acvp_vectors.py::test_acvp_vec_slh_dsa_sig_gen[SLH_DSA_SHA2_512_PREHASH_SHAKE_128S] 
2026-01-14T17:07:29.5873455Z [gw1] [ 27%] SKIPPED tests/test_acvp_vectors.py::test_acvp_vec_slh_dsa_sig_gen[SLH_DSA_SHA2_512_PREHASH_SHAKE_128S] 
2026-01-14T17:07:29.5885851Z tests/test_acvp_vectors.py::test_acvp_vec_slh_dsa_sig_gen[SLH_DSA_SHA2_512_PREHASH_SHAKE_128F] 
2026-01-14T17:07:29.5892982Z [gw1] [ 27%] SKIPPED tests/test_acvp_vectors.py::test_acvp_vec_slh_dsa_sig_gen[SLH_DSA_SHA2_512_PREHASH_SHAKE_128F] 
2026-01-14T17:07:29.5903882Z tests/test_acvp_vectors.py::test_acvp_vec_slh_dsa_sig_gen[SLH_DSA_SHA2_512_PREHASH_SHAKE_192S] 
2026-01-14T17:07:29.5910821Z [gw1] [ 27%] SKIPPED tests/test_acvp_vectors.py::test_acvp_vec_slh_dsa_sig_gen[SLH_DSA_SHA2_512_PREHASH_SHAKE_192S] 
2026-01-14T17:07:29.5919974Z tests/test_acvp_vectors.py::test_acvp_vec_slh_dsa_sig_gen[SLH_DSA_SHA2_512_PREHASH_SHAKE_192F] 
2026-01-14T17:07:29.5926271Z [gw1] [ 27%] SKIPPED tests/test_acvp_vectors.py::test_acvp_vec_slh_dsa_sig_gen[SLH_DSA_SHA2_512_PREHASH_SHAKE_192F] 
2026-01-14T17:07:29.5935578Z tests/test_acvp_vectors.py::test_acvp_vec_slh_dsa_sig_gen[SLH_DSA_SHA2_512_PREHASH_SHAKE_256S] 
2026-01-14T17:07:29.5941935Z [gw1] [ 27%] SKIPPED tests/test_acvp_vectors.py::test_acvp_vec_slh_dsa_sig_gen[SLH_DSA_SHA2_512_PREHASH_SHAKE_256S] 
2026-01-14T17:07:29.5953492Z tests/test_acvp_vectors.py::test_acvp_vec_slh_dsa_sig_gen[SLH_DSA_SHA2_512_PREHASH_SHAKE_256F] 
2026-01-14T17:07:29.5957783Z [gw1] [ 27%] SKIPPED tests/test_acvp_vectors.py::test_acvp_vec_slh_dsa_sig_gen[SLH_DSA_SHA2_512_PREHASH_SHAKE_256F] 
2026-01-14T17:07:29.5969575Z tests/test_acvp_vectors.py::test_acvp_vec_slh_dsa_sig_gen[SLH_DSA_SHA2_512_224_PREHASH_SHA2_128S] 
2026-01-14T17:07:29.5975319Z [gw1] [ 27%] SKIPPED tests/test_acvp_vectors.py::test_acvp_vec_slh_dsa_sig_gen[SLH_DSA_SHA2_512_224_PREHASH_SHA2_128S] 
2026-01-14T17:07:29.5986653Z tests/test_acvp_vectors.py::test_acvp_vec_slh_dsa_sig_gen[SLH_DSA_SHA2_512_224_PREHASH_SHA2_128F] 
2026-01-14T17:07:29.5991375Z [gw1] [ 27%] SKIPPED tests/test_acvp_vectors.py::test_acvp_vec_slh_dsa_sig_gen[SLH_DSA_SHA2_512_224_PREHASH_SHA2_128F] 
2026-01-14T17:07:29.6004464Z tests/test_acvp_vectors.py::test_acvp_vec_slh_dsa_sig_gen[SLH_DSA_SHA2_512_224_PREHASH_SHA2_192S] 
2026-01-14T17:07:29.6010703Z [gw1] [ 27%] SKIPPED tests/test_acvp_vectors.py::test_acvp_vec_slh_dsa_sig_gen[SLH_DSA_SHA2_512_224_PREHASH_SHA2_192S] 
2026-01-14T17:07:29.6022505Z tests/test_acvp_vectors.py::test_acvp_vec_slh_dsa_sig_gen[SLH_DSA_SHA2_512_224_PREHASH_SHA2_192F] 
2026-01-14T17:07:29.6030065Z [gw1] [ 27%] SKIPPED tests/test_acvp_vectors.py::test_acvp_vec_slh_dsa_sig_gen[SLH_DSA_SHA2_512_224_PREHASH_SHA2_192F] 
2026-01-14T17:07:29.6039630Z tests/test_acvp_vectors.py::test_acvp_vec_slh_dsa_sig_gen[SLH_DSA_SHA2_512_224_PREHASH_SHA2_256S] 
2026-01-14T17:07:29.6046914Z [gw1] [ 27%] SKIPPED tests/test_acvp_vectors.py::test_acvp_vec_slh_dsa_sig_gen[SLH_DSA_SHA2_512_224_PREHASH_SHA2_256S] 
2026-01-14T17:07:29.6056314Z tests/test_acvp_vectors.py::test_acvp_vec_slh_dsa_sig_gen[SLH_DSA_SHA2_512_224_PREHASH_SHA2_256F] 
2026-01-14T17:07:29.6063031Z [gw1] [ 27%] SKIPPED tests/test_acvp_vectors.py::test_acvp_vec_slh_dsa_sig_gen[SLH_DSA_SHA2_512_224_PREHASH_SHA2_256F] 
2026-01-14T17:07:29.6073126Z tests/test_acvp_vectors.py::test_acvp_vec_slh_dsa_sig_gen[SLH_DSA_SHA2_512_224_PREHASH_SHAKE_128S] 
2026-01-14T17:07:29.6081510Z [gw1] [ 27%] SKIPPED tests/test_acvp_vectors.py::test_acvp_vec_slh_dsa_sig_gen[SLH_DSA_SHA2_512_224_PREHASH_SHAKE_128S] 
2026-01-14T17:07:29.6090637Z tests/test_acvp_vectors.py::test_acvp_vec_slh_dsa_sig_gen[SLH_DSA_SHA2_512_224_PREHASH_SHAKE_128F] 
2026-01-14T17:07:29.6094119Z [gw1] [ 28%] SKIPPED tests/test_acvp_vectors.py::test_acvp_vec_slh_dsa_sig_gen[SLH_DSA_SHA2_512_224_PREHASH_SHAKE_128F] 
2026-01-14T17:07:29.6106783Z tests/test_acvp_vectors.py::test_acvp_vec_slh_dsa_sig_gen[SLH_DSA_SHA2_512_224_PREHASH_SHAKE_192S] 
2026-01-14T17:07:29.6112943Z [gw1] [ 28%] SKIPPED tests/test_acvp_vectors.py::test_acvp_vec_slh_dsa_sig_gen[SLH_DSA_SHA2_512_224_PREHASH_SHAKE_192S] 
2026-01-14T17:07:29.6124604Z tests/test_acvp_vectors.py::test_acvp_vec_slh_dsa_sig_gen[SLH_DSA_SHA2_512_224_PREHASH_SHAKE_192F] 
2026-01-14T17:07:29.6134726Z [gw1] [ 28%] SKIPPED tests/test_acvp_vectors.py::test_acvp_vec_slh_dsa_sig_gen[SLH_DSA_SHA2_512_224_PREHASH_SHAKE_192F] 
2026-01-14T17:07:29.6147498Z tests/test_acvp_vectors.py::test_acvp_vec_slh_dsa_sig_gen[SLH_DSA_SHA2_512_224_PREHASH_SHAKE_256S] 
2026-01-14T17:07:29.6150585Z [gw1] [ 28%] SKIPPED tests/test_acvp_vectors.py::test_acvp_vec_slh_dsa_sig_gen[SLH_DSA_SHA2_512_224_PREHASH_SHAKE_256S] 
2026-01-14T17:07:29.6162232Z tests/test_acvp_vectors.py::test_acvp_vec_slh_dsa_sig_gen[SLH_DSA_SHA2_512_224_PREHASH_SHAKE_256F] 
2026-01-14T17:07:29.6168718Z [gw1] [ 28%] SKIPPED tests/test_acvp_vectors.py::test_acvp_vec_slh_dsa_sig_gen[SLH_DSA_SHA2_512_224_PREHASH_SHAKE_256F] 
2026-01-14T17:07:29.6179371Z tests/test_acvp_vectors.py::test_acvp_vec_slh_dsa_sig_gen[SLH_DSA_SHA2_512_256_PREHASH_SHA2_128S] 
2026-01-14T17:07:29.6186298Z [gw1] [ 28%] SKIPPED tests/test_acvp_vectors.py::test_acvp_vec_slh_dsa_sig_gen[SLH_DSA_SHA2_512_256_PREHASH_SHA2_128S] 
2026-01-14T17:07:29.6194622Z tests/test_acvp_vectors.py::test_acvp_vec_slh_dsa_sig_gen[SLH_DSA_SHA2_512_256_PREHASH_SHA2_128F] 
2026-01-14T17:07:29.6200784Z [gw1] [ 28%] SKIPPED tests/test_acvp_vectors.py::test_acvp_vec_slh_dsa_sig_gen[SLH_DSA_SHA2_512_256_PREHASH_SHA2_128F] 
2026-01-14T17:07:29.6213108Z tests/test_acvp_vectors.py::test_acvp_vec_slh_dsa_sig_gen[SLH_DSA_SHA2_512_256_PREHASH_SHA2_192S] 
2026-01-14T17:07:29.6219132Z [gw1] [ 28%] SKIPPED tests/test_acvp_vectors.py::test_acvp_vec_slh_dsa_sig_gen[SLH_DSA_SHA2_512_256_PREHASH_SHA2_192S] 
2026-01-14T17:07:29.6231343Z tests/test_acvp_vectors.py::test_acvp_vec_slh_dsa_sig_gen[SLH_DSA_SHA2_512_256_PREHASH_SHA2_192F] 
2026-01-14T17:07:29.6238200Z [gw1] [ 28%] SKIPPED tests/test_acvp_vectors.py::test_acvp_vec_slh_dsa_sig_gen[SLH_DSA_SHA2_512_256_PREHASH_SHA2_192F] 
2026-01-14T17:07:29.6249688Z tests/test_acvp_vectors.py::test_acvp_vec_slh_dsa_sig_gen[SLH_DSA_SHA2_512_256_PREHASH_SHA2_256S] 
2026-01-14T17:07:29.6255853Z [gw1] [ 28%] SKIPPED tests/test_acvp_vectors.py::test_acvp_vec_slh_dsa_sig_gen[SLH_DSA_SHA2_512_256_PREHASH_SHA2_256S] 
2026-01-14T17:07:29.6267559Z tests/test_acvp_vectors.py::test_acvp_vec_slh_dsa_sig_gen[SLH_DSA_SHA2_512_256_PREHASH_SHA2_256F] 
2026-01-14T17:07:29.6272588Z [gw1] [ 28%] SKIPPED tests/test_acvp_vectors.py::test_acvp_vec_slh_dsa_sig_gen[SLH_DSA_SHA2_512_256_PREHASH_SHA2_256F] 
2026-01-14T17:07:29.6284546Z tests/test_acvp_vectors.py::test_acvp_vec_slh_dsa_sig_gen[SLH_DSA_SHA2_512_256_PREHASH_SHAKE_128S] 
2026-01-14T17:07:29.6289535Z [gw1] [ 28%] SKIPPED tests/test_acvp_vectors.py::test_acvp_vec_slh_dsa_sig_gen[SLH_DSA_SHA2_512_256_PREHASH_SHAKE_128S] 
2026-01-14T17:07:29.6304073Z tests/test_acvp_vectors.py::test_acvp_vec_slh_dsa_sig_gen[SLH_DSA_SHA2_512_256_PREHASH_SHAKE_128F] 
2026-01-14T17:07:29.6309905Z [gw1] [ 28%] SKIPPED tests/test_acvp_vectors.py::test_acvp_vec_slh_dsa_sig_gen[SLH_DSA_SHA2_512_256_PREHASH_SHAKE_128F] 
2026-01-14T17:07:29.6324104Z tests/test_acvp_vectors.py::test_acvp_vec_slh_dsa_sig_gen[SLH_DSA_SHA2_512_256_PREHASH_SHAKE_192S] 
2026-01-14T17:07:29.6329139Z [gw1] [ 28%] SKIPPED tests/test_acvp_vectors.py::test_acvp_vec_slh_dsa_sig_gen[SLH_DSA_SHA2_512_256_PREHASH_SHAKE_192S] 
2026-01-14T17:07:29.6343429Z tests/test_acvp_vectors.py::test_acvp_vec_slh_dsa_sig_gen[SLH_DSA_SHA2_512_256_PREHASH_SHAKE_192F] 
2026-01-14T17:07:29.6349092Z [gw1] [ 28%] SKIPPED tests/test_acvp_vectors.py::test_acvp_vec_slh_dsa_sig_gen[SLH_DSA_SHA2_512_256_PREHASH_SHAKE_192F] 
2026-01-14T17:07:29.6364233Z tests/test_acvp_vectors.py::test_acvp_vec_slh_dsa_sig_gen[SLH_DSA_SHA2_512_256_PREHASH_SHAKE_256S] 
2026-01-14T17:07:29.6369774Z [gw1] [ 28%] SKIPPED tests/test_acvp_vectors.py::test_acvp_vec_slh_dsa_sig_gen[SLH_DSA_SHA2_512_256_PREHASH_SHAKE_256S] 
2026-01-14T17:07:29.6385633Z tests/test_acvp_vectors.py::test_acvp_vec_slh_dsa_sig_gen[SLH_DSA_SHA2_512_256_PREHASH_SHAKE_256F] 
2026-01-14T17:07:29.6394112Z [gw1] [ 28%] SKIPPED tests/test_acvp_vectors.py::test_acvp_vec_slh_dsa_sig_gen[SLH_DSA_SHA2_512_256_PREHASH_SHAKE_256F] 
2026-01-14T17:07:29.6408193Z tests/test_acvp_vectors.py::test_acvp_vec_slh_dsa_sig_gen[SLH_DSA_SHA3_224_PREHASH_SHA2_128S] 
2026-01-14T17:07:29.6416797Z [gw1] [ 28%] SKIPPED tests/test_acvp_vectors.py::test_acvp_vec_slh_dsa_sig_gen[SLH_DSA_SHA3_224_PREHASH_SHA2_128S] 
2026-01-14T17:07:29.6425500Z tests/test_acvp_vectors.py::test_acvp_vec_slh_dsa_sig_gen[SLH_DSA_SHA3_224_PREHASH_SHA2_128F] 
2026-01-14T17:07:29.6430947Z [gw1] [ 28%] SKIPPED tests/test_acvp_vectors.py::test_acvp_vec_slh_dsa_sig_gen[SLH_DSA_SHA3_224_PREHASH_SHA2_128F] 
2026-01-14T17:07:29.6439064Z tests/test_acvp_vectors.py::test_acvp_vec_slh_dsa_sig_gen[SLH_DSA_SHA3_224_PREHASH_SHA2_192S] 
2026-01-14T17:07:29.6443960Z [gw1] [ 28%] SKIPPED tests/test_acvp_vectors.py::test_acvp_vec_slh_dsa_sig_gen[SLH_DSA_SHA3_224_PREHASH_SHA2_192S] 
2026-01-14T17:07:29.6463459Z tests/test_acvp_vectors.py::test_acvp_vec_slh_dsa_sig_gen[SLH_DSA_SHA3_224_PREHASH_SHA2_192F] 
2026-01-14T17:07:29.6464691Z [gw1] [ 28%] SKIPPED tests/test_acvp_vectors.py::test_acvp_vec_slh_dsa_sig_gen[SLH_DSA_SHA3_224_PREHASH_SHA2_192F] 
2026-01-14T17:07:29.6473753Z tests/test_acvp_vectors.py::test_acvp_vec_slh_dsa_sig_gen[SLH_DSA_SHA3_224_PREHASH_SHA2_256S] 
2026-01-14T17:07:29.6479953Z [gw1] [ 28%] SKIPPED tests/test_acvp_vectors.py::test_acvp_vec_slh_dsa_sig_gen[SLH_DSA_SHA3_224_PREHASH_SHA2_256S] 
2026-01-14T17:07:29.6491941Z tests/test_acvp_vectors.py::test_acvp_vec_slh_dsa_sig_gen[SLH_DSA_SHA3_224_PREHASH_SHA2_256F] 
2026-01-14T17:07:29.6498569Z [gw1] [ 28%] SKIPPED tests/test_acvp_vectors.py::test_acvp_vec_slh_dsa_sig_gen[SLH_DSA_SHA3_224_PREHASH_SHA2_256F] 
2026-01-14T17:07:29.6510110Z tests/test_acvp_vectors.py::test_acvp_vec_slh_dsa_sig_gen[SLH_DSA_SHA3_224_PREHASH_SHAKE_128S] 
2026-01-14T17:07:29.6519309Z [gw1] [ 28%] SKIPPED tests/test_acvp_vectors.py::test_acvp_vec_slh_dsa_sig_gen[SLH_DSA_SHA3_224_PREHASH_SHAKE_128S] 
2026-01-14T17:07:29.6532623Z tests/test_acvp_vectors.py::test_acvp_vec_slh_dsa_sig_gen[SLH_DSA_SHA3_224_PREHASH_SHAKE_128F] 
2026-01-14T17:07:29.6538046Z [gw1] [ 28%] SKIPPED tests/test_acvp_vectors.py::test_acvp_vec_slh_dsa_sig_gen[SLH_DSA_SHA3_224_PREHASH_SHAKE_128F] 
2026-01-14T17:07:29.6551496Z tests/test_acvp_vectors.py::test_acvp_vec_slh_dsa_sig_gen[SLH_DSA_SHA3_224_PREHASH_SHAKE_192S] 
2026-01-14T17:07:29.6555298Z [gw1] [ 28%] SKIPPED tests/test_acvp_vectors.py::test_acvp_vec_slh_dsa_sig_gen[SLH_DSA_SHA3_224_PREHASH_SHAKE_192S] 
2026-01-14T17:07:29.6568502Z tests/test_acvp_vectors.py::test_acvp_vec_slh_dsa_sig_gen[SLH_DSA_SHA3_224_PREHASH_SHAKE_192F] 
2026-01-14T17:07:29.6576798Z [gw1] [ 28%] SKIPPED tests/test_acvp_vectors.py::test_acvp_vec_slh_dsa_sig_gen[SLH_DSA_SHA3_224_PREHASH_SHAKE_192F] 
2026-01-14T17:07:29.6589326Z tests/test_acvp_vectors.py::test_acvp_vec_slh_dsa_sig_gen[SLH_DSA_SHA3_224_PREHASH_SHAKE_256S] 
2026-01-14T17:07:29.6595097Z [gw1] [ 28%] SKIPPED tests/test_acvp_vectors.py::test_acvp_vec_slh_dsa_sig_gen[SLH_DSA_SHA3_224_PREHASH_SHAKE_256S] 
2026-01-14T17:07:29.6610411Z tests/test_acvp_vectors.py::test_acvp_vec_slh_dsa_sig_gen[SLH_DSA_SHA3_224_PREHASH_SHAKE_256F] 
2026-01-14T17:07:29.6613304Z [gw1] [ 28%] SKIPPED tests/test_acvp_vectors.py::test_acvp_vec_slh_dsa_sig_gen[SLH_DSA_SHA3_224_PREHASH_SHAKE_256F] 
2026-01-14T17:07:29.6627602Z tests/test_acvp_vectors.py::test_acvp_vec_slh_dsa_sig_gen[SLH_DSA_SHA3_256_PREHASH_SHA2_128S] 
2026-01-14T17:07:29.6630659Z [gw1] [ 28%] SKIPPED tests/test_acvp_vectors.py::test_acvp_vec_slh_dsa_sig_gen[SLH_DSA_SHA3_256_PREHASH_SHA2_128S] 
2026-01-14T17:07:29.6643484Z tests/test_acvp_vectors.py::test_acvp_vec_slh_dsa_sig_gen[SLH_DSA_SHA3_256_PREHASH_SHA2_128F] 
2026-01-14T17:07:29.6651085Z [gw1] [ 29%] SKIPPED tests/test_acvp_vectors.py::test_acvp_vec_slh_dsa_sig_gen[SLH_DSA_SHA3_256_PREHASH_SHA2_128F] 
2026-01-14T17:07:29.6664685Z tests/test_acvp_vectors.py::test_acvp_vec_slh_dsa_sig_gen[SLH_DSA_SHA3_256_PREHASH_SHA2_192S] 
2026-01-14T17:07:29.6670868Z [gw1] [ 29%] SKIPPED tests/test_acvp_vectors.py::test_acvp_vec_slh_dsa_sig_gen[SLH_DSA_SHA3_256_PREHASH_SHA2_192S] 
2026-01-14T17:07:29.6685600Z tests/test_acvp_vectors.py::test_acvp_vec_slh_dsa_sig_gen[SLH_DSA_SHA3_256_PREHASH_SHA2_192F] 
2026-01-14T17:07:29.6688842Z [gw1] [ 29%] SKIPPED tests/test_acvp_vectors.py::test_acvp_vec_slh_dsa_sig_gen[SLH_DSA_SHA3_256_PREHASH_SHA2_192F] 
2026-01-14T17:07:29.6702366Z tests/test_acvp_vectors.py::test_acvp_vec_slh_dsa_sig_gen[SLH_DSA_SHA3_256_PREHASH_SHA2_256S] 
2026-01-14T17:07:29.6706690Z [gw1] [ 29%] SKIPPED tests/test_acvp_vectors.py::test_acvp_vec_slh_dsa_sig_gen[SLH_DSA_SHA3_256_PREHASH_SHA2_256S] 
2026-01-14T17:07:29.6721361Z tests/test_acvp_vectors.py::test_acvp_vec_slh_dsa_sig_gen[SLH_DSA_SHA3_256_PREHASH_SHA2_256F] 
2026-01-14T17:07:29.6726558Z [gw1] [ 29%] SKIPPED tests/test_acvp_vectors.py::test_acvp_vec_slh_dsa_sig_gen[SLH_DSA_SHA3_256_PREHASH_SHA2_256F] 
2026-01-14T17:07:29.6738791Z tests/test_acvp_vectors.py::test_acvp_vec_slh_dsa_sig_gen[SLH_DSA_SHA3_256_PREHASH_SHAKE_128S] 
2026-01-14T17:07:29.6743744Z [gw1] [ 29%] SKIPPED tests/test_acvp_vectors.py::test_acvp_vec_slh_dsa_sig_gen[SLH_DSA_SHA3_256_PREHASH_SHAKE_128S] 
2026-01-14T17:07:29.6756993Z tests/test_acvp_vectors.py::test_acvp_vec_slh_dsa_sig_gen[SLH_DSA_SHA3_256_PREHASH_SHAKE_128F] 
2026-01-14T17:07:29.6763055Z [gw1] [ 29%] SKIPPED tests/test_acvp_vectors.py::test_acvp_vec_slh_dsa_sig_gen[SLH_DSA_SHA3_256_PREHASH_SHAKE_128F] 
2026-01-14T17:07:29.6775426Z tests/test_acvp_vectors.py::test_acvp_vec_slh_dsa_sig_gen[SLH_DSA_SHA3_256_PREHASH_SHAKE_192S] 
2026-01-14T17:07:29.6783129Z [gw1] [ 29%] SKIPPED tests/test_acvp_vectors.py::test_acvp_vec_slh_dsa_sig_gen[SLH_DSA_SHA3_256_PREHASH_SHAKE_192S] 
2026-01-14T17:07:29.6798962Z tests/test_acvp_vectors.py::test_acvp_vec_slh_dsa_sig_gen[SLH_DSA_SHA3_256_PREHASH_SHAKE_192F] 
2026-01-14T17:07:29.6803143Z [gw1] [ 29%] SKIPPED tests/test_acvp_vectors.py::test_acvp_vec_slh_dsa_sig_gen[SLH_DSA_SHA3_256_PREHASH_SHAKE_192F] 
2026-01-14T17:07:29.6816869Z tests/test_acvp_vectors.py::test_acvp_vec_slh_dsa_sig_gen[SLH_DSA_SHA3_256_PREHASH_SHAKE_256S] 
2026-01-14T17:07:29.6822435Z [gw1] [ 29%] SKIPPED tests/test_acvp_vectors.py::test_acvp_vec_slh_dsa_sig_gen[SLH_DSA_SHA3_256_PREHASH_SHAKE_256S] 
2026-01-14T17:07:29.6835726Z tests/test_acvp_vectors.py::test_acvp_vec_slh_dsa_sig_gen[SLH_DSA_SHA3_256_PREHASH_SHAKE_256F] 
2026-01-14T17:07:29.6840849Z [gw1] [ 29%] SKIPPED tests/test_acvp_vectors.py::test_acvp_vec_slh_dsa_sig_gen[SLH_DSA_SHA3_256_PREHASH_SHAKE_256F] 
2026-01-14T17:07:29.6854365Z tests/test_acvp_vectors.py::test_acvp_vec_slh_dsa_sig_gen[SLH_DSA_SHA3_384_PREHASH_SHA2_128S] 
2026-01-14T17:07:29.6856489Z [gw1] [ 29%] SKIPPED tests/test_acvp_vectors.py::test_acvp_vec_slh_dsa_sig_gen[SLH_DSA_SHA3_384_PREHASH_SHA2_128S] 
2026-01-14T17:07:29.6870805Z tests/test_acvp_vectors.py::test_acvp_vec_slh_dsa_sig_gen[SLH_DSA_SHA3_384_PREHASH_SHA2_128F] 
2026-01-14T17:07:29.6875328Z [gw1] [ 29%] SKIPPED tests/test_acvp_vectors.py::test_acvp_vec_slh_dsa_sig_gen[SLH_DSA_SHA3_384_PREHASH_SHA2_128F] 
2026-01-14T17:07:29.6888578Z tests/test_acvp_vectors.py::test_acvp_vec_slh_dsa_sig_gen[SLH_DSA_SHA3_384_PREHASH_SHA2_192S] 
2026-01-14T17:07:29.6894518Z [gw1] [ 29%] SKIPPED tests/test_acvp_vectors.py::test_acvp_vec_slh_dsa_sig_gen[SLH_DSA_SHA3_384_PREHASH_SHA2_192S] 
2026-01-14T17:07:29.6909603Z tests/test_acvp_vectors.py::test_acvp_vec_slh_dsa_sig_gen[SLH_DSA_SHA3_384_PREHASH_SHA2_192F] 
2026-01-14T17:07:29.6917764Z [gw1] [ 29%] SKIPPED tests/test_acvp_vectors.py::test_acvp_vec_slh_dsa_sig_gen[SLH_DSA_SHA3_384_PREHASH_SHA2_192F] 
2026-01-14T17:07:29.6933620Z tests/test_acvp_vectors.py::test_acvp_vec_slh_dsa_sig_gen[SLH_DSA_SHA3_384_PREHASH_SHA2_256S] 
2026-01-14T17:07:29.6939559Z [gw1] [ 29%] SKIPPED tests/test_acvp_vectors.py::test_acvp_vec_slh_dsa_sig_gen[SLH_DSA_SHA3_384_PREHASH_SHA2_256S] 
2026-01-14T17:07:29.6954338Z tests/test_acvp_vectors.py::test_acvp_vec_slh_dsa_sig_gen[SLH_DSA_SHA3_384_PREHASH_SHA2_256F] 
2026-01-14T17:07:29.6959880Z [gw1] [ 29%] SKIPPED tests/test_acvp_vectors.py::test_acvp_vec_slh_dsa_sig_gen[SLH_DSA_SHA3_384_PREHASH_SHA2_256F] 
2026-01-14T17:07:29.6975813Z tests/test_acvp_vectors.py::test_acvp_vec_slh_dsa_sig_gen[SLH_DSA_SHA3_384_PREHASH_SHAKE_128S] 
2026-01-14T17:07:29.6981638Z [gw1] [ 29%] SKIPPED tests/test_acvp_vectors.py::test_acvp_vec_slh_dsa_sig_gen[SLH_DSA_SHA3_384_PREHASH_SHAKE_128S] 
2026-01-14T17:07:29.6997602Z tests/test_acvp_vectors.py::test_acvp_vec_slh_dsa_sig_gen[SLH_DSA_SHA3_384_PREHASH_SHAKE_128F] 
2026-01-14T17:07:29.7003101Z [gw1] [ 29%] SKIPPED tests/test_acvp_vectors.py::test_acvp_vec_slh_dsa_sig_gen[SLH_DSA_SHA3_384_PREHASH_SHAKE_128F] 
2026-01-14T17:07:29.7018451Z tests/test_acvp_vectors.py::test_acvp_vec_slh_dsa_sig_gen[SLH_DSA_SHA3_384_PREHASH_SHAKE_192S] 
2026-01-14T17:07:29.7022866Z [gw1] [ 29%] SKIPPED tests/test_acvp_vectors.py::test_acvp_vec_slh_dsa_sig_gen[SLH_DSA_SHA3_384_PREHASH_SHAKE_192S] 
2026-01-14T17:07:29.7035850Z tests/test_acvp_vectors.py::test_acvp_vec_slh_dsa_sig_gen[SLH_DSA_SHA3_384_PREHASH_SHAKE_192F] 
2026-01-14T17:07:29.7041876Z [gw1] [ 29%] SKIPPED tests/test_acvp_vectors.py::test_acvp_vec_slh_dsa_sig_gen[SLH_DSA_SHA3_384_PREHASH_SHAKE_192F] 
2026-01-14T17:07:29.7064348Z tests/test_acvp_vectors.py::test_acvp_vec_slh_dsa_sig_gen[SLH_DSA_SHA3_384_PREHASH_SHAKE_256S] 
2026-01-14T17:07:29.7065806Z [gw1] [ 29%] SKIPPED tests/test_acvp_vectors.py::test_acvp_vec_slh_dsa_sig_gen[SLH_DSA_SHA3_384_PREHASH_SHAKE_256S] 
2026-01-14T17:07:29.7076304Z tests/test_acvp_vectors.py::test_acvp_vec_slh_dsa_sig_gen[SLH_DSA_SHA3_384_PREHASH_SHAKE_256F] 
2026-01-14T17:07:29.7081877Z [gw1] [ 29%] SKIPPED tests/test_acvp_vectors.py::test_acvp_vec_slh_dsa_sig_gen[SLH_DSA_SHA3_384_PREHASH_SHAKE_256F] 
2026-01-14T17:07:29.7097254Z tests/test_acvp_vectors.py::test_acvp_vec_slh_dsa_sig_gen[SLH_DSA_SHA3_512_PREHASH_SHA2_128S] 
2026-01-14T17:07:29.7103112Z [gw1] [ 29%] SKIPPED tests/test_acvp_vectors.py::test_acvp_vec_slh_dsa_sig_gen[SLH_DSA_SHA3_512_PREHASH_SHA2_128S] 
2026-01-14T17:07:29.7118542Z tests/test_acvp_vectors.py::test_acvp_vec_slh_dsa_sig_gen[SLH_DSA_SHA3_512_PREHASH_SHA2_128F] 
2026-01-14T17:07:29.7124308Z [gw1] [ 29%] SKIPPED tests/test_acvp_vectors.py::test_acvp_vec_slh_dsa_sig_gen[SLH_DSA_SHA3_512_PREHASH_SHA2_128F] 
2026-01-14T17:07:29.7141595Z tests/test_acvp_vectors.py::test_acvp_vec_slh_dsa_sig_gen[SLH_DSA_SHA3_512_PREHASH_SHA2_192S] 
2026-01-14T17:07:29.7164157Z [gw1] [ 29%] SKIPPED tests/test_acvp_vectors.py::test_acvp_vec_slh_dsa_sig_gen[SLH_DSA_SHA3_512_PREHASH_SHA2_192S] 
2026-01-14T17:07:29.7169729Z tests/test_acvp_vectors.py::test_acvp_vec_slh_dsa_sig_gen[SLH_DSA_SHA3_512_PREHASH_SHA2_192F] 
2026-01-14T17:07:29.7180201Z [gw1] [ 29%] SKIPPED tests/test_acvp_vectors.py::test_acvp_vec_slh_dsa_sig_gen[SLH_DSA_SHA3_512_PREHASH_SHA2_192F] 
2026-01-14T17:07:29.7190180Z tests/test_acvp_vectors.py::test_acvp_vec_slh_dsa_sig_gen[SLH_DSA_SHA3_512_PREHASH_SHA2_256S] 
2026-01-14T17:07:29.7199651Z [gw1] [ 29%] SKIPPED tests/test_acvp_vectors.py::test_acvp_vec_slh_dsa_sig_gen[SLH_DSA_SHA3_512_PREHASH_SHA2_256S] 
2026-01-14T17:07:29.7207749Z tests/test_acvp_vectors.py::test_acvp_vec_slh_dsa_sig_gen[SLH_DSA_SHA3_512_PREHASH_SHA2_256F] 
2026-01-14T17:07:29.7215720Z [gw1] [ 29%] SKIPPED tests/test_acvp_vectors.py::test_acvp_vec_slh_dsa_sig_gen[SLH_DSA_SHA3_512_PREHASH_SHA2_256F] 
2026-01-14T17:07:29.7226593Z tests/test_acvp_vectors.py::test_acvp_vec_slh_dsa_sig_gen[SLH_DSA_SHA3_512_PREHASH_SHAKE_128S] 
2026-01-14T17:07:29.7235638Z [gw1] [ 29%] SKIPPED tests/test_acvp_vectors.py::test_acvp_vec_slh_dsa_sig_gen[SLH_DSA_SHA3_512_PREHASH_SHAKE_128S] 
2026-01-14T17:07:29.7246627Z tests/test_acvp_vectors.py::test_acvp_vec_slh_dsa_sig_gen[SLH_DSA_SHA3_512_PREHASH_SHAKE_128F] 
2026-01-14T17:07:29.7255477Z [gw1] [ 29%] SKIPPED tests/test_acvp_vectors.py::test_acvp_vec_slh_dsa_sig_gen[SLH_DSA_SHA3_512_PREHASH_SHAKE_128F] 
2026-01-14T17:07:29.7268592Z tests/test_acvp_vectors.py::test_acvp_vec_slh_dsa_sig_gen[SLH_DSA_SHA3_512_PREHASH_SHAKE_192S] 
2026-01-14T17:07:29.7276758Z [gw1] [ 30%] SKIPPED tests/test_acvp_vectors.py::test_acvp_vec_slh_dsa_sig_gen[SLH_DSA_SHA3_512_PREHASH_SHAKE_192S] 
2026-01-14T17:07:29.7287933Z tests/test_acvp_vectors.py::test_acvp_vec_slh_dsa_sig_gen[SLH_DSA_SHA3_512_PREHASH_SHAKE_192F] 
2026-01-14T17:07:29.7305895Z [gw1] [ 30%] SKIPPED tests/test_acvp_vectors.py::test_acvp_vec_slh_dsa_sig_gen[SLH_DSA_SHA3_512_PREHASH_SHAKE_192F] 
2026-01-14T17:07:29.7318252Z tests/test_acvp_vectors.py::test_acvp_vec_slh_dsa_sig_gen[SLH_DSA_SHA3_512_PREHASH_SHAKE_256S] 
2026-01-14T17:07:29.7323016Z [gw1] [ 30%] SKIPPED tests/test_acvp_vectors.py::test_acvp_vec_slh_dsa_sig_gen[SLH_DSA_SHA3_512_PREHASH_SHAKE_256S] 
2026-01-14T17:07:29.7334192Z tests/test_acvp_vectors.py::test_acvp_vec_slh_dsa_sig_gen[SLH_DSA_SHA3_512_PREHASH_SHAKE_256F] 
2026-01-14T17:07:29.7343241Z [gw1] [ 30%] SKIPPED tests/test_acvp_vectors.py::test_acvp_vec_slh_dsa_sig_gen[SLH_DSA_SHA3_512_PREHASH_SHAKE_256F] 
2026-01-14T17:07:29.7352974Z tests/test_acvp_vectors.py::test_acvp_vec_slh_dsa_sig_gen[SLH_DSA_SHAKE_128_PREHASH_SHA2_128S] 
2026-01-14T17:07:29.7362593Z [gw1] [ 30%] SKIPPED tests/test_acvp_vectors.py::test_acvp_vec_slh_dsa_sig_gen[SLH_DSA_SHAKE_128_PREHASH_SHA2_128S] 
2026-01-14T17:07:29.7384412Z tests/test_acvp_vectors.py::test_acvp_vec_slh_dsa_sig_gen[SLH_DSA_SHAKE_128_PREHASH_SHA2_128F] 
2026-01-14T17:07:29.7390478Z [gw1] [ 30%] SKIPPED tests/test_acvp_vectors.py::test_acvp_vec_slh_dsa_sig_gen[SLH_DSA_SHAKE_128_PREHASH_SHA2_128F] 
2026-01-14T17:07:29.7396966Z tests/test_acvp_vectors.py::test_acvp_vec_slh_dsa_sig_gen[SLH_DSA_SHAKE_128_PREHASH_SHA2_192S] 
2026-01-14T17:07:29.7405920Z [gw1] [ 30%] SKIPPED tests/test_acvp_vectors.py::test_acvp_vec_slh_dsa_sig_gen[SLH_DSA_SHAKE_128_PREHASH_SHA2_192S] 
2026-01-14T17:07:29.7418656Z tests/test_acvp_vectors.py::test_acvp_vec_slh_dsa_sig_gen[SLH_DSA_SHAKE_128_PREHASH_SHA2_192F] 
2026-01-14T17:07:29.7424249Z [gw1] [ 30%] SKIPPED tests/test_acvp_vectors.py::test_acvp_vec_slh_dsa_sig_gen[SLH_DSA_SHAKE_128_PREHASH_SHA2_192F] 
2026-01-14T17:07:29.7434442Z tests/test_acvp_vectors.py::test_acvp_vec_slh_dsa_sig_gen[SLH_DSA_SHAKE_128_PREHASH_SHA2_256S] 
2026-01-14T17:07:29.7456154Z [gw1] [ 30%] SKIPPED tests/test_acvp_vectors.py::test_acvp_vec_slh_dsa_sig_gen[SLH_DSA_SHAKE_128_PREHASH_SHA2_256S] 
2026-01-14T17:07:29.7473065Z tests/test_acvp_vectors.py::test_acvp_vec_slh_dsa_sig_gen[SLH_DSA_SHAKE_128_PREHASH_SHA2_256F] 
2026-01-14T17:07:29.7474298Z [gw1] [ 30%] SKIPPED tests/test_acvp_vectors.py::test_acvp_vec_slh_dsa_sig_gen[SLH_DSA_SHAKE_128_PREHASH_SHA2_256F] 
2026-01-14T17:07:29.7477075Z tests/test_acvp_vectors.py::test_acvp_vec_slh_dsa_sig_gen[SLH_DSA_SHAKE_128_PREHASH_SHAKE_128S] 
2026-01-14T17:07:29.7482323Z [gw1] [ 30%] SKIPPED tests/test_acvp_vectors.py::test_acvp_vec_slh_dsa_sig_gen[SLH_DSA_SHAKE_128_PREHASH_SHAKE_128S] 
2026-01-14T17:07:29.7493535Z tests/test_acvp_vectors.py::test_acvp_vec_slh_dsa_sig_gen[SLH_DSA_SHAKE_128_PREHASH_SHAKE_128F] 
2026-01-14T17:07:29.7503066Z [gw1] [ 30%] SKIPPED tests/test_acvp_vectors.py::test_acvp_vec_slh_dsa_sig_gen[SLH_DSA_SHAKE_128_PREHASH_SHAKE_128F] 
2026-01-14T17:07:29.7518905Z tests/test_acvp_vectors.py::test_acvp_vec_slh_dsa_sig_gen[SLH_DSA_SHAKE_128_PREHASH_SHAKE_192S] 
2026-01-14T17:07:29.7525245Z [gw1] [ 30%] SKIPPED tests/test_acvp_vectors.py::test_acvp_vec_slh_dsa_sig_gen[SLH_DSA_SHAKE_128_PREHASH_SHAKE_192S] 
2026-01-14T17:07:29.7540416Z tests/test_acvp_vectors.py::test_acvp_vec_slh_dsa_sig_gen[SLH_DSA_SHAKE_128_PREHASH_SHAKE_192F] 
2026-01-14T17:07:29.7543942Z [gw1] [ 30%] SKIPPED tests/test_acvp_vectors.py::test_acvp_vec_slh_dsa_sig_gen[SLH_DSA_SHAKE_128_PREHASH_SHAKE_192F] 
2026-01-14T17:07:29.7556547Z tests/test_acvp_vectors.py::test_acvp_vec_slh_dsa_sig_gen[SLH_DSA_SHAKE_128_PREHASH_SHAKE_256S] 
2026-01-14T17:07:29.7561991Z [gw1] [ 30%] SKIPPED tests/test_acvp_vectors.py::test_acvp_vec_slh_dsa_sig_gen[SLH_DSA_SHAKE_128_PREHASH_SHAKE_256S] 
2026-01-14T17:07:29.7581269Z tests/test_acvp_vectors.py::test_acvp_vec_slh_dsa_sig_gen[SLH_DSA_SHAKE_128_PREHASH_SHAKE_256F] 
2026-01-14T17:07:29.7584026Z [gw1] [ 30%] SKIPPED tests/test_acvp_vectors.py::test_acvp_vec_slh_dsa_sig_gen[SLH_DSA_SHAKE_128_PREHASH_SHAKE_256F] 
2026-01-14T17:07:29.7601539Z tests/test_acvp_vectors.py::test_acvp_vec_slh_dsa_sig_gen[SLH_DSA_SHAKE_256_PREHASH_SHA2_128S] 
2026-01-14T17:07:29.7602680Z [gw1] [ 30%] SKIPPED tests/test_acvp_vectors.py::test_acvp_vec_slh_dsa_sig_gen[SLH_DSA_SHAKE_256_PREHASH_SHA2_128S] 
2026-01-14T17:07:29.7614330Z tests/test_acvp_vectors.py::test_acvp_vec_slh_dsa_sig_gen[SLH_DSA_SHAKE_256_PREHASH_SHA2_128F] 
2026-01-14T17:07:29.7620072Z [gw1] [ 30%] SKIPPED tests/test_acvp_vectors.py::test_acvp_vec_slh_dsa_sig_gen[SLH_DSA_SHAKE_256_PREHASH_SHA2_128F] 
2026-01-14T17:07:29.7634226Z tests/test_acvp_vectors.py::test_acvp_vec_slh_dsa_sig_gen[SLH_DSA_SHAKE_256_PREHASH_SHA2_192S] 
2026-01-14T17:07:29.7643238Z [gw1] [ 30%] SKIPPED tests/test_acvp_vectors.py::test_acvp_vec_slh_dsa_sig_gen[SLH_DSA_SHAKE_256_PREHASH_SHA2_192S] 
2026-01-14T17:07:29.7660672Z tests/test_acvp_vectors.py::test_acvp_vec_slh_dsa_sig_gen[SLH_DSA_SHAKE_256_PREHASH_SHA2_192F] 
2026-01-14T17:07:29.7665892Z [gw1] [ 30%] SKIPPED tests/test_acvp_vectors.py::test_acvp_vec_slh_dsa_sig_gen[SLH_DSA_SHAKE_256_PREHASH_SHA2_192F] 
2026-01-14T17:07:29.7678374Z tests/test_acvp_vectors.py::test_acvp_vec_slh_dsa_sig_gen[SLH_DSA_SHAKE_256_PREHASH_SHA2_256S] 
2026-01-14T17:07:29.7685974Z [gw1] [ 30%] SKIPPED tests/test_acvp_vectors.py::test_acvp_vec_slh_dsa_sig_gen[SLH_DSA_SHAKE_256_PREHASH_SHA2_256S] 
2026-01-14T17:07:29.7700495Z tests/test_acvp_vectors.py::test_acvp_vec_slh_dsa_sig_gen[SLH_DSA_SHAKE_256_PREHASH_SHA2_256F] 
2026-01-14T17:07:29.7706940Z [gw1] [ 30%] SKIPPED tests/test_acvp_vectors.py::test_acvp_vec_slh_dsa_sig_gen[SLH_DSA_SHAKE_256_PREHASH_SHA2_256F] 
2026-01-14T17:07:29.7743702Z tests/test_acvp_vectors.py::test_acvp_vec_slh_dsa_sig_gen[SLH_DSA_SHAKE_256_PREHASH_SHAKE_128S] 
2026-01-14T17:07:29.7755220Z [gw1] [ 30%] SKIPPED tests/test_acvp_vectors.py::test_acvp_vec_slh_dsa_sig_gen[SLH_DSA_SHAKE_256_PREHASH_SHAKE_128S] 
2026-01-14T17:07:29.7764172Z tests/test_acvp_vectors.py::test_acvp_vec_slh_dsa_sig_gen[SLH_DSA_SHAKE_256_PREHASH_SHAKE_128F] 
2026-01-14T17:07:29.7774852Z [gw1] [ 30%] SKIPPED tests/test_acvp_vectors.py::test_acvp_vec_slh_dsa_sig_gen[SLH_DSA_SHAKE_256_PREHASH_SHAKE_128F] 
2026-01-14T17:07:29.7784196Z tests/test_acvp_vectors.py::test_acvp_vec_slh_dsa_sig_gen[SLH_DSA_SHAKE_256_PREHASH_SHAKE_192S] 
2026-01-14T17:07:29.7785407Z [gw1] [ 30%] SKIPPED tests/test_acvp_vectors.py::test_acvp_vec_slh_dsa_sig_gen[SLH_DSA_SHAKE_256_PREHASH_SHAKE_192S] 
2026-01-14T17:07:29.7795751Z tests/test_acvp_vectors.py::test_acvp_vec_slh_dsa_sig_gen[SLH_DSA_SHAKE_256_PREHASH_SHAKE_192F] 
2026-01-14T17:07:29.7805177Z [gw1] [ 30%] SKIPPED tests/test_acvp_vectors.py::test_acvp_vec_slh_dsa_sig_gen[SLH_DSA_SHAKE_256_PREHASH_SHAKE_192F] 
2026-01-14T17:07:29.7818900Z tests/test_acvp_vectors.py::test_acvp_vec_slh_dsa_sig_gen[SLH_DSA_SHAKE_256_PREHASH_SHAKE_256S] 
2026-01-14T17:07:29.7823469Z [gw1] [ 30%] SKIPPED tests/test_acvp_vectors.py::test_acvp_vec_slh_dsa_sig_gen[SLH_DSA_SHAKE_256_PREHASH_SHAKE_256S] 
2026-01-14T17:07:29.7837099Z tests/test_acvp_vectors.py::test_acvp_vec_slh_dsa_sig_gen[SLH_DSA_SHAKE_256_PREHASH_SHAKE_256F] 
2026-01-14T17:07:29.7847556Z [gw1] [ 30%] SKIPPED tests/test_acvp_vectors.py::test_acvp_vec_slh_dsa_sig_gen[SLH_DSA_SHAKE_256_PREHASH_SHAKE_256F] 
2026-01-14T17:07:29.7857365Z tests/test_acvp_vectors.py::test_acvp_vec_slh_dsa_sig_ver[Dilithium2] 
2026-01-14T17:07:29.7866165Z [gw1] [ 30%] SKIPPED tests/test_acvp_vectors.py::test_acvp_vec_slh_dsa_sig_ver[Dilithium2] 
2026-01-14T17:07:29.7876088Z tests/test_acvp_vectors.py::test_acvp_vec_slh_dsa_sig_ver[Dilithium3] 
2026-01-14T17:07:29.7882129Z [gw1] [ 30%] SKIPPED tests/test_acvp_vectors.py::test_acvp_vec_slh_dsa_sig_ver[Dilithium3] 
2026-01-14T17:07:29.7892691Z tests/test_acvp_vectors.py::test_acvp_vec_slh_dsa_sig_ver[Dilithium5] 
2026-01-14T17:07:29.7902627Z [gw1] [ 30%] SKIPPED tests/test_acvp_vectors.py::test_acvp_vec_slh_dsa_sig_ver[Dilithium5] 
2026-01-14T17:07:29.7911121Z tests/test_acvp_vectors.py::test_acvp_vec_slh_dsa_sig_ver[ML-DSA-44] 
2026-01-14T17:07:29.7915526Z [gw1] [ 31%] SKIPPED tests/test_acvp_vectors.py::test_acvp_vec_slh_dsa_sig_ver[ML-DSA-44] 
2026-01-14T17:07:29.7924849Z tests/test_acvp_vectors.py::test_acvp_vec_slh_dsa_sig_ver[ML-DSA-65] 
2026-01-14T17:07:29.7933565Z [gw1] [ 31%] SKIPPED tests/test_acvp_vectors.py::test_acvp_vec_slh_dsa_sig_ver[ML-DSA-65] 
2026-01-14T17:07:29.7945632Z tests/test_acvp_vectors.py::test_acvp_vec_slh_dsa_sig_ver[ML-DSA-87] 
2026-01-14T17:07:29.7954855Z [gw1] [ 31%] SKIPPED tests/test_acvp_vectors.py::test_acvp_vec_slh_dsa_sig_ver[ML-DSA-87] 
2026-01-14T17:07:29.7963816Z tests/test_acvp_vectors.py::test_acvp_vec_slh_dsa_sig_ver[Falcon-512] 
2026-01-14T17:07:29.7970258Z [gw1] [ 31%] SKIPPED tests/test_acvp_vectors.py::test_acvp_vec_slh_dsa_sig_ver[Falcon-512] 
2026-01-14T17:07:29.7981337Z tests/test_acvp_vectors.py::test_acvp_vec_slh_dsa_sig_ver[Falcon-1024] 
2026-01-14T17:07:29.7987354Z [gw1] [ 31%] SKIPPED tests/test_acvp_vectors.py::test_acvp_vec_slh_dsa_sig_ver[Falcon-1024] 
2026-01-14T17:07:29.7997827Z tests/test_acvp_vectors.py::test_acvp_vec_slh_dsa_sig_ver[Falcon-padded-512] 
2026-01-14T17:07:29.8002780Z [gw1] [ 31%] SKIPPED tests/test_acvp_vectors.py::test_acvp_vec_slh_dsa_sig_ver[Falcon-padded-512] 
2026-01-14T17:07:29.8016744Z tests/test_acvp_vectors.py::test_acvp_vec_slh_dsa_sig_ver[Falcon-padded-1024] 
2026-01-14T17:07:29.8025518Z [gw1] [ 31%] SKIPPED tests/test_acvp_vectors.py::test_acvp_vec_slh_dsa_sig_ver[Falcon-padded-1024] 
2026-01-14T17:07:29.8030674Z tests/test_acvp_vectors.py::test_acvp_vec_slh_dsa_sig_ver[SPHINCS+-SHA2-128f-simple] 
2026-01-14T17:07:29.8040733Z [gw1] [ 31%] SKIPPED tests/test_acvp_vectors.py::test_acvp_vec_slh_dsa_sig_ver[SPHINCS+-SHA2-128f-simple] 
2026-01-14T17:07:29.8052121Z tests/test_acvp_vectors.py::test_acvp_vec_slh_dsa_sig_ver[SPHINCS+-SHA2-128s-simple] 
2026-01-14T17:07:29.8061137Z [gw1] [ 31%] SKIPPED tests/test_acvp_vectors.py::test_acvp_vec_slh_dsa_sig_ver[SPHINCS+-SHA2-128s-simple] 
2026-01-14T17:07:29.8074528Z tests/test_acvp_vectors.py::test_acvp_vec_slh_dsa_sig_ver[SPHINCS+-SHA2-192f-simple] 
2026-01-14T17:07:29.8079347Z [gw1] [ 31%] SKIPPED tests/test_acvp_vectors.py::test_acvp_vec_slh_dsa_sig_ver[SPHINCS+-SHA2-192f-simple] 
2026-01-14T17:07:29.8090170Z tests/test_acvp_vectors.py::test_acvp_vec_slh_dsa_sig_ver[SPHINCS+-SHA2-192s-simple] 
2026-01-14T17:07:29.8095091Z [gw1] [ 31%] SKIPPED tests/test_acvp_vectors.py::test_acvp_vec_slh_dsa_sig_ver[SPHINCS+-SHA2-192s-simple] 
2026-01-14T17:07:29.8103989Z tests/test_acvp_vectors.py::test_acvp_vec_slh_dsa_sig_ver[SPHINCS+-SHA2-256f-simple] 
2026-01-14T17:07:29.8111583Z [gw1] [ 31%] SKIPPED tests/test_acvp_vectors.py::test_acvp_vec_slh_dsa_sig_ver[SPHINCS+-SHA2-256f-simple] 
2026-01-14T17:07:29.8126025Z tests/test_acvp_vectors.py::test_acvp_vec_slh_dsa_sig_ver[SPHINCS+-SHA2-256s-simple] 
2026-01-14T17:07:29.8134141Z [gw1] [ 31%] SKIPPED tests/test_acvp_vectors.py::test_acvp_vec_slh_dsa_sig_ver[SPHINCS+-SHA2-256s-simple] 
2026-01-14T17:07:29.8148007Z tests/test_acvp_vectors.py::test_acvp_vec_slh_dsa_sig_ver[SPHINCS+-SHAKE-128f-simple] 
2026-01-14T17:07:29.8157692Z [gw1] [ 31%] SKIPPED tests/test_acvp_vectors.py::test_acvp_vec_slh_dsa_sig_ver[SPHINCS+-SHAKE-128f-simple] 
2026-01-14T17:07:29.8172284Z tests/test_acvp_vectors.py::test_acvp_vec_slh_dsa_sig_ver[SPHINCS+-SHAKE-128s-simple] 
2026-01-14T17:07:29.8180602Z [gw1] [ 31%] SKIPPED tests/test_acvp_vectors.py::test_acvp_vec_slh_dsa_sig_ver[SPHINCS+-SHAKE-128s-simple] 
2026-01-14T17:07:29.8188962Z tests/test_acvp_vectors.py::test_acvp_vec_slh_dsa_sig_ver[SPHINCS+-SHAKE-192f-simple] 
2026-01-14T17:07:29.8195566Z [gw1] [ 31%] SKIPPED tests/test_acvp_vectors.py::test_acvp_vec_slh_dsa_sig_ver[SPHINCS+-SHAKE-192f-simple] 
2026-01-14T17:07:29.8208082Z tests/test_acvp_vectors.py::test_acvp_vec_slh_dsa_sig_ver[SPHINCS+-SHAKE-192s-simple] 
2026-01-14T17:07:29.8219448Z [gw1] [ 31%] SKIPPED tests/test_acvp_vectors.py::test_acvp_vec_slh_dsa_sig_ver[SPHINCS+-SHAKE-192s-simple] 
2026-01-14T17:07:29.8230459Z tests/test_acvp_vectors.py::test_acvp_vec_slh_dsa_sig_ver[SPHINCS+-SHAKE-256f-simple] 
2026-01-14T17:07:29.8233743Z [gw1] [ 31%] SKIPPED tests/test_acvp_vectors.py::test_acvp_vec_slh_dsa_sig_ver[SPHINCS+-SHAKE-256f-simple] 
2026-01-14T17:07:29.8245241Z tests/test_acvp_vectors.py::test_acvp_vec_slh_dsa_sig_ver[SPHINCS+-SHAKE-256s-simple] 
2026-01-14T17:07:29.8249197Z [gw1] [ 31%] SKIPPED tests/test_acvp_vectors.py::test_acvp_vec_slh_dsa_sig_ver[SPHINCS+-SHAKE-256s-simple] 
2026-01-14T17:07:29.8263245Z tests/test_acvp_vectors.py::test_acvp_vec_slh_dsa_sig_ver[MAYO-1] 
2026-01-14T17:07:29.8264341Z [gw1] [ 31%] SKIPPED tests/test_acvp_vectors.py::test_acvp_vec_slh_dsa_sig_ver[MAYO-1] 
2026-01-14T17:07:29.8273935Z tests/test_acvp_vectors.py::test_acvp_vec_slh_dsa_sig_ver[MAYO-2] 
2026-01-14T17:07:29.8285292Z [gw1] [ 31%] SKIPPED tests/test_acvp_vectors.py::test_acvp_vec_slh_dsa_sig_ver[MAYO-2] 
2026-01-14T17:07:29.8294785Z tests/test_acvp_vectors.py::test_acvp_vec_slh_dsa_sig_ver[MAYO-3] 
2026-01-14T17:07:29.8305948Z [gw1] [ 31%] SKIPPED tests/test_acvp_vectors.py::test_acvp_vec_slh_dsa_sig_ver[MAYO-3] 
2026-01-14T17:07:29.8314697Z tests/test_acvp_vectors.py::test_acvp_vec_slh_dsa_sig_ver[MAYO-5] 
2026-01-14T17:07:29.8323298Z [gw1] [ 31%] SKIPPED tests/test_acvp_vectors.py::test_acvp_vec_slh_dsa_sig_ver[MAYO-5] 
2026-01-14T17:07:29.8333973Z tests/test_acvp_vectors.py::test_acvp_vec_slh_dsa_sig_ver[cross-rsdp-128-balanced] 
2026-01-14T17:07:29.8338334Z [gw1] [ 31%] SKIPPED tests/test_acvp_vectors.py::test_acvp_vec_slh_dsa_sig_ver[cross-rsdp-128-balanced] 
2026-01-14T17:07:29.8351468Z tests/test_acvp_vectors.py::test_acvp_vec_slh_dsa_sig_ver[cross-rsdp-128-fast] 
2026-01-14T17:07:29.8358859Z [gw1] [ 31%] SKIPPED tests/test_acvp_vectors.py::test_acvp_vec_slh_dsa_sig_ver[cross-rsdp-128-fast] 
2026-01-14T17:07:29.8370645Z tests/test_acvp_vectors.py::test_acvp_vec_slh_dsa_sig_ver[cross-rsdp-128-small] 
2026-01-14T17:07:29.8377253Z [gw1] [ 31%] SKIPPED tests/test_acvp_vectors.py::test_acvp_vec_slh_dsa_sig_ver[cross-rsdp-128-small] 
2026-01-14T17:07:29.8388688Z tests/test_acvp_vectors.py::test_acvp_vec_slh_dsa_sig_ver[cross-rsdp-192-balanced] 
2026-01-14T17:07:29.8397007Z [gw1] [ 31%] SKIPPED tests/test_acvp_vectors.py::test_acvp_vec_slh_dsa_sig_ver[cross-rsdp-192-balanced] 
2026-01-14T17:07:29.8405786Z tests/test_acvp_vectors.py::test_acvp_vec_slh_dsa_sig_ver[cross-rsdp-192-fast] 
2026-01-14T17:07:29.8412631Z [gw1] [ 31%] SKIPPED tests/test_acvp_vectors.py::test_acvp_vec_slh_dsa_sig_ver[cross-rsdp-192-fast] 
2026-01-14T17:07:29.8428646Z tests/test_acvp_vectors.py::test_acvp_vec_slh_dsa_sig_ver[cross-rsdp-192-small] 
2026-01-14T17:07:29.8437719Z [gw1] [ 31%] SKIPPED tests/test_acvp_vectors.py::test_acvp_vec_slh_dsa_sig_ver[cross-rsdp-192-small] 
2026-01-14T17:07:29.8445692Z tests/test_acvp_vectors.py::test_acvp_vec_slh_dsa_sig_ver[cross-rsdp-256-balanced] 
2026-01-14T17:07:29.8455755Z [gw1] [ 31%] SKIPPED tests/test_acvp_vectors.py::test_acvp_vec_slh_dsa_sig_ver[cross-rsdp-256-balanced] 
2026-01-14T17:07:29.8468550Z tests/test_acvp_vectors.py::test_acvp_vec_slh_dsa_sig_ver[cross-rsdp-256-fast] 
2026-01-14T17:07:29.8480044Z [gw1] [ 31%] SKIPPED tests/test_acvp_vectors.py::test_acvp_vec_slh_dsa_sig_ver[cross-rsdp-256-fast] 
2026-01-14T17:07:29.8487124Z tests/test_acvp_vectors.py::test_acvp_vec_slh_dsa_sig_ver[cross-rsdp-256-small] 
2026-01-14T17:07:29.8498145Z [gw1] [ 32%] SKIPPED tests/test_acvp_vectors.py::test_acvp_vec_slh_dsa_sig_ver[cross-rsdp-256-small] 
2026-01-14T17:07:29.8505127Z tests/test_acvp_vectors.py::test_acvp_vec_slh_dsa_sig_ver[cross-rsdpg-128-balanced] 
2026-01-14T17:07:29.8514106Z [gw1] [ 32%] SKIPPED tests/test_acvp_vectors.py::test_acvp_vec_slh_dsa_sig_ver[cross-rsdpg-128-balanced] 
2026-01-14T17:07:29.8523581Z tests/test_acvp_vectors.py::test_acvp_vec_slh_dsa_sig_ver[cross-rsdpg-128-fast] 
2026-01-14T17:07:29.8534240Z [gw1] [ 32%] SKIPPED tests/test_acvp_vectors.py::test_acvp_vec_slh_dsa_sig_ver[cross-rsdpg-128-fast] 
2026-01-14T17:07:29.8542584Z tests/test_acvp_vectors.py::test_acvp_vec_slh_dsa_sig_ver[cross-rsdpg-128-small] 
2026-01-14T17:07:29.8552330Z [gw1] [ 32%] SKIPPED tests/test_acvp_vectors.py::test_acvp_vec_slh_dsa_sig_ver[cross-rsdpg-128-small] 
2026-01-14T17:07:29.8560065Z tests/test_acvp_vectors.py::test_acvp_vec_slh_dsa_sig_ver[cross-rsdpg-192-balanced] 
2026-01-14T17:07:29.8570636Z [gw1] [ 32%] SKIPPED tests/test_acvp_vectors.py::test_acvp_vec_slh_dsa_sig_ver[cross-rsdpg-192-balanced] 
2026-01-14T17:07:29.8576798Z tests/test_acvp_vectors.py::test_acvp_vec_slh_dsa_sig_ver[cross-rsdpg-192-fast] 
2026-01-14T17:07:29.8587044Z [gw1] [ 32%] SKIPPED tests/test_acvp_vectors.py::test_acvp_vec_slh_dsa_sig_ver[cross-rsdpg-192-fast] 
2026-01-14T17:07:29.8598669Z tests/test_acvp_vectors.py::test_acvp_vec_slh_dsa_sig_ver[cross-rsdpg-192-small] 
2026-01-14T17:07:29.8607179Z [gw1] [ 32%] SKIPPED tests/test_acvp_vectors.py::test_acvp_vec_slh_dsa_sig_ver[cross-rsdpg-192-small] 
2026-01-14T17:07:29.8617709Z tests/test_acvp_vectors.py::test_acvp_vec_slh_dsa_sig_ver[cross-rsdpg-256-balanced] 
2026-01-14T17:07:29.8630116Z [gw1] [ 32%] SKIPPED tests/test_acvp_vectors.py::test_acvp_vec_slh_dsa_sig_ver[cross-rsdpg-256-balanced] 
2026-01-14T17:07:29.8637670Z tests/test_acvp_vectors.py::test_acvp_vec_slh_dsa_sig_ver[cross-rsdpg-256-fast] 
2026-01-14T17:07:29.8645836Z [gw1] [ 32%] SKIPPED tests/test_acvp_vectors.py::test_acvp_vec_slh_dsa_sig_ver[cross-rsdpg-256-fast] 
2026-01-14T17:07:29.8652586Z tests/test_acvp_vectors.py::test_acvp_vec_slh_dsa_sig_ver[cross-rsdpg-256-small] 
2026-01-14T17:07:29.8663054Z [gw1] [ 32%] SKIPPED tests/test_acvp_vectors.py::test_acvp_vec_slh_dsa_sig_ver[cross-rsdpg-256-small] 
2026-01-14T17:07:29.8673199Z tests/test_acvp_vectors.py::test_acvp_vec_slh_dsa_sig_ver[OV-Is] 
2026-01-14T17:07:29.8679597Z [gw1] [ 32%] SKIPPED tests/test_acvp_vectors.py::test_acvp_vec_slh_dsa_sig_ver[OV-Is] 
2026-01-14T17:07:29.8692080Z tests/test_acvp_vectors.py::test_acvp_vec_slh_dsa_sig_ver[OV-Ip] 
2026-01-14T17:07:29.8700829Z [gw1] [ 32%] SKIPPED tests/test_acvp_vectors.py::test_acvp_vec_slh_dsa_sig_ver[OV-Ip] 
2026-01-14T17:07:29.8701779Z tests/test_acvp_vectors.py::test_acvp_vec_slh_dsa_sig_ver[OV-III] 
2026-01-14T17:07:29.8709125Z [gw1] [ 32%] SKIPPED tests/test_acvp_vectors.py::test_acvp_vec_slh_dsa_sig_ver[OV-III] 
2026-01-14T17:07:29.8721302Z tests/test_acvp_vectors.py::test_acvp_vec_slh_dsa_sig_ver[OV-V] 
2026-01-14T17:07:29.8726901Z [gw1] [ 32%] SKIPPED tests/test_acvp_vectors.py::test_acvp_vec_slh_dsa_sig_ver[OV-V] 
2026-01-14T17:07:29.8737236Z tests/test_acvp_vectors.py::test_acvp_vec_slh_dsa_sig_ver[OV-Is-pkc] 
2026-01-14T17:07:29.8747159Z [gw1] [ 32%] SKIPPED tests/test_acvp_vectors.py::test_acvp_vec_slh_dsa_sig_ver[OV-Is-pkc] 
2026-01-14T17:07:29.8755076Z tests/test_acvp_vectors.py::test_acvp_vec_slh_dsa_sig_ver[OV-Ip-pkc] 
2026-01-14T17:07:29.8766968Z [gw1] [ 32%] SKIPPED tests/test_acvp_vectors.py::test_acvp_vec_slh_dsa_sig_ver[OV-Ip-pkc] 
2026-01-14T17:07:29.8775217Z tests/test_acvp_vectors.py::test_acvp_vec_slh_dsa_sig_ver[OV-III-pkc] 
2026-01-14T17:07:29.8786517Z [gw1] [ 32%] SKIPPED tests/test_acvp_vectors.py::test_acvp_vec_slh_dsa_sig_ver[OV-III-pkc] 
2026-01-14T17:07:29.8794384Z tests/test_acvp_vectors.py::test_acvp_vec_slh_dsa_sig_ver[OV-V-pkc] 
2026-01-14T17:07:29.8805833Z [gw1] [ 32%] SKIPPED tests/test_acvp_vectors.py::test_acvp_vec_slh_dsa_sig_ver[OV-V-pkc] 
2026-01-14T17:07:29.8813048Z tests/test_acvp_vectors.py::test_acvp_vec_slh_dsa_sig_ver[OV-Is-pkc-skc] 
2026-01-14T17:07:29.8823726Z [gw1] [ 32%] SKIPPED tests/test_acvp_vectors.py::test_acvp_vec_slh_dsa_sig_ver[OV-Is-pkc-skc] 
2026-01-14T17:07:29.8830358Z tests/test_acvp_vectors.py::test_acvp_vec_slh_dsa_sig_ver[OV-Ip-pkc-skc] 
2026-01-14T17:07:29.8839500Z [gw1] [ 32%] SKIPPED tests/test_acvp_vectors.py::test_acvp_vec_slh_dsa_sig_ver[OV-Ip-pkc-skc] 
2026-01-14T17:07:29.8851041Z tests/test_acvp_vectors.py::test_acvp_vec_slh_dsa_sig_ver[OV-III-pkc-skc] 
2026-01-14T17:07:29.8860009Z [gw1] [ 32%] SKIPPED tests/test_acvp_vectors.py::test_acvp_vec_slh_dsa_sig_ver[OV-III-pkc-skc] 
2026-01-14T17:07:29.8868994Z tests/test_acvp_vectors.py::test_acvp_vec_slh_dsa_sig_ver[OV-V-pkc-skc] 
2026-01-14T17:07:29.8876668Z [gw1] [ 32%] SKIPPED tests/test_acvp_vectors.py::test_acvp_vec_slh_dsa_sig_ver[OV-V-pkc-skc] 
2026-01-14T17:07:29.8887047Z tests/test_acvp_vectors.py::test_acvp_vec_slh_dsa_sig_ver[SNOVA_24_5_4] 
2026-01-14T17:07:29.8894673Z [gw1] [ 32%] SKIPPED tests/test_acvp_vectors.py::test_acvp_vec_slh_dsa_sig_ver[SNOVA_24_5_4] 
2026-01-14T17:07:29.8904277Z tests/test_acvp_vectors.py::test_acvp_vec_slh_dsa_sig_ver[SNOVA_24_5_4_SHAKE] 
2026-01-14T17:07:29.8910158Z [gw1] [ 32%] SKIPPED tests/test_acvp_vectors.py::test_acvp_vec_slh_dsa_sig_ver[SNOVA_24_5_4_SHAKE] 
2026-01-14T17:07:29.8921897Z tests/test_acvp_vectors.py::test_acvp_vec_slh_dsa_sig_ver[SNOVA_24_5_4_esk] 
2026-01-14T17:07:29.8937407Z [gw1] [ 32%] SKIPPED tests/test_acvp_vectors.py::test_acvp_vec_slh_dsa_sig_ver[SNOVA_24_5_4_esk] 
2026-01-14T17:07:29.8938785Z tests/test_acvp_vectors.py::test_acvp_vec_slh_dsa_sig_ver[SNOVA_24_5_4_SHAKE_esk] 
2026-01-14T17:07:29.8945353Z [gw1] [ 32%] SKIPPED tests/test_acvp_vectors.py::test_acvp_vec_slh_dsa_sig_ver[SNOVA_24_5_4_SHAKE_esk] 
2026-01-14T17:07:29.8955945Z tests/test_acvp_vectors.py::test_acvp_vec_slh_dsa_sig_ver[SNOVA_37_17_2] 
2026-01-14T17:07:29.8964364Z [gw1] [ 32%] SKIPPED tests/test_acvp_vectors.py::test_acvp_vec_slh_dsa_sig_ver[SNOVA_37_17_2] 
2026-01-14T17:07:29.8976922Z tests/test_acvp_vectors.py::test_acvp_vec_slh_dsa_sig_ver[SNOVA_25_8_3] 
2026-01-14T17:07:29.8986303Z [gw1] [ 32%] SKIPPED tests/test_acvp_vectors.py::test_acvp_vec_slh_dsa_sig_ver[SNOVA_25_8_3] 
2026-01-14T17:07:29.8996699Z tests/test_acvp_vectors.py::test_acvp_vec_slh_dsa_sig_ver[SNOVA_56_25_2] 
2026-01-14T17:07:29.9005115Z [gw1] [ 32%] SKIPPED tests/test_acvp_vectors.py::test_acvp_vec_slh_dsa_sig_ver[SNOVA_56_25_2] 
2026-01-14T17:07:29.9055913Z tests/test_acvp_vectors.py::test_acvp_vec_slh_dsa_sig_ver[SNOVA_49_11_3] 
2026-01-14T17:07:29.9057166Z [gw1] [ 32%] SKIPPED tests/test_acvp_vectors.py::test_acvp_vec_slh_dsa_sig_ver[SNOVA_49_11_3] 
2026-01-14T17:07:29.9058169Z tests/test_acvp_vectors.py::test_acvp_vec_slh_dsa_sig_ver[SNOVA_37_8_4] 
2026-01-14T17:07:29.9060870Z [gw1] [ 33%] SKIPPED tests/test_acvp_vectors.py::test_acvp_vec_slh_dsa_sig_ver[SNOVA_37_8_4] 
2026-01-14T17:07:29.9064055Z tests/test_acvp_vectors.py::test_acvp_vec_slh_dsa_sig_ver[SNOVA_24_5_5] 
2026-01-14T17:07:29.9069771Z [gw1] [ 33%] SKIPPED tests/test_acvp_vectors.py::test_acvp_vec_slh_dsa_sig_ver[SNOVA_24_5_5] 
2026-01-14T17:07:29.9089034Z tests/test_acvp_vectors.py::test_acvp_vec_slh_dsa_sig_ver[SNOVA_60_10_4] 
2026-01-14T17:07:29.9100148Z [gw1] [ 33%] SKIPPED tests/test_acvp_vectors.py::test_acvp_vec_slh_dsa_sig_ver[SNOVA_60_10_4] 
2026-01-14T17:07:29.9107474Z tests/test_acvp_vectors.py::test_acvp_vec_slh_dsa_sig_ver[SNOVA_29_6_5] 
2026-01-14T17:07:29.9115682Z [gw1] [ 33%] SKIPPED tests/test_acvp_vectors.py::test_acvp_vec_slh_dsa_sig_ver[SNOVA_29_6_5] 
2026-01-14T17:07:29.9128182Z tests/test_acvp_vectors.py::test_acvp_vec_slh_dsa_sig_ver[SLH_DSA_PURE_SHA2_128S] 
2026-01-14T17:07:29.9140685Z [gw1] [ 33%] SKIPPED tests/test_acvp_vectors.py::test_acvp_vec_slh_dsa_sig_ver[SLH_DSA_PURE_SHA2_128S] 
2026-01-14T17:07:29.9149210Z tests/test_acvp_vectors.py::test_acvp_vec_slh_dsa_sig_ver[SLH_DSA_PURE_SHA2_128F] 
2026-01-14T17:07:29.9158462Z [gw1] [ 33%] SKIPPED tests/test_acvp_vectors.py::test_acvp_vec_slh_dsa_sig_ver[SLH_DSA_PURE_SHA2_128F] 
2026-01-14T17:07:29.9170612Z tests/test_acvp_vectors.py::test_acvp_vec_slh_dsa_sig_ver[SLH_DSA_PURE_SHA2_192S] 
2026-01-14T17:07:29.9180831Z [gw1] [ 33%] SKIPPED tests/test_acvp_vectors.py::test_acvp_vec_slh_dsa_sig_ver[SLH_DSA_PURE_SHA2_192S] 
2026-01-14T17:07:29.9210044Z tests/test_acvp_vectors.py::test_acvp_vec_slh_dsa_sig_ver[SLH_DSA_PURE_SHA2_192F] 
2026-01-14T17:07:29.9211411Z [gw1] [ 33%] SKIPPED tests/test_acvp_vectors.py::test_acvp_vec_slh_dsa_sig_ver[SLH_DSA_PURE_SHA2_192F] 
2026-01-14T17:07:29.9231979Z tests/test_acvp_vectors.py::test_acvp_vec_slh_dsa_sig_ver[SLH_DSA_PURE_SHA2_256S] 
2026-01-14T17:07:29.9233039Z [gw1] [ 33%] SKIPPED tests/test_acvp_vectors.py::test_acvp_vec_slh_dsa_sig_ver[SLH_DSA_PURE_SHA2_256S] 
2026-01-14T17:07:29.9240040Z tests/test_acvp_vectors.py::test_acvp_vec_slh_dsa_sig_ver[SLH_DSA_PURE_SHA2_256F] 
2026-01-14T17:07:29.9248177Z [gw1] [ 33%] SKIPPED tests/test_acvp_vectors.py::test_acvp_vec_slh_dsa_sig_ver[SLH_DSA_PURE_SHA2_256F] 
2026-01-14T17:07:29.9258878Z [gw0] [ 33%] PASSED tests/test_acvp_vectors.py::test_acvp_vec_ml_dsa_sig_keygen[ML-DSA-44] 
2026-01-14T17:07:29.9262538Z tests/test_acvp_vectors.py::test_acvp_vec_slh_dsa_sig_ver[SLH_DSA_PURE_SHAKE_128S] 
2026-01-14T17:07:29.9263392Z tests/test_acvp_vectors.py::test_acvp_vec_ml_dsa_sig_keygen[ML-DSA-65] 
2026-01-14T17:07:29.9278430Z [gw1] [ 33%] SKIPPED tests/test_acvp_vectors.py::test_acvp_vec_slh_dsa_sig_ver[SLH_DSA_PURE_SHAKE_128S] 
2026-01-14T17:07:29.9290503Z tests/test_acvp_vectors.py::test_acvp_vec_slh_dsa_sig_ver[SLH_DSA_PURE_SHAKE_128F] 
2026-01-14T17:07:29.9324637Z [gw1] [ 33%] SKIPPED tests/test_acvp_vectors.py::test_acvp_vec_slh_dsa_sig_ver[SLH_DSA_PURE_SHAKE_128F] 
2026-01-14T17:07:29.9330099Z tests/test_acvp_vectors.py::test_acvp_vec_slh_dsa_sig_ver[SLH_DSA_PURE_SHAKE_192S] 
2026-01-14T17:07:29.9331538Z [gw1] [ 33%] SKIPPED tests/test_acvp_vectors.py::test_acvp_vec_slh_dsa_sig_ver[SLH_DSA_PURE_SHAKE_192S] 
2026-01-14T17:07:29.9337952Z tests/test_acvp_vectors.py::test_acvp_vec_slh_dsa_sig_ver[SLH_DSA_PURE_SHAKE_192F] 
2026-01-14T17:07:29.9344655Z [gw1] [ 33%] SKIPPED tests/test_acvp_vectors.py::test_acvp_vec_slh_dsa_sig_ver[SLH_DSA_PURE_SHAKE_192F] 
2026-01-14T17:07:29.9363091Z tests/test_acvp_vectors.py::test_acvp_vec_slh_dsa_sig_ver[SLH_DSA_PURE_SHAKE_256S] 
2026-01-14T17:07:29.9376223Z [gw1] [ 33%] SKIPPED tests/test_acvp_vectors.py::test_acvp_vec_slh_dsa_sig_ver[SLH_DSA_PURE_SHAKE_256S] 
2026-01-14T17:07:29.9385531Z tests/test_acvp_vectors.py::test_acvp_vec_slh_dsa_sig_ver[SLH_DSA_PURE_SHAKE_256F] 
2026-01-14T17:07:29.9394510Z [gw1] [ 33%] SKIPPED tests/test_acvp_vectors.py::test_acvp_vec_slh_dsa_sig_ver[SLH_DSA_PURE_SHAKE_256F] 
2026-01-14T17:07:29.9409836Z tests/test_acvp_vectors.py::test_acvp_vec_slh_dsa_sig_ver[SLH_DSA_SHA2_224_PREHASH_SHA2_128S] 
2026-01-14T17:07:29.9418229Z [gw1] [ 33%] SKIPPED tests/test_acvp_vectors.py::test_acvp_vec_slh_dsa_sig_ver[SLH_DSA_SHA2_224_PREHASH_SHA2_128S] 
2026-01-14T17:07:29.9432026Z tests/test_acvp_vectors.py::test_acvp_vec_slh_dsa_sig_ver[SLH_DSA_SHA2_224_PREHASH_SHA2_128F] 
2026-01-14T17:07:29.9442506Z [gw1] [ 33%] SKIPPED tests/test_acvp_vectors.py::test_acvp_vec_slh_dsa_sig_ver[SLH_DSA_SHA2_224_PREHASH_SHA2_128F] 
2026-01-14T17:07:29.9455637Z tests/test_acvp_vectors.py::test_acvp_vec_slh_dsa_sig_ver[SLH_DSA_SHA2_224_PREHASH_SHA2_192S] 
2026-01-14T17:07:29.9466435Z [gw1] [ 33%] SKIPPED tests/test_acvp_vectors.py::test_acvp_vec_slh_dsa_sig_ver[SLH_DSA_SHA2_224_PREHASH_SHA2_192S] 
2026-01-14T17:07:29.9474266Z tests/test_acvp_vectors.py::test_acvp_vec_slh_dsa_sig_ver[SLH_DSA_SHA2_224_PREHASH_SHA2_192F] 
2026-01-14T17:07:29.9482924Z [gw1] [ 33%] SKIPPED tests/test_acvp_vectors.py::test_acvp_vec_slh_dsa_sig_ver[SLH_DSA_SHA2_224_PREHASH_SHA2_192F] 
2026-01-14T17:07:29.9496645Z tests/test_acvp_vectors.py::test_acvp_vec_slh_dsa_sig_ver[SLH_DSA_SHA2_224_PREHASH_SHA2_256S] 
2026-01-14T17:07:29.9512205Z [gw1] [ 33%] SKIPPED tests/test_acvp_vectors.py::test_acvp_vec_slh_dsa_sig_ver[SLH_DSA_SHA2_224_PREHASH_SHA2_256S] 
2026-01-14T17:07:29.9525205Z tests/test_acvp_vectors.py::test_acvp_vec_slh_dsa_sig_ver[SLH_DSA_SHA2_224_PREHASH_SHA2_256F] 
2026-01-14T17:07:29.9526362Z [gw1] [ 33%] SKIPPED tests/test_acvp_vectors.py::test_acvp_vec_slh_dsa_sig_ver[SLH_DSA_SHA2_224_PREHASH_SHA2_256F] 
2026-01-14T17:07:29.9535544Z tests/test_acvp_vectors.py::test_acvp_vec_slh_dsa_sig_ver[SLH_DSA_SHA2_224_PREHASH_SHAKE_128S] 
2026-01-14T17:07:29.9545098Z [gw1] [ 33%] SKIPPED tests/test_acvp_vectors.py::test_acvp_vec_slh_dsa_sig_ver[SLH_DSA_SHA2_224_PREHASH_SHAKE_128S] 
2026-01-14T17:07:29.9554392Z tests/test_acvp_vectors.py::test_acvp_vec_slh_dsa_sig_ver[SLH_DSA_SHA2_224_PREHASH_SHAKE_128F] 
2026-01-14T17:07:29.9564817Z [gw1] [ 33%] SKIPPED tests/test_acvp_vectors.py::test_acvp_vec_slh_dsa_sig_ver[SLH_DSA_SHA2_224_PREHASH_SHAKE_128F] 
2026-01-14T17:07:29.9571844Z tests/test_acvp_vectors.py::test_acvp_vec_slh_dsa_sig_ver[SLH_DSA_SHA2_224_PREHASH_SHAKE_192S] 
2026-01-14T17:07:29.9595870Z [gw1] [ 33%] SKIPPED tests/test_acvp_vectors.py::test_acvp_vec_slh_dsa_sig_ver[SLH_DSA_SHA2_224_PREHASH_SHAKE_192S] 
2026-01-14T17:07:29.9597137Z tests/test_acvp_vectors.py::test_acvp_vec_slh_dsa_sig_ver[SLH_DSA_SHA2_224_PREHASH_SHAKE_192F] 
2026-01-14T17:07:29.9599256Z [gw1] [ 33%] SKIPPED tests/test_acvp_vectors.py::test_acvp_vec_slh_dsa_sig_ver[SLH_DSA_SHA2_224_PREHASH_SHAKE_192F] 
2026-01-14T17:07:29.9616943Z tests/test_acvp_vectors.py::test_acvp_vec_slh_dsa_sig_ver[SLH_DSA_SHA2_224_PREHASH_SHAKE_256S] 
2026-01-14T17:07:29.9618092Z [gw1] [ 33%] SKIPPED tests/test_acvp_vectors.py::test_acvp_vec_slh_dsa_sig_ver[SLH_DSA_SHA2_224_PREHASH_SHAKE_256S] 
2026-01-14T17:07:29.9630830Z tests/test_acvp_vectors.py::test_acvp_vec_slh_dsa_sig_ver[SLH_DSA_SHA2_224_PREHASH_SHAKE_256F] 
2026-01-14T17:07:29.9639964Z [gw1] [ 33%] SKIPPED tests/test_acvp_vectors.py::test_acvp_vec_slh_dsa_sig_ver[SLH_DSA_SHA2_224_PREHASH_SHAKE_256F] 
2026-01-14T17:07:29.9651049Z tests/test_acvp_vectors.py::test_acvp_vec_slh_dsa_sig_ver[SLH_DSA_SHA2_256_PREHASH_SHA2_128S] 
2026-01-14T17:07:29.9661556Z [gw1] [ 33%] SKIPPED tests/test_acvp_vectors.py::test_acvp_vec_slh_dsa_sig_ver[SLH_DSA_SHA2_256_PREHASH_SHA2_128S] 
2026-01-14T17:07:29.9670678Z tests/test_acvp_vectors.py::test_acvp_vec_slh_dsa_sig_ver[SLH_DSA_SHA2_256_PREHASH_SHA2_128F] 
2026-01-14T17:07:29.9681382Z [gw1] [ 33%] SKIPPED tests/test_acvp_vectors.py::test_acvp_vec_slh_dsa_sig_ver[SLH_DSA_SHA2_256_PREHASH_SHA2_128F] 
2026-01-14T17:07:29.9690746Z tests/test_acvp_vectors.py::test_acvp_vec_slh_dsa_sig_ver[SLH_DSA_SHA2_256_PREHASH_SHA2_192S] 
2026-01-14T17:07:29.9701163Z [gw1] [ 34%] SKIPPED tests/test_acvp_vectors.py::test_acvp_vec_slh_dsa_sig_ver[SLH_DSA_SHA2_256_PREHASH_SHA2_192S] 
2026-01-14T17:07:29.9710937Z tests/test_acvp_vectors.py::test_acvp_vec_slh_dsa_sig_ver[SLH_DSA_SHA2_256_PREHASH_SHA2_192F] 
2026-01-14T17:07:29.9720129Z [gw1] [ 34%] SKIPPED tests/test_acvp_vectors.py::test_acvp_vec_slh_dsa_sig_ver[SLH_DSA_SHA2_256_PREHASH_SHA2_192F] 
2026-01-14T17:07:29.9732993Z tests/test_acvp_vectors.py::test_acvp_vec_slh_dsa_sig_ver[SLH_DSA_SHA2_256_PREHASH_SHA2_256S] 
2026-01-14T17:07:29.9743254Z [gw1] [ 34%] SKIPPED tests/test_acvp_vectors.py::test_acvp_vec_slh_dsa_sig_ver[SLH_DSA_SHA2_256_PREHASH_SHA2_256S] 
2026-01-14T17:07:29.9752421Z tests/test_acvp_vectors.py::test_acvp_vec_slh_dsa_sig_ver[SLH_DSA_SHA2_256_PREHASH_SHA2_256F] 
2026-01-14T17:07:29.9762105Z [gw1] [ 34%] SKIPPED tests/test_acvp_vectors.py::test_acvp_vec_slh_dsa_sig_ver[SLH_DSA_SHA2_256_PREHASH_SHA2_256F] 
2026-01-14T17:07:29.9772346Z tests/test_acvp_vectors.py::test_acvp_vec_slh_dsa_sig_ver[SLH_DSA_SHA2_256_PREHASH_SHAKE_128S] 
2026-01-14T17:07:29.9782805Z [gw1] [ 34%] SKIPPED tests/test_acvp_vectors.py::test_acvp_vec_slh_dsa_sig_ver[SLH_DSA_SHA2_256_PREHASH_SHAKE_128S] 
2026-01-14T17:07:29.9795060Z tests/test_acvp_vectors.py::test_acvp_vec_slh_dsa_sig_ver[SLH_DSA_SHA2_256_PREHASH_SHAKE_128F] 
2026-01-14T17:07:29.9806289Z [gw1] [ 34%] SKIPPED tests/test_acvp_vectors.py::test_acvp_vec_slh_dsa_sig_ver[SLH_DSA_SHA2_256_PREHASH_SHAKE_128F] 
2026-01-14T17:07:29.9813623Z tests/test_acvp_vectors.py::test_acvp_vec_slh_dsa_sig_ver[SLH_DSA_SHA2_256_PREHASH_SHAKE_192S] 
2026-01-14T17:07:29.9823633Z [gw1] [ 34%] SKIPPED tests/test_acvp_vectors.py::test_acvp_vec_slh_dsa_sig_ver[SLH_DSA_SHA2_256_PREHASH_SHAKE_192S] 
2026-01-14T17:07:29.9832189Z tests/test_acvp_vectors.py::test_acvp_vec_slh_dsa_sig_ver[SLH_DSA_SHA2_256_PREHASH_SHAKE_192F] 
2026-01-14T17:07:29.9851224Z [gw1] [ 34%] SKIPPED tests/test_acvp_vectors.py::test_acvp_vec_slh_dsa_sig_ver[SLH_DSA_SHA2_256_PREHASH_SHAKE_192F] 
2026-01-14T17:07:29.9864453Z tests/test_acvp_vectors.py::test_acvp_vec_slh_dsa_sig_ver[SLH_DSA_SHA2_256_PREHASH_SHAKE_256S] 
2026-01-14T17:07:29.9865768Z [gw1] [ 34%] SKIPPED tests/test_acvp_vectors.py::test_acvp_vec_slh_dsa_sig_ver[SLH_DSA_SHA2_256_PREHASH_SHAKE_256S] 
2026-01-14T17:07:29.9897117Z tests/test_acvp_vectors.py::test_acvp_vec_slh_dsa_sig_ver[SLH_DSA_SHA2_256_PREHASH_SHAKE_256F] 
2026-01-14T17:07:29.9898300Z [gw1] [ 34%] SKIPPED tests/test_acvp_vectors.py::test_acvp_vec_slh_dsa_sig_ver[SLH_DSA_SHA2_256_PREHASH_SHAKE_256F] 
2026-01-14T17:07:29.9899374Z tests/test_acvp_vectors.py::test_acvp_vec_slh_dsa_sig_ver[SLH_DSA_SHA2_384_PREHASH_SHA2_128S] 
2026-01-14T17:07:29.9905419Z [gw1] [ 34%] SKIPPED tests/test_acvp_vectors.py::test_acvp_vec_slh_dsa_sig_ver[SLH_DSA_SHA2_384_PREHASH_SHA2_128S] 
2026-01-14T17:07:29.9920518Z tests/test_acvp_vectors.py::test_acvp_vec_slh_dsa_sig_ver[SLH_DSA_SHA2_384_PREHASH_SHA2_128F] 
2026-01-14T17:07:29.9925526Z [gw1] [ 34%] SKIPPED tests/test_acvp_vectors.py::test_acvp_vec_slh_dsa_sig_ver[SLH_DSA_SHA2_384_PREHASH_SHA2_128F] 
2026-01-14T17:07:29.9939628Z tests/test_acvp_vectors.py::test_acvp_vec_slh_dsa_sig_ver[SLH_DSA_SHA2_384_PREHASH_SHA2_192S] 
2026-01-14T17:07:29.9942786Z [gw1] [ 34%] SKIPPED tests/test_acvp_vectors.py::test_acvp_vec_slh_dsa_sig_ver[SLH_DSA_SHA2_384_PREHASH_SHA2_192S] 
2026-01-14T17:07:29.9956802Z tests/test_acvp_vectors.py::test_acvp_vec_slh_dsa_sig_ver[SLH_DSA_SHA2_384_PREHASH_SHA2_192F] 
2026-01-14T17:07:29.9961783Z [gw1] [ 34%] SKIPPED tests/test_acvp_vectors.py::test_acvp_vec_slh_dsa_sig_ver[SLH_DSA_SHA2_384_PREHASH_SHA2_192F] 
2026-01-14T17:07:29.9972326Z tests/test_acvp_vectors.py::test_acvp_vec_slh_dsa_sig_ver[SLH_DSA_SHA2_384_PREHASH_SHA2_256S] 
2026-01-14T17:07:29.9977806Z [gw1] [ 34%] SKIPPED tests/test_acvp_vectors.py::test_acvp_vec_slh_dsa_sig_ver[SLH_DSA_SHA2_384_PREHASH_SHA2_256S] 
2026-01-14T17:07:29.9990750Z tests/test_acvp_vectors.py::test_acvp_vec_slh_dsa_sig_ver[SLH_DSA_SHA2_384_PREHASH_SHA2_256F] 
2026-01-14T17:07:29.9997151Z [gw1] [ 34%] SKIPPED tests/test_acvp_vectors.py::test_acvp_vec_slh_dsa_sig_ver[SLH_DSA_SHA2_384_PREHASH_SHA2_256F] 
2026-01-14T17:07:30.0025269Z tests/test_acvp_vectors.py::test_acvp_vec_slh_dsa_sig_ver[SLH_DSA_SHA2_384_PREHASH_SHAKE_128S] 
2026-01-14T17:07:30.0026545Z [gw1] [ 34%] SKIPPED tests/test_acvp_vectors.py::test_acvp_vec_slh_dsa_sig_ver[SLH_DSA_SHA2_384_PREHASH_SHAKE_128S] 
2026-01-14T17:07:30.0042378Z tests/test_acvp_vectors.py::test_acvp_vec_slh_dsa_sig_ver[SLH_DSA_SHA2_384_PREHASH_SHAKE_128F] 
2026-01-14T17:07:30.0044296Z [gw1] [ 34%] SKIPPED tests/test_acvp_vectors.py::test_acvp_vec_slh_dsa_sig_ver[SLH_DSA_SHA2_384_PREHASH_SHAKE_128F] 
2026-01-14T17:07:30.0057675Z tests/test_acvp_vectors.py::test_acvp_vec_slh_dsa_sig_ver[SLH_DSA_SHA2_384_PREHASH_SHAKE_192S] 
2026-01-14T17:07:30.0058810Z [gw1] [ 34%] SKIPPED tests/test_acvp_vectors.py::test_acvp_vec_slh_dsa_sig_ver[SLH_DSA_SHA2_384_PREHASH_SHAKE_192S] 
2026-01-14T17:07:30.0070434Z tests/test_acvp_vectors.py::test_acvp_vec_slh_dsa_sig_ver[SLH_DSA_SHA2_384_PREHASH_SHAKE_192F] 
2026-01-14T17:07:30.0079801Z [gw1] [ 34%] SKIPPED tests/test_acvp_vectors.py::test_acvp_vec_slh_dsa_sig_ver[SLH_DSA_SHA2_384_PREHASH_SHAKE_192F] 
2026-01-14T17:07:30.0088724Z tests/test_acvp_vectors.py::test_acvp_vec_slh_dsa_sig_ver[SLH_DSA_SHA2_384_PREHASH_SHAKE_256S] 
2026-01-14T17:07:30.0100496Z [gw1] [ 34%] SKIPPED tests/test_acvp_vectors.py::test_acvp_vec_slh_dsa_sig_ver[SLH_DSA_SHA2_384_PREHASH_SHAKE_256S] 
2026-01-14T17:07:30.0113653Z tests/test_acvp_vectors.py::test_acvp_vec_slh_dsa_sig_ver[SLH_DSA_SHA2_384_PREHASH_SHAKE_256F] 
2026-01-14T17:07:30.0121690Z [gw1] [ 34%] SKIPPED tests/test_acvp_vectors.py::test_acvp_vec_slh_dsa_sig_ver[SLH_DSA_SHA2_384_PREHASH_SHAKE_256F] 
2026-01-14T17:07:30.0134351Z tests/test_acvp_vectors.py::test_acvp_vec_slh_dsa_sig_ver[SLH_DSA_SHA2_512_PREHASH_SHA2_128S] 
2026-01-14T17:07:30.0151241Z [gw1] [ 34%] SKIPPED tests/test_acvp_vectors.py::test_acvp_vec_slh_dsa_sig_ver[SLH_DSA_SHA2_512_PREHASH_SHA2_128S] 
2026-01-14T17:07:30.0160508Z tests/test_acvp_vectors.py::test_acvp_vec_slh_dsa_sig_ver[SLH_DSA_SHA2_512_PREHASH_SHA2_128F] 
2026-01-14T17:07:30.0167825Z [gw1] [ 34%] SKIPPED tests/test_acvp_vectors.py::test_acvp_vec_slh_dsa_sig_ver[SLH_DSA_SHA2_512_PREHASH_SHA2_128F] 
2026-01-14T17:07:30.0181058Z tests/test_acvp_vectors.py::test_acvp_vec_slh_dsa_sig_ver[SLH_DSA_SHA2_512_PREHASH_SHA2_192S] 
2026-01-14T17:07:30.0197660Z [gw1] [ 34%] SKIPPED tests/test_acvp_vectors.py::test_acvp_vec_slh_dsa_sig_ver[SLH_DSA_SHA2_512_PREHASH_SHA2_192S] 
2026-01-14T17:07:30.0211077Z tests/test_acvp_vectors.py::test_acvp_vec_slh_dsa_sig_ver[SLH_DSA_SHA2_512_PREHASH_SHA2_192F] 
2026-01-14T17:07:30.0212982Z [gw1] [ 34%] SKIPPED tests/test_acvp_vectors.py::test_acvp_vec_slh_dsa_sig_ver[SLH_DSA_SHA2_512_PREHASH_SHA2_192F] 
2026-01-14T17:07:30.0221194Z tests/test_acvp_vectors.py::test_acvp_vec_slh_dsa_sig_ver[SLH_DSA_SHA2_512_PREHASH_SHA2_256S] 
2026-01-14T17:07:30.0230494Z [gw1] [ 34%] SKIPPED tests/test_acvp_vectors.py::test_acvp_vec_slh_dsa_sig_ver[SLH_DSA_SHA2_512_PREHASH_SHA2_256S] 
2026-01-14T17:07:30.0247503Z tests/test_acvp_vectors.py::test_acvp_vec_slh_dsa_sig_ver[SLH_DSA_SHA2_512_PREHASH_SHA2_256F] 
2026-01-14T17:07:30.0257427Z [gw1] [ 34%] SKIPPED tests/test_acvp_vectors.py::test_acvp_vec_slh_dsa_sig_ver[SLH_DSA_SHA2_512_PREHASH_SHA2_256F] 
2026-01-14T17:07:30.0269323Z tests/test_acvp_vectors.py::test_acvp_vec_slh_dsa_sig_ver[SLH_DSA_SHA2_512_PREHASH_SHAKE_128S] 
2026-01-14T17:07:30.0280657Z [gw1] [ 34%] SKIPPED tests/test_acvp_vectors.py::test_acvp_vec_slh_dsa_sig_ver[SLH_DSA_SHA2_512_PREHASH_SHAKE_128S] 
2026-01-14T17:07:30.0289489Z tests/test_acvp_vectors.py::test_acvp_vec_slh_dsa_sig_ver[SLH_DSA_SHA2_512_PREHASH_SHAKE_128F] 
2026-01-14T17:07:30.0298522Z [gw1] [ 34%] SKIPPED tests/test_acvp_vectors.py::test_acvp_vec_slh_dsa_sig_ver[SLH_DSA_SHA2_512_PREHASH_SHAKE_128F] 
2026-01-14T17:07:30.0311961Z tests/test_acvp_vectors.py::test_acvp_vec_slh_dsa_sig_ver[SLH_DSA_SHA2_512_PREHASH_SHAKE_192S] 
2026-01-14T17:07:30.0322940Z [gw1] [ 34%] SKIPPED tests/test_acvp_vectors.py::test_acvp_vec_slh_dsa_sig_ver[SLH_DSA_SHA2_512_PREHASH_SHAKE_192S] 
2026-01-14T17:07:30.0330635Z tests/test_acvp_vectors.py::test_acvp_vec_slh_dsa_sig_ver[SLH_DSA_SHA2_512_PREHASH_SHAKE_192F] 
2026-01-14T17:07:30.0342168Z [gw1] [ 35%] SKIPPED tests/test_acvp_vectors.py::test_acvp_vec_slh_dsa_sig_ver[SLH_DSA_SHA2_512_PREHASH_SHAKE_192F] 
2026-01-14T17:07:30.0351434Z tests/test_acvp_vectors.py::test_acvp_vec_slh_dsa_sig_ver[SLH_DSA_SHA2_512_PREHASH_SHAKE_256S] 
2026-01-14T17:07:30.0363147Z [gw1] [ 35%] SKIPPED tests/test_acvp_vectors.py::test_acvp_vec_slh_dsa_sig_ver[SLH_DSA_SHA2_512_PREHASH_SHAKE_256S] 
2026-01-14T17:07:30.0371516Z tests/test_acvp_vectors.py::test_acvp_vec_slh_dsa_sig_ver[SLH_DSA_SHA2_512_PREHASH_SHAKE_256F] 
2026-01-14T17:07:30.0383386Z [gw1] [ 35%] SKIPPED tests/test_acvp_vectors.py::test_acvp_vec_slh_dsa_sig_ver[SLH_DSA_SHA2_512_PREHASH_SHAKE_256F] 
2026-01-14T17:07:30.0392869Z tests/test_acvp_vectors.py::test_acvp_vec_slh_dsa_sig_ver[SLH_DSA_SHA2_512_224_PREHASH_SHA2_128S] 
2026-01-14T17:07:30.0401040Z [gw1] [ 35%] SKIPPED tests/test_acvp_vectors.py::test_acvp_vec_slh_dsa_sig_ver[SLH_DSA_SHA2_512_224_PREHASH_SHA2_128S] 
2026-01-14T17:07:30.0429008Z tests/test_acvp_vectors.py::test_acvp_vec_slh_dsa_sig_ver[SLH_DSA_SHA2_512_224_PREHASH_SHA2_128F] 
2026-01-14T17:07:30.0430478Z [gw1] [ 35%] SKIPPED tests/test_acvp_vectors.py::test_acvp_vec_slh_dsa_sig_ver[SLH_DSA_SHA2_512_224_PREHASH_SHA2_128F] 
2026-01-14T17:07:30.0441809Z tests/test_acvp_vectors.py::test_acvp_vec_slh_dsa_sig_ver[SLH_DSA_SHA2_512_224_PREHASH_SHA2_192S] 
2026-01-14T17:07:30.0443613Z [gw1] [ 35%] SKIPPED tests/test_acvp_vectors.py::test_acvp_vec_slh_dsa_sig_ver[SLH_DSA_SHA2_512_224_PREHASH_SHA2_192S] 
2026-01-14T17:07:30.0453581Z tests/test_acvp_vectors.py::test_acvp_vec_slh_dsa_sig_ver[SLH_DSA_SHA2_512_224_PREHASH_SHA2_192F] 
2026-01-14T17:07:30.0471586Z [gw1] [ 35%] SKIPPED tests/test_acvp_vectors.py::test_acvp_vec_slh_dsa_sig_ver[SLH_DSA_SHA2_512_224_PREHASH_SHA2_192F] 
2026-01-14T17:07:30.0485193Z tests/test_acvp_vectors.py::test_acvp_vec_slh_dsa_sig_ver[SLH_DSA_SHA2_512_224_PREHASH_SHA2_256S] 
2026-01-14T17:07:30.0486432Z [gw1] [ 35%] SKIPPED tests/test_acvp_vectors.py::test_acvp_vec_slh_dsa_sig_ver[SLH_DSA_SHA2_512_224_PREHASH_SHA2_256S] 
2026-01-14T17:07:30.0495067Z tests/test_acvp_vectors.py::test_acvp_vec_slh_dsa_sig_ver[SLH_DSA_SHA2_512_224_PREHASH_SHA2_256F] 
2026-01-14T17:07:30.0502236Z [gw1] [ 35%] SKIPPED tests/test_acvp_vectors.py::test_acvp_vec_slh_dsa_sig_ver[SLH_DSA_SHA2_512_224_PREHASH_SHA2_256F] 
2026-01-14T17:07:30.0517149Z tests/test_acvp_vectors.py::test_acvp_vec_slh_dsa_sig_ver[SLH_DSA_SHA2_512_224_PREHASH_SHAKE_128S] 
2026-01-14T17:07:30.0532676Z [gw1] [ 35%] SKIPPED tests/test_acvp_vectors.py::test_acvp_vec_slh_dsa_sig_ver[SLH_DSA_SHA2_512_224_PREHASH_SHAKE_128S] 
2026-01-14T17:07:30.0543662Z tests/test_acvp_vectors.py::test_acvp_vec_slh_dsa_sig_ver[SLH_DSA_SHA2_512_224_PREHASH_SHAKE_128F] 
2026-01-14T17:07:30.0545871Z [gw1] [ 35%] SKIPPED tests/test_acvp_vectors.py::test_acvp_vec_slh_dsa_sig_ver[SLH_DSA_SHA2_512_224_PREHASH_SHAKE_128F] 
2026-01-14T17:07:30.0555878Z tests/test_acvp_vectors.py::test_acvp_vec_slh_dsa_sig_ver[SLH_DSA_SHA2_512_224_PREHASH_SHAKE_192S] 
2026-01-14T17:07:30.0562781Z [gw1] [ 35%] SKIPPED tests/test_acvp_vectors.py::test_acvp_vec_slh_dsa_sig_ver[SLH_DSA_SHA2_512_224_PREHASH_SHAKE_192S] 
2026-01-14T17:07:30.0574537Z tests/test_acvp_vectors.py::test_acvp_vec_slh_dsa_sig_ver[SLH_DSA_SHA2_512_224_PREHASH_SHAKE_192F] 
2026-01-14T17:07:30.0582674Z [gw1] [ 35%] SKIPPED tests/test_acvp_vectors.py::test_acvp_vec_slh_dsa_sig_ver[SLH_DSA_SHA2_512_224_PREHASH_SHAKE_192F] 
2026-01-14T17:07:30.0596867Z tests/test_acvp_vectors.py::test_acvp_vec_slh_dsa_sig_ver[SLH_DSA_SHA2_512_224_PREHASH_SHAKE_256S] 
2026-01-14T17:07:30.0607423Z [gw1] [ 35%] SKIPPED tests/test_acvp_vectors.py::test_acvp_vec_slh_dsa_sig_ver[SLH_DSA_SHA2_512_224_PREHASH_SHAKE_256S] 
2026-01-14T17:07:30.0615375Z tests/test_acvp_vectors.py::test_acvp_vec_slh_dsa_sig_ver[SLH_DSA_SHA2_512_224_PREHASH_SHAKE_256F] 
2026-01-14T17:07:30.0623643Z [gw1] [ 35%] SKIPPED tests/test_acvp_vectors.py::test_acvp_vec_slh_dsa_sig_ver[SLH_DSA_SHA2_512_224_PREHASH_SHAKE_256F] 
2026-01-14T17:07:30.0637435Z tests/test_acvp_vectors.py::test_acvp_vec_slh_dsa_sig_ver[SLH_DSA_SHA2_512_256_PREHASH_SHA2_128S] 
2026-01-14T17:07:30.0646910Z [gw1] [ 35%] SKIPPED tests/test_acvp_vectors.py::test_acvp_vec_slh_dsa_sig_ver[SLH_DSA_SHA2_512_256_PREHASH_SHA2_128S] 
2026-01-14T17:07:30.0657727Z tests/test_acvp_vectors.py::test_acvp_vec_slh_dsa_sig_ver[SLH_DSA_SHA2_512_256_PREHASH_SHA2_128F] 
2026-01-14T17:07:30.0665448Z [gw1] [ 35%] SKIPPED tests/test_acvp_vectors.py::test_acvp_vec_slh_dsa_sig_ver[SLH_DSA_SHA2_512_256_PREHASH_SHA2_128F] 
2026-01-14T17:07:30.0677737Z tests/test_acvp_vectors.py::test_acvp_vec_slh_dsa_sig_ver[SLH_DSA_SHA2_512_256_PREHASH_SHA2_192S] 
2026-01-14T17:07:30.0687735Z [gw1] [ 35%] SKIPPED tests/test_acvp_vectors.py::test_acvp_vec_slh_dsa_sig_ver[SLH_DSA_SHA2_512_256_PREHASH_SHA2_192S] 
2026-01-14T17:07:30.0698227Z tests/test_acvp_vectors.py::test_acvp_vec_slh_dsa_sig_ver[SLH_DSA_SHA2_512_256_PREHASH_SHA2_192F] 
2026-01-14T17:07:30.0707400Z [gw1] [ 35%] SKIPPED tests/test_acvp_vectors.py::test_acvp_vec_slh_dsa_sig_ver[SLH_DSA_SHA2_512_256_PREHASH_SHA2_192F] 
2026-01-14T17:07:30.0719439Z tests/test_acvp_vectors.py::test_acvp_vec_slh_dsa_sig_ver[SLH_DSA_SHA2_512_256_PREHASH_SHA2_256S] 
2026-01-14T17:07:30.0727759Z [gw1] [ 35%] SKIPPED tests/test_acvp_vectors.py::test_acvp_vec_slh_dsa_sig_ver[SLH_DSA_SHA2_512_256_PREHASH_SHA2_256S] 
2026-01-14T17:07:30.0742216Z tests/test_acvp_vectors.py::test_acvp_vec_slh_dsa_sig_ver[SLH_DSA_SHA2_512_256_PREHASH_SHA2_256F] 
2026-01-14T17:07:30.0751025Z [gw1] [ 35%] SKIPPED tests/test_acvp_vectors.py::test_acvp_vec_slh_dsa_sig_ver[SLH_DSA_SHA2_512_256_PREHASH_SHA2_256F] 
2026-01-14T17:07:30.0763379Z tests/test_acvp_vectors.py::test_acvp_vec_slh_dsa_sig_ver[SLH_DSA_SHA2_512_256_PREHASH_SHAKE_128S] 
2026-01-14T17:07:30.0771420Z [gw1] [ 35%] SKIPPED tests/test_acvp_vectors.py::test_acvp_vec_slh_dsa_sig_ver[SLH_DSA_SHA2_512_256_PREHASH_SHAKE_128S] 
2026-01-14T17:07:30.0780409Z tests/test_acvp_vectors.py::test_acvp_vec_slh_dsa_sig_ver[SLH_DSA_SHA2_512_256_PREHASH_SHAKE_128F] 
2026-01-14T17:07:30.0791297Z [gw1] [ 35%] SKIPPED tests/test_acvp_vectors.py::test_acvp_vec_slh_dsa_sig_ver[SLH_DSA_SHA2_512_256_PREHASH_SHAKE_128F] 
2026-01-14T17:07:30.0800174Z tests/test_acvp_vectors.py::test_acvp_vec_slh_dsa_sig_ver[SLH_DSA_SHA2_512_256_PREHASH_SHAKE_192S] 
2026-01-14T17:07:30.0808903Z [gw1] [ 35%] SKIPPED tests/test_acvp_vectors.py::test_acvp_vec_slh_dsa_sig_ver[SLH_DSA_SHA2_512_256_PREHASH_SHAKE_192S] 
2026-01-14T17:07:30.0819121Z tests/test_acvp_vectors.py::test_acvp_vec_slh_dsa_sig_ver[SLH_DSA_SHA2_512_256_PREHASH_SHAKE_192F] 
2026-01-14T17:07:30.0828418Z [gw1] [ 35%] SKIPPED tests/test_acvp_vectors.py::test_acvp_vec_slh_dsa_sig_ver[SLH_DSA_SHA2_512_256_PREHASH_SHAKE_192F] 
2026-01-14T17:07:30.0838928Z tests/test_acvp_vectors.py::test_acvp_vec_slh_dsa_sig_ver[SLH_DSA_SHA2_512_256_PREHASH_SHAKE_256S] 
2026-01-14T17:07:30.0849157Z [gw1] [ 35%] SKIPPED tests/test_acvp_vectors.py::test_acvp_vec_slh_dsa_sig_ver[SLH_DSA_SHA2_512_256_PREHASH_SHAKE_256S] 
2026-01-14T17:07:30.0858588Z tests/test_acvp_vectors.py::test_acvp_vec_slh_dsa_sig_ver[SLH_DSA_SHA2_512_256_PREHASH_SHAKE_256F] 
2026-01-14T17:07:30.0867596Z [gw1] [ 35%] SKIPPED tests/test_acvp_vectors.py::test_acvp_vec_slh_dsa_sig_ver[SLH_DSA_SHA2_512_256_PREHASH_SHAKE_256F] 
2026-01-14T17:07:30.0880887Z tests/test_acvp_vectors.py::test_acvp_vec_slh_dsa_sig_ver[SLH_DSA_SHA3_224_PREHASH_SHA2_128S] 
2026-01-14T17:07:30.0891348Z [gw1] [ 35%] SKIPPED tests/test_acvp_vectors.py::test_acvp_vec_slh_dsa_sig_ver[SLH_DSA_SHA3_224_PREHASH_SHA2_128S] 
2026-01-14T17:07:30.0901938Z tests/test_acvp_vectors.py::test_acvp_vec_slh_dsa_sig_ver[SLH_DSA_SHA3_224_PREHASH_SHA2_128F] 
2026-01-14T17:07:30.0912053Z [gw1] [ 35%] SKIPPED tests/test_acvp_vectors.py::test_acvp_vec_slh_dsa_sig_ver[SLH_DSA_SHA3_224_PREHASH_SHA2_128F] 
2026-01-14T17:07:30.0923381Z tests/test_acvp_vectors.py::test_acvp_vec_slh_dsa_sig_ver[SLH_DSA_SHA3_224_PREHASH_SHA2_192S] 
2026-01-14T17:07:30.0932334Z [gw1] [ 35%] SKIPPED tests/test_acvp_vectors.py::test_acvp_vec_slh_dsa_sig_ver[SLH_DSA_SHA3_224_PREHASH_SHA2_192S] 
2026-01-14T17:07:30.0942443Z tests/test_acvp_vectors.py::test_acvp_vec_slh_dsa_sig_ver[SLH_DSA_SHA3_224_PREHASH_SHA2_192F] 
2026-01-14T17:07:30.0951454Z [gw1] [ 36%] SKIPPED tests/test_acvp_vectors.py::test_acvp_vec_slh_dsa_sig_ver[SLH_DSA_SHA3_224_PREHASH_SHA2_192F] 
2026-01-14T17:07:30.0966602Z tests/test_acvp_vectors.py::test_acvp_vec_slh_dsa_sig_ver[SLH_DSA_SHA3_224_PREHASH_SHA2_256S] 
2026-01-14T17:07:30.0974795Z [gw1] [ 36%] SKIPPED tests/test_acvp_vectors.py::test_acvp_vec_slh_dsa_sig_ver[SLH_DSA_SHA3_224_PREHASH_SHA2_256S] 
2026-01-14T17:07:30.0988773Z tests/test_acvp_vectors.py::test_acvp_vec_slh_dsa_sig_ver[SLH_DSA_SHA3_224_PREHASH_SHA2_256F] 
2026-01-14T17:07:30.0998433Z [gw1] [ 36%] SKIPPED tests/test_acvp_vectors.py::test_acvp_vec_slh_dsa_sig_ver[SLH_DSA_SHA3_224_PREHASH_SHA2_256F] 
2026-01-14T17:07:30.1010290Z tests/test_acvp_vectors.py::test_acvp_vec_slh_dsa_sig_ver[SLH_DSA_SHA3_224_PREHASH_SHAKE_128S] 
2026-01-14T17:07:30.1017368Z [gw1] [ 36%] SKIPPED tests/test_acvp_vectors.py::test_acvp_vec_slh_dsa_sig_ver[SLH_DSA_SHA3_224_PREHASH_SHAKE_128S] 
2026-01-14T17:07:30.1033427Z tests/test_acvp_vectors.py::test_acvp_vec_slh_dsa_sig_ver[SLH_DSA_SHA3_224_PREHASH_SHAKE_128F] 
2026-01-14T17:07:30.1042352Z [gw1] [ 36%] SKIPPED tests/test_acvp_vectors.py::test_acvp_vec_slh_dsa_sig_ver[SLH_DSA_SHA3_224_PREHASH_SHAKE_128F] 
2026-01-14T17:07:30.1057280Z tests/test_acvp_vectors.py::test_acvp_vec_slh_dsa_sig_ver[SLH_DSA_SHA3_224_PREHASH_SHAKE_192S] 
2026-01-14T17:07:30.1066722Z [gw1] [ 36%] SKIPPED tests/test_acvp_vectors.py::test_acvp_vec_slh_dsa_sig_ver[SLH_DSA_SHA3_224_PREHASH_SHAKE_192S] 
2026-01-14T17:07:30.1080690Z tests/test_acvp_vectors.py::test_acvp_vec_slh_dsa_sig_ver[SLH_DSA_SHA3_224_PREHASH_SHAKE_192F] 
2026-01-14T17:07:30.1087714Z [gw1] [ 36%] SKIPPED tests/test_acvp_vectors.py::test_acvp_vec_slh_dsa_sig_ver[SLH_DSA_SHA3_224_PREHASH_SHAKE_192F] 
2026-01-14T17:07:30.1105213Z tests/test_acvp_vectors.py::test_acvp_vec_slh_dsa_sig_ver[SLH_DSA_SHA3_224_PREHASH_SHAKE_256S] 
2026-01-14T17:07:30.1111203Z [gw1] [ 36%] SKIPPED tests/test_acvp_vectors.py::test_acvp_vec_slh_dsa_sig_ver[SLH_DSA_SHA3_224_PREHASH_SHAKE_256S] 
2026-01-14T17:07:30.1125294Z tests/test_acvp_vectors.py::test_acvp_vec_slh_dsa_sig_ver[SLH_DSA_SHA3_224_PREHASH_SHAKE_256F] 
2026-01-14T17:07:30.1131900Z [gw1] [ 36%] SKIPPED tests/test_acvp_vectors.py::test_acvp_vec_slh_dsa_sig_ver[SLH_DSA_SHA3_224_PREHASH_SHAKE_256F] 
2026-01-14T17:07:30.1143487Z tests/test_acvp_vectors.py::test_acvp_vec_slh_dsa_sig_ver[SLH_DSA_SHA3_256_PREHASH_SHA2_128S] 
2026-01-14T17:07:30.1147109Z [gw1] [ 36%] SKIPPED tests/test_acvp_vectors.py::test_acvp_vec_slh_dsa_sig_ver[SLH_DSA_SHA3_256_PREHASH_SHA2_128S] 
2026-01-14T17:07:30.1159422Z tests/test_acvp_vectors.py::test_acvp_vec_slh_dsa_sig_ver[SLH_DSA_SHA3_256_PREHASH_SHA2_128F] 
2026-01-14T17:07:30.1167067Z [gw1] [ 36%] SKIPPED tests/test_acvp_vectors.py::test_acvp_vec_slh_dsa_sig_ver[SLH_DSA_SHA3_256_PREHASH_SHA2_128F] 
2026-01-14T17:07:30.1179989Z tests/test_acvp_vectors.py::test_acvp_vec_slh_dsa_sig_ver[SLH_DSA_SHA3_256_PREHASH_SHA2_192S] 
2026-01-14T17:07:30.1185450Z [gw1] [ 36%] SKIPPED tests/test_acvp_vectors.py::test_acvp_vec_slh_dsa_sig_ver[SLH_DSA_SHA3_256_PREHASH_SHA2_192S] 
2026-01-14T17:07:30.1198179Z tests/test_acvp_vectors.py::test_acvp_vec_slh_dsa_sig_ver[SLH_DSA_SHA3_256_PREHASH_SHA2_192F] 
2026-01-14T17:07:30.1201990Z [gw1] [ 36%] SKIPPED tests/test_acvp_vectors.py::test_acvp_vec_slh_dsa_sig_ver[SLH_DSA_SHA3_256_PREHASH_SHA2_192F] 
2026-01-14T17:07:30.1214810Z tests/test_acvp_vectors.py::test_acvp_vec_slh_dsa_sig_ver[SLH_DSA_SHA3_256_PREHASH_SHA2_256S] 
2026-01-14T17:07:30.1220864Z [gw1] [ 36%] SKIPPED tests/test_acvp_vectors.py::test_acvp_vec_slh_dsa_sig_ver[SLH_DSA_SHA3_256_PREHASH_SHA2_256S] 
2026-01-14T17:07:30.1232861Z tests/test_acvp_vectors.py::test_acvp_vec_slh_dsa_sig_ver[SLH_DSA_SHA3_256_PREHASH_SHA2_256F] 
2026-01-14T17:07:30.1238482Z [gw1] [ 36%] SKIPPED tests/test_acvp_vectors.py::test_acvp_vec_slh_dsa_sig_ver[SLH_DSA_SHA3_256_PREHASH_SHA2_256F] 
2026-01-14T17:07:30.1250935Z tests/test_acvp_vectors.py::test_acvp_vec_slh_dsa_sig_ver[SLH_DSA_SHA3_256_PREHASH_SHAKE_128S] 
2026-01-14T17:07:30.1256840Z [gw1] [ 36%] SKIPPED tests/test_acvp_vectors.py::test_acvp_vec_slh_dsa_sig_ver[SLH_DSA_SHA3_256_PREHASH_SHAKE_128S] 
2026-01-14T17:07:30.1270410Z tests/test_acvp_vectors.py::test_acvp_vec_slh_dsa_sig_ver[SLH_DSA_SHA3_256_PREHASH_SHAKE_128F] 
2026-01-14T17:07:30.1274709Z [gw1] [ 36%] SKIPPED tests/test_acvp_vectors.py::test_acvp_vec_slh_dsa_sig_ver[SLH_DSA_SHA3_256_PREHASH_SHAKE_128F] 
2026-01-14T17:07:30.1286850Z tests/test_acvp_vectors.py::test_acvp_vec_slh_dsa_sig_ver[SLH_DSA_SHA3_256_PREHASH_SHAKE_192S] 
2026-01-14T17:07:30.1294092Z [gw1] [ 36%] SKIPPED tests/test_acvp_vectors.py::test_acvp_vec_slh_dsa_sig_ver[SLH_DSA_SHA3_256_PREHASH_SHAKE_192S] 
2026-01-14T17:07:30.1307655Z tests/test_acvp_vectors.py::test_acvp_vec_slh_dsa_sig_ver[SLH_DSA_SHA3_256_PREHASH_SHAKE_192F] 
2026-01-14T17:07:30.1312785Z [gw1] [ 36%] SKIPPED tests/test_acvp_vectors.py::test_acvp_vec_slh_dsa_sig_ver[SLH_DSA_SHA3_256_PREHASH_SHAKE_192F] 
2026-01-14T17:07:30.1326515Z tests/test_acvp_vectors.py::test_acvp_vec_slh_dsa_sig_ver[SLH_DSA_SHA3_256_PREHASH_SHAKE_256S] 
2026-01-14T17:07:30.1332295Z [gw1] [ 36%] SKIPPED tests/test_acvp_vectors.py::test_acvp_vec_slh_dsa_sig_ver[SLH_DSA_SHA3_256_PREHASH_SHAKE_256S] 
2026-01-14T17:07:30.1344264Z tests/test_acvp_vectors.py::test_acvp_vec_slh_dsa_sig_ver[SLH_DSA_SHA3_256_PREHASH_SHAKE_256F] 
2026-01-14T17:07:30.1350827Z [gw1] [ 36%] SKIPPED tests/test_acvp_vectors.py::test_acvp_vec_slh_dsa_sig_ver[SLH_DSA_SHA3_256_PREHASH_SHAKE_256F] 
2026-01-14T17:07:30.1362051Z tests/test_acvp_vectors.py::test_acvp_vec_slh_dsa_sig_ver[SLH_DSA_SHA3_384_PREHASH_SHA2_128S] 
2026-01-14T17:07:30.1366359Z [gw1] [ 36%] SKIPPED tests/test_acvp_vectors.py::test_acvp_vec_slh_dsa_sig_ver[SLH_DSA_SHA3_384_PREHASH_SHA2_128S] 
2026-01-14T17:07:30.1380882Z tests/test_acvp_vectors.py::test_acvp_vec_slh_dsa_sig_ver[SLH_DSA_SHA3_384_PREHASH_SHA2_128F] 
2026-01-14T17:07:30.1386117Z [gw1] [ 36%] SKIPPED tests/test_acvp_vectors.py::test_acvp_vec_slh_dsa_sig_ver[SLH_DSA_SHA3_384_PREHASH_SHA2_128F] 
2026-01-14T17:07:30.1398161Z tests/test_acvp_vectors.py::test_acvp_vec_slh_dsa_sig_ver[SLH_DSA_SHA3_384_PREHASH_SHA2_192S] 
2026-01-14T17:07:30.1404695Z [gw1] [ 36%] SKIPPED tests/test_acvp_vectors.py::test_acvp_vec_slh_dsa_sig_ver[SLH_DSA_SHA3_384_PREHASH_SHA2_192S] 
2026-01-14T17:07:30.1417797Z tests/test_acvp_vectors.py::test_acvp_vec_slh_dsa_sig_ver[SLH_DSA_SHA3_384_PREHASH_SHA2_192F] 
2026-01-14T17:07:30.1425423Z [gw1] [ 36%] SKIPPED tests/test_acvp_vectors.py::test_acvp_vec_slh_dsa_sig_ver[SLH_DSA_SHA3_384_PREHASH_SHA2_192F] 
2026-01-14T17:07:30.1438452Z tests/test_acvp_vectors.py::test_acvp_vec_slh_dsa_sig_ver[SLH_DSA_SHA3_384_PREHASH_SHA2_256S] 
2026-01-14T17:07:30.1444636Z [gw1] [ 36%] SKIPPED tests/test_acvp_vectors.py::test_acvp_vec_slh_dsa_sig_ver[SLH_DSA_SHA3_384_PREHASH_SHA2_256S] 
2026-01-14T17:07:30.1456796Z tests/test_acvp_vectors.py::test_acvp_vec_slh_dsa_sig_ver[SLH_DSA_SHA3_384_PREHASH_SHA2_256F] 
2026-01-14T17:07:30.1462616Z [gw1] [ 36%] SKIPPED tests/test_acvp_vectors.py::test_acvp_vec_slh_dsa_sig_ver[SLH_DSA_SHA3_384_PREHASH_SHA2_256F] 
2026-01-14T17:07:30.1474778Z tests/test_acvp_vectors.py::test_acvp_vec_slh_dsa_sig_ver[SLH_DSA_SHA3_384_PREHASH_SHAKE_128S] 
2026-01-14T17:07:30.1481698Z [gw1] [ 36%] SKIPPED tests/test_acvp_vectors.py::test_acvp_vec_slh_dsa_sig_ver[SLH_DSA_SHA3_384_PREHASH_SHAKE_128S] 
2026-01-14T17:07:30.1494607Z tests/test_acvp_vectors.py::test_acvp_vec_slh_dsa_sig_ver[SLH_DSA_SHA3_384_PREHASH_SHAKE_128F] 
2026-01-14T17:07:30.1500868Z [gw1] [ 36%] SKIPPED tests/test_acvp_vectors.py::test_acvp_vec_slh_dsa_sig_ver[SLH_DSA_SHA3_384_PREHASH_SHAKE_128F] 
2026-01-14T17:07:30.1511814Z tests/test_acvp_vectors.py::test_acvp_vec_slh_dsa_sig_ver[SLH_DSA_SHA3_384_PREHASH_SHAKE_192S] 
2026-01-14T17:07:30.1517695Z [gw1] [ 36%] SKIPPED tests/test_acvp_vectors.py::test_acvp_vec_slh_dsa_sig_ver[SLH_DSA_SHA3_384_PREHASH_SHAKE_192S] 
2026-01-14T17:07:30.1530876Z tests/test_acvp_vectors.py::test_acvp_vec_slh_dsa_sig_ver[SLH_DSA_SHA3_384_PREHASH_SHAKE_192F] 
2026-01-14T17:07:30.1536128Z [gw1] [ 36%] SKIPPED tests/test_acvp_vectors.py::test_acvp_vec_slh_dsa_sig_ver[SLH_DSA_SHA3_384_PREHASH_SHAKE_192F] 
2026-01-14T17:07:30.1548130Z tests/test_acvp_vectors.py::test_acvp_vec_slh_dsa_sig_ver[SLH_DSA_SHA3_384_PREHASH_SHAKE_256S] 
2026-01-14T17:07:30.1556439Z [gw1] [ 37%] SKIPPED tests/test_acvp_vectors.py::test_acvp_vec_slh_dsa_sig_ver[SLH_DSA_SHA3_384_PREHASH_SHAKE_256S] 
2026-01-14T17:07:30.1571037Z tests/test_acvp_vectors.py::test_acvp_vec_slh_dsa_sig_ver[SLH_DSA_SHA3_384_PREHASH_SHAKE_256F] 
2026-01-14T17:07:30.1577057Z [gw1] [ 37%] SKIPPED tests/test_acvp_vectors.py::test_acvp_vec_slh_dsa_sig_ver[SLH_DSA_SHA3_384_PREHASH_SHAKE_256F] 
2026-01-14T17:07:30.1591098Z tests/test_acvp_vectors.py::test_acvp_vec_slh_dsa_sig_ver[SLH_DSA_SHA3_512_PREHASH_SHA2_128S] 
2026-01-14T17:07:30.1597863Z [gw1] [ 37%] SKIPPED tests/test_acvp_vectors.py::test_acvp_vec_slh_dsa_sig_ver[SLH_DSA_SHA3_512_PREHASH_SHA2_128S] 
2026-01-14T17:07:30.1615035Z tests/test_acvp_vectors.py::test_acvp_vec_slh_dsa_sig_ver[SLH_DSA_SHA3_512_PREHASH_SHA2_128F] 
2026-01-14T17:07:30.1616155Z [gw1] [ 37%] SKIPPED tests/test_acvp_vectors.py::test_acvp_vec_slh_dsa_sig_ver[SLH_DSA_SHA3_512_PREHASH_SHA2_128F] 
2026-01-14T17:07:30.1626635Z tests/test_acvp_vectors.py::test_acvp_vec_slh_dsa_sig_ver[SLH_DSA_SHA3_512_PREHASH_SHA2_192S] 
2026-01-14T17:07:30.1632249Z [gw1] [ 37%] SKIPPED tests/test_acvp_vectors.py::test_acvp_vec_slh_dsa_sig_ver[SLH_DSA_SHA3_512_PREHASH_SHA2_192S] 
2026-01-14T17:07:30.1648289Z tests/test_acvp_vectors.py::test_acvp_vec_slh_dsa_sig_ver[SLH_DSA_SHA3_512_PREHASH_SHA2_192F] 
2026-01-14T17:07:30.1652982Z [gw1] [ 37%] SKIPPED tests/test_acvp_vectors.py::test_acvp_vec_slh_dsa_sig_ver[SLH_DSA_SHA3_512_PREHASH_SHA2_192F] 
2026-01-14T17:07:30.1668523Z tests/test_acvp_vectors.py::test_acvp_vec_slh_dsa_sig_ver[SLH_DSA_SHA3_512_PREHASH_SHA2_256S] 
2026-01-14T17:07:30.1674315Z [gw1] [ 37%] SKIPPED tests/test_acvp_vectors.py::test_acvp_vec_slh_dsa_sig_ver[SLH_DSA_SHA3_512_PREHASH_SHA2_256S] 
2026-01-14T17:07:30.1689269Z tests/test_acvp_vectors.py::test_acvp_vec_slh_dsa_sig_ver[SLH_DSA_SHA3_512_PREHASH_SHA2_256F] 
2026-01-14T17:07:30.1697799Z [gw1] [ 37%] SKIPPED tests/test_acvp_vectors.py::test_acvp_vec_slh_dsa_sig_ver[SLH_DSA_SHA3_512_PREHASH_SHA2_256F] 
2026-01-14T17:07:30.1714408Z tests/test_acvp_vectors.py::test_acvp_vec_slh_dsa_sig_ver[SLH_DSA_SHA3_512_PREHASH_SHAKE_128S] 
2026-01-14T17:07:30.1720418Z [gw1] [ 37%] SKIPPED tests/test_acvp_vectors.py::test_acvp_vec_slh_dsa_sig_ver[SLH_DSA_SHA3_512_PREHASH_SHAKE_128S] 
2026-01-14T17:07:30.1735548Z tests/test_acvp_vectors.py::test_acvp_vec_slh_dsa_sig_ver[SLH_DSA_SHA3_512_PREHASH_SHAKE_128F] 
2026-01-14T17:07:30.1741576Z [gw1] [ 37%] SKIPPED tests/test_acvp_vectors.py::test_acvp_vec_slh_dsa_sig_ver[SLH_DSA_SHA3_512_PREHASH_SHAKE_128F] 
2026-01-14T17:07:30.1756631Z tests/test_acvp_vectors.py::test_acvp_vec_slh_dsa_sig_ver[SLH_DSA_SHA3_512_PREHASH_SHAKE_192S] 
2026-01-14T17:07:30.1762034Z [gw1] [ 37%] SKIPPED tests/test_acvp_vectors.py::test_acvp_vec_slh_dsa_sig_ver[SLH_DSA_SHA3_512_PREHASH_SHAKE_192S] 
2026-01-14T17:07:30.1774770Z tests/test_acvp_vectors.py::test_acvp_vec_slh_dsa_sig_ver[SLH_DSA_SHA3_512_PREHASH_SHAKE_192F] 
2026-01-14T17:07:30.1781029Z [gw1] [ 37%] SKIPPED tests/test_acvp_vectors.py::test_acvp_vec_slh_dsa_sig_ver[SLH_DSA_SHA3_512_PREHASH_SHAKE_192F] 
2026-01-14T17:07:30.1795537Z tests/test_acvp_vectors.py::test_acvp_vec_slh_dsa_sig_ver[SLH_DSA_SHA3_512_PREHASH_SHAKE_256S] 
2026-01-14T17:07:30.1801342Z [gw1] [ 37%] SKIPPED tests/test_acvp_vectors.py::test_acvp_vec_slh_dsa_sig_ver[SLH_DSA_SHA3_512_PREHASH_SHAKE_256S] 
2026-01-14T17:07:30.1813056Z tests/test_acvp_vectors.py::test_acvp_vec_slh_dsa_sig_ver[SLH_DSA_SHA3_512_PREHASH_SHAKE_256F] 
2026-01-14T17:07:30.1818803Z [gw1] [ 37%] SKIPPED tests/test_acvp_vectors.py::test_acvp_vec_slh_dsa_sig_ver[SLH_DSA_SHA3_512_PREHASH_SHAKE_256F] 
2026-01-14T17:07:30.1831812Z tests/test_acvp_vectors.py::test_acvp_vec_slh_dsa_sig_ver[SLH_DSA_SHAKE_128_PREHASH_SHA2_128S] 
2026-01-14T17:07:30.1839041Z [gw1] [ 37%] SKIPPED tests/test_acvp_vectors.py::test_acvp_vec_slh_dsa_sig_ver[SLH_DSA_SHAKE_128_PREHASH_SHA2_128S] 
2026-01-14T17:07:30.1853548Z tests/test_acvp_vectors.py::test_acvp_vec_slh_dsa_sig_ver[SLH_DSA_SHAKE_128_PREHASH_SHA2_128F] 
2026-01-14T17:07:30.1858567Z [gw1] [ 37%] SKIPPED tests/test_acvp_vectors.py::test_acvp_vec_slh_dsa_sig_ver[SLH_DSA_SHAKE_128_PREHASH_SHA2_128F] 
2026-01-14T17:07:30.1871261Z tests/test_acvp_vectors.py::test_acvp_vec_slh_dsa_sig_ver[SLH_DSA_SHAKE_128_PREHASH_SHA2_192S] 
2026-01-14T17:07:30.1878537Z [gw1] [ 37%] SKIPPED tests/test_acvp_vectors.py::test_acvp_vec_slh_dsa_sig_ver[SLH_DSA_SHAKE_128_PREHASH_SHA2_192S] 
2026-01-14T17:07:30.1888863Z tests/test_acvp_vectors.py::test_acvp_vec_slh_dsa_sig_ver[SLH_DSA_SHAKE_128_PREHASH_SHA2_192F] 
2026-01-14T17:07:30.1894104Z [gw1] [ 37%] SKIPPED tests/test_acvp_vectors.py::test_acvp_vec_slh_dsa_sig_ver[SLH_DSA_SHAKE_128_PREHASH_SHA2_192F] 
2026-01-14T17:07:30.1914189Z tests/test_acvp_vectors.py::test_acvp_vec_slh_dsa_sig_ver[SLH_DSA_SHAKE_128_PREHASH_SHA2_256S] 
2026-01-14T17:07:30.1915589Z [gw1] [ 37%] SKIPPED tests/test_acvp_vectors.py::test_acvp_vec_slh_dsa_sig_ver[SLH_DSA_SHAKE_128_PREHASH_SHA2_256S] 
2026-01-14T17:07:30.1929298Z tests/test_acvp_vectors.py::test_acvp_vec_slh_dsa_sig_ver[SLH_DSA_SHAKE_128_PREHASH_SHA2_256F] 
2026-01-14T17:07:30.1935433Z [gw1] [ 37%] SKIPPED tests/test_acvp_vectors.py::test_acvp_vec_slh_dsa_sig_ver[SLH_DSA_SHAKE_128_PREHASH_SHA2_256F] 
2026-01-14T17:07:30.1949071Z tests/test_acvp_vectors.py::test_acvp_vec_slh_dsa_sig_ver[SLH_DSA_SHAKE_128_PREHASH_SHAKE_128S] 
2026-01-14T17:07:30.1955125Z [gw1] [ 37%] SKIPPED tests/test_acvp_vectors.py::test_acvp_vec_slh_dsa_sig_ver[SLH_DSA_SHAKE_128_PREHASH_SHAKE_128S] 
2026-01-14T17:07:30.1969555Z tests/test_acvp_vectors.py::test_acvp_vec_slh_dsa_sig_ver[SLH_DSA_SHAKE_128_PREHASH_SHAKE_128F] 
2026-01-14T17:07:30.1977200Z [gw1] [ 37%] SKIPPED tests/test_acvp_vectors.py::test_acvp_vec_slh_dsa_sig_ver[SLH_DSA_SHAKE_128_PREHASH_SHAKE_128F] 
2026-01-14T17:07:30.1989850Z tests/test_acvp_vectors.py::test_acvp_vec_slh_dsa_sig_ver[SLH_DSA_SHAKE_128_PREHASH_SHAKE_192S] 
2026-01-14T17:07:30.1994749Z [gw1] [ 37%] SKIPPED tests/test_acvp_vectors.py::test_acvp_vec_slh_dsa_sig_ver[SLH_DSA_SHAKE_128_PREHASH_SHAKE_192S] 
2026-01-14T17:07:30.2007354Z tests/test_acvp_vectors.py::test_acvp_vec_slh_dsa_sig_ver[SLH_DSA_SHAKE_128_PREHASH_SHAKE_192F] 
2026-01-14T17:07:30.2012525Z [gw1] [ 37%] SKIPPED tests/test_acvp_vectors.py::test_acvp_vec_slh_dsa_sig_ver[SLH_DSA_SHAKE_128_PREHASH_SHAKE_192F] 
2026-01-14T17:07:30.2025305Z tests/test_acvp_vectors.py::test_acvp_vec_slh_dsa_sig_ver[SLH_DSA_SHAKE_128_PREHASH_SHAKE_256S] 
2026-01-14T17:07:30.2030388Z [gw1] [ 37%] SKIPPED tests/test_acvp_vectors.py::test_acvp_vec_slh_dsa_sig_ver[SLH_DSA_SHAKE_128_PREHASH_SHAKE_256S] 
2026-01-14T17:07:30.2044714Z tests/test_acvp_vectors.py::test_acvp_vec_slh_dsa_sig_ver[SLH_DSA_SHAKE_128_PREHASH_SHAKE_256F] 
2026-01-14T17:07:30.2049694Z [gw1] [ 37%] SKIPPED tests/test_acvp_vectors.py::test_acvp_vec_slh_dsa_sig_ver[SLH_DSA_SHAKE_128_PREHASH_SHAKE_256F] 
2026-01-14T17:07:30.2066488Z tests/test_acvp_vectors.py::test_acvp_vec_slh_dsa_sig_ver[SLH_DSA_SHAKE_256_PREHASH_SHA2_128S] 
2026-01-14T17:07:30.2067900Z [gw1] [ 37%] SKIPPED tests/test_acvp_vectors.py::test_acvp_vec_slh_dsa_sig_ver[SLH_DSA_SHAKE_256_PREHASH_SHA2_128S] 
2026-01-14T17:07:30.2082148Z tests/test_acvp_vectors.py::test_acvp_vec_slh_dsa_sig_ver[SLH_DSA_SHAKE_256_PREHASH_SHA2_128F] 
2026-01-14T17:07:30.2087513Z [gw1] [ 37%] SKIPPED tests/test_acvp_vectors.py::test_acvp_vec_slh_dsa_sig_ver[SLH_DSA_SHAKE_256_PREHASH_SHA2_128F] 
2026-01-14T17:07:30.2098597Z tests/test_acvp_vectors.py::test_acvp_vec_slh_dsa_sig_ver[SLH_DSA_SHAKE_256_PREHASH_SHA2_192S] 
2026-01-14T17:07:30.2105389Z [gw1] [ 37%] SKIPPED tests/test_acvp_vectors.py::test_acvp_vec_slh_dsa_sig_ver[SLH_DSA_SHAKE_256_PREHASH_SHA2_192S] 
2026-01-14T17:07:30.2120572Z tests/test_acvp_vectors.py::test_acvp_vec_slh_dsa_sig_ver[SLH_DSA_SHAKE_256_PREHASH_SHA2_192F] 
2026-01-14T17:07:30.2126085Z [gw1] [ 37%] SKIPPED tests/test_acvp_vectors.py::test_acvp_vec_slh_dsa_sig_ver[SLH_DSA_SHAKE_256_PREHASH_SHA2_192F] 
2026-01-14T17:07:30.2138401Z tests/test_acvp_vectors.py::test_acvp_vec_slh_dsa_sig_ver[SLH_DSA_SHAKE_256_PREHASH_SHA2_256S] 
2026-01-14T17:07:30.2144575Z [gw1] [ 37%] SKIPPED tests/test_acvp_vectors.py::test_acvp_vec_slh_dsa_sig_ver[SLH_DSA_SHAKE_256_PREHASH_SHA2_256S] 
2026-01-14T17:07:30.2157463Z tests/test_acvp_vectors.py::test_acvp_vec_slh_dsa_sig_ver[SLH_DSA_SHAKE_256_PREHASH_SHA2_256F] 
2026-01-14T17:07:30.2163354Z [gw1] [ 38%] SKIPPED tests/test_acvp_vectors.py::test_acvp_vec_slh_dsa_sig_ver[SLH_DSA_SHAKE_256_PREHASH_SHA2_256F] 
2026-01-14T17:07:30.2176023Z tests/test_acvp_vectors.py::test_acvp_vec_slh_dsa_sig_ver[SLH_DSA_SHAKE_256_PREHASH_SHAKE_128S] 
2026-01-14T17:07:30.2182379Z [gw1] [ 38%] SKIPPED tests/test_acvp_vectors.py::test_acvp_vec_slh_dsa_sig_ver[SLH_DSA_SHAKE_256_PREHASH_SHAKE_128S] 
2026-01-14T17:07:30.2194796Z tests/test_acvp_vectors.py::test_acvp_vec_slh_dsa_sig_ver[SLH_DSA_SHAKE_256_PREHASH_SHAKE_128F] 
2026-01-14T17:07:30.2200950Z [gw1] [ 38%] SKIPPED tests/test_acvp_vectors.py::test_acvp_vec_slh_dsa_sig_ver[SLH_DSA_SHAKE_256_PREHASH_SHAKE_128F] 
2026-01-14T17:07:30.2213191Z tests/test_acvp_vectors.py::test_acvp_vec_slh_dsa_sig_ver[SLH_DSA_SHAKE_256_PREHASH_SHAKE_192S] 
2026-01-14T17:07:30.2218292Z [gw1] [ 38%] SKIPPED tests/test_acvp_vectors.py::test_acvp_vec_slh_dsa_sig_ver[SLH_DSA_SHAKE_256_PREHASH_SHAKE_192S] 
2026-01-14T17:07:30.2230207Z tests/test_acvp_vectors.py::test_acvp_vec_slh_dsa_sig_ver[SLH_DSA_SHAKE_256_PREHASH_SHAKE_192F] 
2026-01-14T17:07:30.2238656Z [gw1] [ 38%] SKIPPED tests/test_acvp_vectors.py::test_acvp_vec_slh_dsa_sig_ver[SLH_DSA_SHAKE_256_PREHASH_SHAKE_192F] 
2026-01-14T17:07:30.2251933Z tests/test_acvp_vectors.py::test_acvp_vec_slh_dsa_sig_ver[SLH_DSA_SHAKE_256_PREHASH_SHAKE_256S] 
2026-01-14T17:07:30.2258489Z [gw1] [ 38%] SKIPPED tests/test_acvp_vectors.py::test_acvp_vec_slh_dsa_sig_ver[SLH_DSA_SHAKE_256_PREHASH_SHAKE_256S] 
2026-01-14T17:07:30.2270955Z tests/test_acvp_vectors.py::test_acvp_vec_slh_dsa_sig_ver[SLH_DSA_SHAKE_256_PREHASH_SHAKE_256F] 
2026-01-14T17:07:30.2277998Z [gw1] [ 38%] SKIPPED tests/test_acvp_vectors.py::test_acvp_vec_slh_dsa_sig_ver[SLH_DSA_SHAKE_256_PREHASH_SHAKE_256F] 
2026-01-14T17:07:30.3082799Z tests/test_alg_info.py::test_alg_info_kem[BIKE-L1] 
2026-01-14T17:07:30.3091069Z [gw0] [ 38%] PASSED tests/test_acvp_vectors.py::test_acvp_vec_ml_dsa_sig_keygen[ML-DSA-65] 
2026-01-14T17:07:30.3269215Z tests/test_acvp_vectors.py::test_acvp_vec_ml_dsa_sig_keygen[ML-DSA-87] 
2026-01-14T17:07:30.3276721Z [gw1] [ 38%] PASSED tests/test_alg_info.py::test_alg_info_kem[BIKE-L1] 
2026-01-14T17:07:30.4241711Z tests/test_alg_info.py::test_alg_info_kem[BIKE-L3] 
2026-01-14T17:07:30.4243355Z [gw1] [ 38%] PASSED tests/test_alg_info.py::test_alg_info_kem[BIKE-L3] 
2026-01-14T17:07:30.5517590Z tests/test_alg_info.py::test_alg_info_kem[BIKE-L5] 
2026-01-14T17:07:30.5520693Z [gw1] [ 38%] PASSED tests/test_alg_info.py::test_alg_info_kem[BIKE-L5] 
2026-01-14T17:07:30.6310626Z tests/test_alg_info.py::test_alg_info_kem[Classic-McEliece-348864] 
2026-01-14T17:07:30.6323056Z [gw0] [ 38%] PASSED tests/test_acvp_vectors.py::test_acvp_vec_ml_dsa_sig_keygen[ML-DSA-87] 
2026-01-14T17:07:30.6328472Z tests/test_acvp_vectors.py::test_acvp_vec_ml_dsa_sig_keygen[Falcon-512] 
2026-01-14T17:07:30.6335699Z [gw0] [ 38%] SKIPPED tests/test_acvp_vectors.py::test_acvp_vec_ml_dsa_sig_keygen[Falcon-512] 
2026-01-14T17:07:30.6345988Z tests/test_acvp_vectors.py::test_acvp_vec_ml_dsa_sig_keygen[Falcon-1024] 
2026-01-14T17:07:30.6351506Z [gw0] [ 38%] SKIPPED tests/test_acvp_vectors.py::test_acvp_vec_ml_dsa_sig_keygen[Falcon-1024] 
2026-01-14T17:07:30.6362414Z tests/test_acvp_vectors.py::test_acvp_vec_ml_dsa_sig_keygen[Falcon-padded-512] 
2026-01-14T17:07:30.6369080Z [gw0] [ 38%] SKIPPED tests/test_acvp_vectors.py::test_acvp_vec_ml_dsa_sig_keygen[Falcon-padded-512] 
2026-01-14T17:07:30.6380206Z tests/test_acvp_vectors.py::test_acvp_vec_ml_dsa_sig_keygen[Falcon-padded-1024] 
2026-01-14T17:07:30.6386049Z [gw0] [ 38%] SKIPPED tests/test_acvp_vectors.py::test_acvp_vec_ml_dsa_sig_keygen[Falcon-padded-1024] 
2026-01-14T17:07:30.6401564Z tests/test_acvp_vectors.py::test_acvp_vec_ml_dsa_sig_keygen[SPHINCS+-SHA2-128f-simple] 
2026-01-14T17:07:30.6407601Z [gw0] [ 38%] SKIPPED tests/test_acvp_vectors.py::test_acvp_vec_ml_dsa_sig_keygen[SPHINCS+-SHA2-128f-simple] 
2026-01-14T17:07:30.6417650Z tests/test_acvp_vectors.py::test_acvp_vec_ml_dsa_sig_keygen[SPHINCS+-SHA2-128s-simple] 
2026-01-14T17:07:30.6423077Z [gw0] [ 38%] SKIPPED tests/test_acvp_vectors.py::test_acvp_vec_ml_dsa_sig_keygen[SPHINCS+-SHA2-128s-simple] 
2026-01-14T17:07:30.6433353Z tests/test_acvp_vectors.py::test_acvp_vec_ml_dsa_sig_keygen[SPHINCS+-SHA2-192f-simple] 
2026-01-14T17:07:30.6439179Z [gw0] [ 38%] SKIPPED tests/test_acvp_vectors.py::test_acvp_vec_ml_dsa_sig_keygen[SPHINCS+-SHA2-192f-simple] 
2026-01-14T17:07:30.6449735Z tests/test_acvp_vectors.py::test_acvp_vec_ml_dsa_sig_keygen[SPHINCS+-SHA2-192s-simple] 
2026-01-14T17:07:30.6455527Z [gw0] [ 38%] SKIPPED tests/test_acvp_vectors.py::test_acvp_vec_ml_dsa_sig_keygen[SPHINCS+-SHA2-192s-simple] 
2026-01-14T17:07:30.6465782Z tests/test_acvp_vectors.py::test_acvp_vec_ml_dsa_sig_keygen[SPHINCS+-SHA2-256f-simple] 
2026-01-14T17:07:30.6471527Z [gw0] [ 38%] SKIPPED tests/test_acvp_vectors.py::test_acvp_vec_ml_dsa_sig_keygen[SPHINCS+-SHA2-256f-simple] 
2026-01-14T17:07:30.6483606Z tests/test_acvp_vectors.py::test_acvp_vec_ml_dsa_sig_keygen[SPHINCS+-SHA2-256s-simple] 
2026-01-14T17:07:30.6489523Z [gw0] [ 38%] SKIPPED tests/test_acvp_vectors.py::test_acvp_vec_ml_dsa_sig_keygen[SPHINCS+-SHA2-256s-simple] 
2026-01-14T17:07:30.6499353Z tests/test_acvp_vectors.py::test_acvp_vec_ml_dsa_sig_keygen[SPHINCS+-SHAKE-128f-simple] 
2026-01-14T17:07:30.6514850Z [gw0] [ 38%] SKIPPED tests/test_acvp_vectors.py::test_acvp_vec_ml_dsa_sig_keygen[SPHINCS+-SHAKE-128f-simple] 
2026-01-14T17:07:30.6520041Z tests/test_acvp_vectors.py::test_acvp_vec_ml_dsa_sig_keygen[SPHINCS+-SHAKE-128s-simple] 
2026-01-14T17:07:30.6525452Z [gw0] [ 38%] SKIPPED tests/test_acvp_vectors.py::test_acvp_vec_ml_dsa_sig_keygen[SPHINCS+-SHAKE-128s-simple] 
2026-01-14T17:07:30.6535689Z tests/test_acvp_vectors.py::test_acvp_vec_ml_dsa_sig_keygen[SPHINCS+-SHAKE-192f-simple] 
2026-01-14T17:07:30.6541796Z [gw0] [ 38%] SKIPPED tests/test_acvp_vectors.py::test_acvp_vec_ml_dsa_sig_keygen[SPHINCS+-SHAKE-192f-simple] 
2026-01-14T17:07:30.6552418Z tests/test_acvp_vectors.py::test_acvp_vec_ml_dsa_sig_keygen[SPHINCS+-SHAKE-192s-simple] 
2026-01-14T17:07:30.6556030Z [gw0] [ 38%] SKIPPED tests/test_acvp_vectors.py::test_acvp_vec_ml_dsa_sig_keygen[SPHINCS+-SHAKE-192s-simple] 
2026-01-14T17:07:30.6565900Z tests/test_acvp_vectors.py::test_acvp_vec_ml_dsa_sig_keygen[SPHINCS+-SHAKE-256f-simple] 
2026-01-14T17:07:30.6570826Z [gw0] [ 38%] SKIPPED tests/test_acvp_vectors.py::test_acvp_vec_ml_dsa_sig_keygen[SPHINCS+-SHAKE-256f-simple] 
2026-01-14T17:07:30.6580470Z tests/test_acvp_vectors.py::test_acvp_vec_ml_dsa_sig_keygen[SPHINCS+-SHAKE-256s-simple] 
2026-01-14T17:07:30.6586447Z [gw0] [ 38%] SKIPPED tests/test_acvp_vectors.py::test_acvp_vec_ml_dsa_sig_keygen[SPHINCS+-SHAKE-256s-simple] 
2026-01-14T17:07:30.6594667Z tests/test_acvp_vectors.py::test_acvp_vec_ml_dsa_sig_keygen[MAYO-1] 
2026-01-14T17:07:30.6599808Z [gw0] [ 38%] SKIPPED tests/test_acvp_vectors.py::test_acvp_vec_ml_dsa_sig_keygen[MAYO-1] 
2026-01-14T17:07:30.6609596Z tests/test_acvp_vectors.py::test_acvp_vec_ml_dsa_sig_keygen[MAYO-2] 
2026-01-14T17:07:30.6616730Z [gw0] [ 38%] SKIPPED tests/test_acvp_vectors.py::test_acvp_vec_ml_dsa_sig_keygen[MAYO-2] 
2026-01-14T17:07:30.6625953Z tests/test_acvp_vectors.py::test_acvp_vec_ml_dsa_sig_keygen[MAYO-3] 
2026-01-14T17:07:30.6631561Z [gw0] [ 38%] SKIPPED tests/test_acvp_vectors.py::test_acvp_vec_ml_dsa_sig_keygen[MAYO-3] 
2026-01-14T17:07:30.6641895Z tests/test_acvp_vectors.py::test_acvp_vec_ml_dsa_sig_keygen[MAYO-5] 
2026-01-14T17:07:30.6647958Z [gw0] [ 39%] SKIPPED tests/test_acvp_vectors.py::test_acvp_vec_ml_dsa_sig_keygen[MAYO-5] 
2026-01-14T17:07:30.6657916Z tests/test_acvp_vectors.py::test_acvp_vec_ml_dsa_sig_keygen[cross-rsdp-128-balanced] 
2026-01-14T17:07:30.6664042Z [gw0] [ 39%] SKIPPED tests/test_acvp_vectors.py::test_acvp_vec_ml_dsa_sig_keygen[cross-rsdp-128-balanced] 
2026-01-14T17:07:30.6673813Z tests/test_acvp_vectors.py::test_acvp_vec_ml_dsa_sig_keygen[cross-rsdp-128-fast] 
2026-01-14T17:07:30.6678947Z [gw0] [ 39%] SKIPPED tests/test_acvp_vectors.py::test_acvp_vec_ml_dsa_sig_keygen[cross-rsdp-128-fast] 
2026-01-14T17:07:30.6690670Z tests/test_acvp_vectors.py::test_acvp_vec_ml_dsa_sig_keygen[cross-rsdp-128-small] 
2026-01-14T17:07:30.6696736Z [gw0] [ 39%] SKIPPED tests/test_acvp_vectors.py::test_acvp_vec_ml_dsa_sig_keygen[cross-rsdp-128-small] 
2026-01-14T17:07:30.6706912Z tests/test_acvp_vectors.py::test_acvp_vec_ml_dsa_sig_keygen[cross-rsdp-192-balanced] 
2026-01-14T17:07:30.6716116Z [gw0] [ 39%] SKIPPED tests/test_acvp_vectors.py::test_acvp_vec_ml_dsa_sig_keygen[cross-rsdp-192-balanced] 
2026-01-14T17:07:30.6722827Z tests/test_acvp_vectors.py::test_acvp_vec_ml_dsa_sig_keygen[cross-rsdp-192-fast] 
2026-01-14T17:07:30.6729381Z [gw0] [ 39%] SKIPPED tests/test_acvp_vectors.py::test_acvp_vec_ml_dsa_sig_keygen[cross-rsdp-192-fast] 
2026-01-14T17:07:30.6739970Z tests/test_acvp_vectors.py::test_acvp_vec_ml_dsa_sig_keygen[cross-rsdp-192-small] 
2026-01-14T17:07:30.6747176Z [gw0] [ 39%] SKIPPED tests/test_acvp_vectors.py::test_acvp_vec_ml_dsa_sig_keygen[cross-rsdp-192-small] 
2026-01-14T17:07:30.6757727Z tests/test_acvp_vectors.py::test_acvp_vec_ml_dsa_sig_keygen[cross-rsdp-256-balanced] 
2026-01-14T17:07:30.6763415Z [gw0] [ 39%] SKIPPED tests/test_acvp_vectors.py::test_acvp_vec_ml_dsa_sig_keygen[cross-rsdp-256-balanced] 
2026-01-14T17:07:30.6773854Z tests/test_acvp_vectors.py::test_acvp_vec_ml_dsa_sig_keygen[cross-rsdp-256-fast] 
2026-01-14T17:07:30.6780460Z [gw0] [ 39%] SKIPPED tests/test_acvp_vectors.py::test_acvp_vec_ml_dsa_sig_keygen[cross-rsdp-256-fast] 
2026-01-14T17:07:30.6791644Z tests/test_acvp_vectors.py::test_acvp_vec_ml_dsa_sig_keygen[cross-rsdp-256-small] 
2026-01-14T17:07:30.6800096Z [gw0] [ 39%] SKIPPED tests/test_acvp_vectors.py::test_acvp_vec_ml_dsa_sig_keygen[cross-rsdp-256-small] 
2026-01-14T17:07:30.6810142Z tests/test_acvp_vectors.py::test_acvp_vec_ml_dsa_sig_keygen[cross-rsdpg-128-balanced] 
2026-01-14T17:07:30.6814361Z [gw0] [ 39%] SKIPPED tests/test_acvp_vectors.py::test_acvp_vec_ml_dsa_sig_keygen[cross-rsdpg-128-balanced] 
2026-01-14T17:07:30.6823697Z tests/test_acvp_vectors.py::test_acvp_vec_ml_dsa_sig_keygen[cross-rsdpg-128-fast] 
2026-01-14T17:07:30.6829016Z [gw0] [ 39%] SKIPPED tests/test_acvp_vectors.py::test_acvp_vec_ml_dsa_sig_keygen[cross-rsdpg-128-fast] 
2026-01-14T17:07:30.6839286Z tests/test_acvp_vectors.py::test_acvp_vec_ml_dsa_sig_keygen[cross-rsdpg-128-small] 
2026-01-14T17:07:30.6845321Z [gw0] [ 39%] SKIPPED tests/test_acvp_vectors.py::test_acvp_vec_ml_dsa_sig_keygen[cross-rsdpg-128-small] 
2026-01-14T17:07:30.6854253Z tests/test_acvp_vectors.py::test_acvp_vec_ml_dsa_sig_keygen[cross-rsdpg-192-balanced] 
2026-01-14T17:07:30.6856596Z [gw1] [ 39%] PASSED tests/test_alg_info.py::test_alg_info_kem[Classic-McEliece-348864] 
2026-01-14T17:07:30.6859675Z tests/test_alg_info.py::test_alg_info_kem[Classic-McEliece-348864f] 
2026-01-14T17:07:30.6866936Z [gw0] [ 39%] SKIPPED tests/test_acvp_vectors.py::test_acvp_vec_ml_dsa_sig_keygen[cross-rsdpg-192-balanced] 
2026-01-14T17:07:30.6875973Z tests/test_acvp_vectors.py::test_acvp_vec_ml_dsa_sig_keygen[cross-rsdpg-192-fast] 
2026-01-14T17:07:30.6882298Z [gw0] [ 39%] SKIPPED tests/test_acvp_vectors.py::test_acvp_vec_ml_dsa_sig_keygen[cross-rsdpg-192-fast] 
2026-01-14T17:07:30.6892473Z tests/test_acvp_vectors.py::test_acvp_vec_ml_dsa_sig_keygen[cross-rsdpg-192-small] 
2026-01-14T17:07:30.6900722Z [gw0] [ 39%] SKIPPED tests/test_acvp_vectors.py::test_acvp_vec_ml_dsa_sig_keygen[cross-rsdpg-192-small] 
2026-01-14T17:07:30.6920943Z tests/test_acvp_vectors.py::test_acvp_vec_ml_dsa_sig_keygen[cross-rsdpg-256-balanced] 
2026-01-14T17:07:30.6922794Z [gw0] [ 39%] SKIPPED tests/test_acvp_vectors.py::test_acvp_vec_ml_dsa_sig_keygen[cross-rsdpg-256-balanced] 
2026-01-14T17:07:30.6935312Z tests/test_acvp_vectors.py::test_acvp_vec_ml_dsa_sig_keygen[cross-rsdpg-256-fast] 
2026-01-14T17:07:30.6938130Z [gw0] [ 39%] SKIPPED tests/test_acvp_vectors.py::test_acvp_vec_ml_dsa_sig_keygen[cross-rsdpg-256-fast] 
2026-01-14T17:07:30.6948294Z tests/test_acvp_vectors.py::test_acvp_vec_ml_dsa_sig_keygen[cross-rsdpg-256-small] 
2026-01-14T17:07:30.6950223Z [gw0] [ 39%] SKIPPED tests/test_acvp_vectors.py::test_acvp_vec_ml_dsa_sig_keygen[cross-rsdpg-256-small] 
2026-01-14T17:07:30.6958662Z tests/test_acvp_vectors.py::test_acvp_vec_ml_dsa_sig_keygen[OV-Is] 
2026-01-14T17:07:30.6965299Z [gw0] [ 39%] SKIPPED tests/test_acvp_vectors.py::test_acvp_vec_ml_dsa_sig_keygen[OV-Is] 
2026-01-14T17:07:30.6976336Z tests/test_acvp_vectors.py::test_acvp_vec_ml_dsa_sig_keygen[OV-Ip] 
2026-01-14T17:07:30.6983848Z [gw0] [ 39%] SKIPPED tests/test_acvp_vectors.py::test_acvp_vec_ml_dsa_sig_keygen[OV-Ip] 
2026-01-14T17:07:30.6994817Z tests/test_acvp_vectors.py::test_acvp_vec_ml_dsa_sig_keygen[OV-III] 
2026-01-14T17:07:30.7000621Z [gw0] [ 39%] SKIPPED tests/test_acvp_vectors.py::test_acvp_vec_ml_dsa_sig_keygen[OV-III] 
2026-01-14T17:07:30.7010910Z tests/test_acvp_vectors.py::test_acvp_vec_ml_dsa_sig_keygen[OV-V] 
2026-01-14T17:07:30.7016363Z [gw0] [ 39%] SKIPPED tests/test_acvp_vectors.py::test_acvp_vec_ml_dsa_sig_keygen[OV-V] 
2026-01-14T17:07:30.7028875Z tests/test_acvp_vectors.py::test_acvp_vec_ml_dsa_sig_keygen[OV-Is-pkc] 
2026-01-14T17:07:30.7034496Z [gw0] [ 39%] SKIPPED tests/test_acvp_vectors.py::test_acvp_vec_ml_dsa_sig_keygen[OV-Is-pkc] 
2026-01-14T17:07:30.7046444Z tests/test_acvp_vectors.py::test_acvp_vec_ml_dsa_sig_keygen[OV-Ip-pkc] 
2026-01-14T17:07:30.7051953Z [gw0] [ 39%] SKIPPED tests/test_acvp_vectors.py::test_acvp_vec_ml_dsa_sig_keygen[OV-Ip-pkc] 
2026-01-14T17:07:30.7063355Z tests/test_acvp_vectors.py::test_acvp_vec_ml_dsa_sig_keygen[OV-III-pkc] 
2026-01-14T17:07:30.7069573Z [gw0] [ 39%] SKIPPED tests/test_acvp_vectors.py::test_acvp_vec_ml_dsa_sig_keygen[OV-III-pkc] 
2026-01-14T17:07:30.7081823Z tests/test_acvp_vectors.py::test_acvp_vec_ml_dsa_sig_keygen[OV-V-pkc] 
2026-01-14T17:07:30.7089725Z [gw0] [ 39%] SKIPPED tests/test_acvp_vectors.py::test_acvp_vec_ml_dsa_sig_keygen[OV-V-pkc] 
2026-01-14T17:07:30.7099710Z tests/test_acvp_vectors.py::test_acvp_vec_ml_dsa_sig_keygen[OV-Is-pkc-skc] 
2026-01-14T17:07:30.7106882Z [gw0] [ 39%] SKIPPED tests/test_acvp_vectors.py::test_acvp_vec_ml_dsa_sig_keygen[OV-Is-pkc-skc] 
2026-01-14T17:07:30.7119449Z tests/test_acvp_vectors.py::test_acvp_vec_ml_dsa_sig_keygen[OV-Ip-pkc-skc] 
2026-01-14T17:07:30.7129914Z [gw0] [ 39%] SKIPPED tests/test_acvp_vectors.py::test_acvp_vec_ml_dsa_sig_keygen[OV-Ip-pkc-skc] 
2026-01-14T17:07:30.7139070Z tests/test_acvp_vectors.py::test_acvp_vec_ml_dsa_sig_keygen[OV-III-pkc-skc] 
2026-01-14T17:07:30.7144334Z [gw0] [ 40%] SKIPPED tests/test_acvp_vectors.py::test_acvp_vec_ml_dsa_sig_keygen[OV-III-pkc-skc] 
2026-01-14T17:07:30.7157070Z tests/test_acvp_vectors.py::test_acvp_vec_ml_dsa_sig_keygen[OV-V-pkc-skc] 
2026-01-14T17:07:30.7162537Z [gw0] [ 40%] SKIPPED tests/test_acvp_vectors.py::test_acvp_vec_ml_dsa_sig_keygen[OV-V-pkc-skc] 
2026-01-14T17:07:30.7174416Z tests/test_acvp_vectors.py::test_acvp_vec_ml_dsa_sig_keygen[SNOVA_24_5_4] 
2026-01-14T17:07:30.7204441Z [gw0] [ 40%] SKIPPED tests/test_acvp_vectors.py::test_acvp_vec_ml_dsa_sig_keygen[SNOVA_24_5_4] 
2026-01-14T17:07:30.7205724Z tests/test_acvp_vectors.py::test_acvp_vec_ml_dsa_sig_keygen[SNOVA_24_5_4_SHAKE] 
2026-01-14T17:07:30.7206517Z [gw0] [ 40%] SKIPPED tests/test_acvp_vectors.py::test_acvp_vec_ml_dsa_sig_keygen[SNOVA_24_5_4_SHAKE] 
2026-01-14T17:07:30.7210711Z tests/test_acvp_vectors.py::test_acvp_vec_ml_dsa_sig_keygen[SNOVA_24_5_4_esk] 
2026-01-14T17:07:30.7216412Z [gw0] [ 40%] SKIPPED tests/test_acvp_vectors.py::test_acvp_vec_ml_dsa_sig_keygen[SNOVA_24_5_4_esk] 
2026-01-14T17:07:30.7227531Z tests/test_acvp_vectors.py::test_acvp_vec_ml_dsa_sig_keygen[SNOVA_24_5_4_SHAKE_esk] 
2026-01-14T17:07:30.7234817Z [gw0] [ 40%] SKIPPED tests/test_acvp_vectors.py::test_acvp_vec_ml_dsa_sig_keygen[SNOVA_24_5_4_SHAKE_esk] 
2026-01-14T17:07:30.7247692Z tests/test_acvp_vectors.py::test_acvp_vec_ml_dsa_sig_keygen[SNOVA_37_17_2] 
2026-01-14T17:07:30.7253142Z [gw0] [ 40%] SKIPPED tests/test_acvp_vectors.py::test_acvp_vec_ml_dsa_sig_keygen[SNOVA_37_17_2] 
2026-01-14T17:07:30.7265188Z tests/test_acvp_vectors.py::test_acvp_vec_ml_dsa_sig_keygen[SNOVA_25_8_3] 
2026-01-14T17:07:30.7271597Z [gw0] [ 40%] SKIPPED tests/test_acvp_vectors.py::test_acvp_vec_ml_dsa_sig_keygen[SNOVA_25_8_3] 
2026-01-14T17:07:30.7284356Z tests/test_acvp_vectors.py::test_acvp_vec_ml_dsa_sig_keygen[SNOVA_56_25_2] 
2026-01-14T17:07:30.7290094Z [gw0] [ 40%] SKIPPED tests/test_acvp_vectors.py::test_acvp_vec_ml_dsa_sig_keygen[SNOVA_56_25_2] 
2026-01-14T17:07:30.7303072Z tests/test_acvp_vectors.py::test_acvp_vec_ml_dsa_sig_keygen[SNOVA_49_11_3] 
2026-01-14T17:07:30.7308567Z [gw0] [ 40%] SKIPPED tests/test_acvp_vectors.py::test_acvp_vec_ml_dsa_sig_keygen[SNOVA_49_11_3] 
2026-01-14T17:07:30.7320930Z tests/test_acvp_vectors.py::test_acvp_vec_ml_dsa_sig_keygen[SNOVA_37_8_4] 
2026-01-14T17:07:30.7326141Z [gw0] [ 40%] SKIPPED tests/test_acvp_vectors.py::test_acvp_vec_ml_dsa_sig_keygen[SNOVA_37_8_4] 
2026-01-14T17:07:30.7338210Z tests/test_acvp_vectors.py::test_acvp_vec_ml_dsa_sig_keygen[SNOVA_24_5_5] 
2026-01-14T17:07:30.7360737Z [gw0] [ 40%] SKIPPED tests/test_acvp_vectors.py::test_acvp_vec_ml_dsa_sig_keygen[SNOVA_24_5_5] 
2026-01-14T17:07:30.7361785Z tests/test_acvp_vectors.py::test_acvp_vec_ml_dsa_sig_keygen[SNOVA_60_10_4] 
2026-01-14T17:07:30.7368419Z [gw0] [ 40%] SKIPPED tests/test_acvp_vectors.py::test_acvp_vec_ml_dsa_sig_keygen[SNOVA_60_10_4] 
2026-01-14T17:07:30.7377726Z tests/test_acvp_vectors.py::test_acvp_vec_ml_dsa_sig_keygen[SNOVA_29_6_5] 
2026-01-14T17:07:30.7383252Z [gw0] [ 40%] SKIPPED tests/test_acvp_vectors.py::test_acvp_vec_ml_dsa_sig_keygen[SNOVA_29_6_5] 
2026-01-14T17:07:30.7396444Z tests/test_acvp_vectors.py::test_acvp_vec_ml_dsa_sig_keygen[SLH_DSA_PURE_SHA2_128S] 
2026-01-14T17:07:30.7401818Z [gw0] [ 40%] SKIPPED tests/test_acvp_vectors.py::test_acvp_vec_ml_dsa_sig_keygen[SLH_DSA_PURE_SHA2_128S] 
2026-01-14T17:07:30.7414746Z tests/test_acvp_vectors.py::test_acvp_vec_ml_dsa_sig_keygen[SLH_DSA_PURE_SHA2_128F] 
2026-01-14T17:07:30.7420462Z [gw0] [ 40%] SKIPPED tests/test_acvp_vectors.py::test_acvp_vec_ml_dsa_sig_keygen[SLH_DSA_PURE_SHA2_128F] 
2026-01-14T17:07:30.7434816Z tests/test_acvp_vectors.py::test_acvp_vec_ml_dsa_sig_keygen[SLH_DSA_PURE_SHA2_192S] 
2026-01-14T17:07:30.7440684Z [gw0] [ 40%] SKIPPED tests/test_acvp_vectors.py::test_acvp_vec_ml_dsa_sig_keygen[SLH_DSA_PURE_SHA2_192S] 
2026-01-14T17:07:30.7453494Z tests/test_acvp_vectors.py::test_acvp_vec_ml_dsa_sig_keygen[SLH_DSA_PURE_SHA2_192F] 
2026-01-14T17:07:30.7459284Z [gw0] [ 40%] SKIPPED tests/test_acvp_vectors.py::test_acvp_vec_ml_dsa_sig_keygen[SLH_DSA_PURE_SHA2_192F] 
2026-01-14T17:07:30.7472324Z tests/test_acvp_vectors.py::test_acvp_vec_ml_dsa_sig_keygen[SLH_DSA_PURE_SHA2_256S] 
2026-01-14T17:07:30.7489576Z [gw0] [ 40%] SKIPPED tests/test_acvp_vectors.py::test_acvp_vec_ml_dsa_sig_keygen[SLH_DSA_PURE_SHA2_256S] 
2026-01-14T17:07:30.7493768Z tests/test_acvp_vectors.py::test_acvp_vec_ml_dsa_sig_keygen[SLH_DSA_PURE_SHA2_256F] 
2026-01-14T17:07:30.7499913Z [gw0] [ 40%] SKIPPED tests/test_acvp_vectors.py::test_acvp_vec_ml_dsa_sig_keygen[SLH_DSA_PURE_SHA2_256F] 
2026-01-14T17:07:30.7513514Z tests/test_acvp_vectors.py::test_acvp_vec_ml_dsa_sig_keygen[SLH_DSA_PURE_SHAKE_128S] 
2026-01-14T17:07:30.7519251Z [gw0] [ 40%] SKIPPED tests/test_acvp_vectors.py::test_acvp_vec_ml_dsa_sig_keygen[SLH_DSA_PURE_SHAKE_128S] 
2026-01-14T17:07:30.7532132Z tests/test_acvp_vectors.py::test_acvp_vec_ml_dsa_sig_keygen[SLH_DSA_PURE_SHAKE_128F] 
2026-01-14T17:07:30.7576329Z [gw0] [ 40%] SKIPPED tests/test_acvp_vectors.py::test_acvp_vec_ml_dsa_sig_keygen[SLH_DSA_PURE_SHAKE_128F] 
2026-01-14T17:07:30.7578776Z tests/test_acvp_vectors.py::test_acvp_vec_ml_dsa_sig_keygen[SLH_DSA_PURE_SHAKE_192S] 
2026-01-14T17:07:30.7581887Z [gw0] [ 40%] SKIPPED tests/test_acvp_vectors.py::test_acvp_vec_ml_dsa_sig_keygen[SLH_DSA_PURE_SHAKE_192S] 
2026-01-14T17:07:30.7583037Z tests/test_acvp_vectors.py::test_acvp_vec_ml_dsa_sig_keygen[SLH_DSA_PURE_SHAKE_192F] 
2026-01-14T17:07:30.7585494Z [gw0] [ 40%] SKIPPED tests/test_acvp_vectors.py::test_acvp_vec_ml_dsa_sig_keygen[SLH_DSA_PURE_SHAKE_192F] 
2026-01-14T17:07:30.7598057Z tests/test_acvp_vectors.py::test_acvp_vec_ml_dsa_sig_keygen[SLH_DSA_PURE_SHAKE_256S] 
2026-01-14T17:07:30.7606792Z [gw0] [ 40%] SKIPPED tests/test_acvp_vectors.py::test_acvp_vec_ml_dsa_sig_keygen[SLH_DSA_PURE_SHAKE_256S] 
2026-01-14T17:07:30.7616897Z tests/test_acvp_vectors.py::test_acvp_vec_ml_dsa_sig_keygen[SLH_DSA_PURE_SHAKE_256F] 
2026-01-14T17:07:30.7622774Z [gw0] [ 40%] SKIPPED tests/test_acvp_vectors.py::test_acvp_vec_ml_dsa_sig_keygen[SLH_DSA_PURE_SHAKE_256F] 
2026-01-14T17:07:30.7633721Z tests/test_acvp_vectors.py::test_acvp_vec_ml_dsa_sig_keygen[SLH_DSA_SHA2_224_PREHASH_SHA2_128S] 
2026-01-14T17:07:30.7641062Z [gw0] [ 40%] SKIPPED tests/test_acvp_vectors.py::test_acvp_vec_ml_dsa_sig_keygen[SLH_DSA_SHA2_224_PREHASH_SHA2_128S] 
2026-01-14T17:07:30.7654018Z tests/test_acvp_vectors.py::test_acvp_vec_ml_dsa_sig_keygen[SLH_DSA_SHA2_224_PREHASH_SHA2_128F] 
2026-01-14T17:07:30.7661305Z [gw0] [ 40%] SKIPPED tests/test_acvp_vectors.py::test_acvp_vec_ml_dsa_sig_keygen[SLH_DSA_SHA2_224_PREHASH_SHA2_128F] 
2026-01-14T17:07:30.7671449Z tests/test_acvp_vectors.py::test_acvp_vec_ml_dsa_sig_keygen[SLH_DSA_SHA2_224_PREHASH_SHA2_192S] 
2026-01-14T17:07:30.7677485Z [gw0] [ 40%] SKIPPED tests/test_acvp_vectors.py::test_acvp_vec_ml_dsa_sig_keygen[SLH_DSA_SHA2_224_PREHASH_SHA2_192S] 
2026-01-14T17:07:30.7688392Z tests/test_acvp_vectors.py::test_acvp_vec_ml_dsa_sig_keygen[SLH_DSA_SHA2_224_PREHASH_SHA2_192F] 
2026-01-14T17:07:30.7692928Z [gw0] [ 40%] SKIPPED tests/test_acvp_vectors.py::test_acvp_vec_ml_dsa_sig_keygen[SLH_DSA_SHA2_224_PREHASH_SHA2_192F] 
2026-01-14T17:07:30.7706167Z tests/test_acvp_vectors.py::test_acvp_vec_ml_dsa_sig_keygen[SLH_DSA_SHA2_224_PREHASH_SHA2_256S] 
2026-01-14T17:07:30.7711527Z [gw0] [ 40%] SKIPPED tests/test_acvp_vectors.py::test_acvp_vec_ml_dsa_sig_keygen[SLH_DSA_SHA2_224_PREHASH_SHA2_256S] 
2026-01-14T17:07:30.7722003Z tests/test_acvp_vectors.py::test_acvp_vec_ml_dsa_sig_keygen[SLH_DSA_SHA2_224_PREHASH_SHA2_256F] 
2026-01-14T17:07:30.7729024Z [gw0] [ 41%] SKIPPED tests/test_acvp_vectors.py::test_acvp_vec_ml_dsa_sig_keygen[SLH_DSA_SHA2_224_PREHASH_SHA2_256F] 
2026-01-14T17:07:30.7739721Z tests/test_acvp_vectors.py::test_acvp_vec_ml_dsa_sig_keygen[SLH_DSA_SHA2_224_PREHASH_SHAKE_128S] 
2026-01-14T17:07:30.7745714Z [gw0] [ 41%] SKIPPED tests/test_acvp_vectors.py::test_acvp_vec_ml_dsa_sig_keygen[SLH_DSA_SHA2_224_PREHASH_SHAKE_128S] 
2026-01-14T17:07:30.7758346Z tests/test_acvp_vectors.py::test_acvp_vec_ml_dsa_sig_keygen[SLH_DSA_SHA2_224_PREHASH_SHAKE_128F] 
2026-01-14T17:07:30.7765955Z [gw0] [ 41%] SKIPPED tests/test_acvp_vectors.py::test_acvp_vec_ml_dsa_sig_keygen[SLH_DSA_SHA2_224_PREHASH_SHAKE_128F] 
2026-01-14T17:07:30.7780227Z tests/test_acvp_vectors.py::test_acvp_vec_ml_dsa_sig_keygen[SLH_DSA_SHA2_224_PREHASH_SHAKE_192S] 
2026-01-14T17:07:30.7784239Z [gw0] [ 41%] SKIPPED tests/test_acvp_vectors.py::test_acvp_vec_ml_dsa_sig_keygen[SLH_DSA_SHA2_224_PREHASH_SHAKE_192S] 
2026-01-14T17:07:30.7796950Z tests/test_acvp_vectors.py::test_acvp_vec_ml_dsa_sig_keygen[SLH_DSA_SHA2_224_PREHASH_SHAKE_192F] 
2026-01-14T17:07:30.7802688Z [gw0] [ 41%] SKIPPED tests/test_acvp_vectors.py::test_acvp_vec_ml_dsa_sig_keygen[SLH_DSA_SHA2_224_PREHASH_SHAKE_192F] 
2026-01-14T17:07:30.7813966Z tests/test_acvp_vectors.py::test_acvp_vec_ml_dsa_sig_keygen[SLH_DSA_SHA2_224_PREHASH_SHAKE_256S] 
2026-01-14T17:07:30.7818548Z [gw0] [ 41%] SKIPPED tests/test_acvp_vectors.py::test_acvp_vec_ml_dsa_sig_keygen[SLH_DSA_SHA2_224_PREHASH_SHAKE_256S] 
2026-01-14T17:07:30.7830689Z tests/test_acvp_vectors.py::test_acvp_vec_ml_dsa_sig_keygen[SLH_DSA_SHA2_224_PREHASH_SHAKE_256F] 
2026-01-14T17:07:30.7836507Z [gw0] [ 41%] SKIPPED tests/test_acvp_vectors.py::test_acvp_vec_ml_dsa_sig_keygen[SLH_DSA_SHA2_224_PREHASH_SHAKE_256F] 
2026-01-14T17:07:30.7848899Z tests/test_acvp_vectors.py::test_acvp_vec_ml_dsa_sig_keygen[SLH_DSA_SHA2_256_PREHASH_SHA2_128S] 
2026-01-14T17:07:30.7853390Z [gw0] [ 41%] SKIPPED tests/test_acvp_vectors.py::test_acvp_vec_ml_dsa_sig_keygen[SLH_DSA_SHA2_256_PREHASH_SHA2_128S] 
2026-01-14T17:07:30.7865895Z tests/test_acvp_vectors.py::test_acvp_vec_ml_dsa_sig_keygen[SLH_DSA_SHA2_256_PREHASH_SHA2_128F] 
2026-01-14T17:07:30.7871881Z [gw0] [ 41%] SKIPPED tests/test_acvp_vectors.py::test_acvp_vec_ml_dsa_sig_keygen[SLH_DSA_SHA2_256_PREHASH_SHA2_128F] 
2026-01-14T17:07:30.7884586Z tests/test_acvp_vectors.py::test_acvp_vec_ml_dsa_sig_keygen[SLH_DSA_SHA2_256_PREHASH_SHA2_192S] 
2026-01-14T17:07:30.7892781Z [gw0] [ 41%] SKIPPED tests/test_acvp_vectors.py::test_acvp_vec_ml_dsa_sig_keygen[SLH_DSA_SHA2_256_PREHASH_SHA2_192S] 
2026-01-14T17:07:30.7904791Z tests/test_acvp_vectors.py::test_acvp_vec_ml_dsa_sig_keygen[SLH_DSA_SHA2_256_PREHASH_SHA2_192F] 
2026-01-14T17:07:30.7912828Z [gw0] [ 41%] SKIPPED tests/test_acvp_vectors.py::test_acvp_vec_ml_dsa_sig_keygen[SLH_DSA_SHA2_256_PREHASH_SHA2_192F] 
2026-01-14T17:07:30.7923373Z tests/test_acvp_vectors.py::test_acvp_vec_ml_dsa_sig_keygen[SLH_DSA_SHA2_256_PREHASH_SHA2_256S] 
2026-01-14T17:07:30.7928578Z [gw0] [ 41%] SKIPPED tests/test_acvp_vectors.py::test_acvp_vec_ml_dsa_sig_keygen[SLH_DSA_SHA2_256_PREHASH_SHA2_256S] 
2026-01-14T17:07:30.7940351Z tests/test_acvp_vectors.py::test_acvp_vec_ml_dsa_sig_keygen[SLH_DSA_SHA2_256_PREHASH_SHA2_256F] 
2026-01-14T17:07:30.7946301Z [gw0] [ 41%] SKIPPED tests/test_acvp_vectors.py::test_acvp_vec_ml_dsa_sig_keygen[SLH_DSA_SHA2_256_PREHASH_SHA2_256F] 
2026-01-14T17:07:30.7958075Z tests/test_acvp_vectors.py::test_acvp_vec_ml_dsa_sig_keygen[SLH_DSA_SHA2_256_PREHASH_SHAKE_128S] 
2026-01-14T17:07:30.7962692Z [gw0] [ 41%] SKIPPED tests/test_acvp_vectors.py::test_acvp_vec_ml_dsa_sig_keygen[SLH_DSA_SHA2_256_PREHASH_SHAKE_128S] 
2026-01-14T17:07:30.7974635Z tests/test_acvp_vectors.py::test_acvp_vec_ml_dsa_sig_keygen[SLH_DSA_SHA2_256_PREHASH_SHAKE_128F] 
2026-01-14T17:07:30.7981044Z [gw0] [ 41%] SKIPPED tests/test_acvp_vectors.py::test_acvp_vec_ml_dsa_sig_keygen[SLH_DSA_SHA2_256_PREHASH_SHAKE_128F] 
2026-01-14T17:07:30.7992921Z tests/test_acvp_vectors.py::test_acvp_vec_ml_dsa_sig_keygen[SLH_DSA_SHA2_256_PREHASH_SHAKE_192S] 
2026-01-14T17:07:30.7998914Z [gw0] [ 41%] SKIPPED tests/test_acvp_vectors.py::test_acvp_vec_ml_dsa_sig_keygen[SLH_DSA_SHA2_256_PREHASH_SHAKE_192S] 
2026-01-14T17:07:30.8010601Z tests/test_acvp_vectors.py::test_acvp_vec_ml_dsa_sig_keygen[SLH_DSA_SHA2_256_PREHASH_SHAKE_192F] 
2026-01-14T17:07:30.8018147Z [gw0] [ 41%] SKIPPED tests/test_acvp_vectors.py::test_acvp_vec_ml_dsa_sig_keygen[SLH_DSA_SHA2_256_PREHASH_SHAKE_192F] 
2026-01-14T17:07:30.8030602Z tests/test_acvp_vectors.py::test_acvp_vec_ml_dsa_sig_keygen[SLH_DSA_SHA2_256_PREHASH_SHAKE_256S] 
2026-01-14T17:07:30.8036233Z [gw0] [ 41%] SKIPPED tests/test_acvp_vectors.py::test_acvp_vec_ml_dsa_sig_keygen[SLH_DSA_SHA2_256_PREHASH_SHAKE_256S] 
2026-01-14T17:07:30.8047963Z tests/test_acvp_vectors.py::test_acvp_vec_ml_dsa_sig_keygen[SLH_DSA_SHA2_256_PREHASH_SHAKE_256F] 
2026-01-14T17:07:30.8052035Z [gw0] [ 41%] SKIPPED tests/test_acvp_vectors.py::test_acvp_vec_ml_dsa_sig_keygen[SLH_DSA_SHA2_256_PREHASH_SHAKE_256F] 
2026-01-14T17:07:30.8064183Z tests/test_acvp_vectors.py::test_acvp_vec_ml_dsa_sig_keygen[SLH_DSA_SHA2_384_PREHASH_SHA2_128S] 
2026-01-14T17:07:30.8071957Z [gw0] [ 41%] SKIPPED tests/test_acvp_vectors.py::test_acvp_vec_ml_dsa_sig_keygen[SLH_DSA_SHA2_384_PREHASH_SHA2_128S] 
2026-01-14T17:07:30.8082103Z tests/test_acvp_vectors.py::test_acvp_vec_ml_dsa_sig_keygen[SLH_DSA_SHA2_384_PREHASH_SHA2_128F] 
2026-01-14T17:07:30.8087385Z [gw0] [ 41%] SKIPPED tests/test_acvp_vectors.py::test_acvp_vec_ml_dsa_sig_keygen[SLH_DSA_SHA2_384_PREHASH_SHA2_128F] 
2026-01-14T17:07:30.8099954Z tests/test_acvp_vectors.py::test_acvp_vec_ml_dsa_sig_keygen[SLH_DSA_SHA2_384_PREHASH_SHA2_192S] 
2026-01-14T17:07:30.8105645Z [gw0] [ 41%] SKIPPED tests/test_acvp_vectors.py::test_acvp_vec_ml_dsa_sig_keygen[SLH_DSA_SHA2_384_PREHASH_SHA2_192S] 
2026-01-14T17:07:30.8118037Z tests/test_acvp_vectors.py::test_acvp_vec_ml_dsa_sig_keygen[SLH_DSA_SHA2_384_PREHASH_SHA2_192F] 
2026-01-14T17:07:30.8123082Z [gw0] [ 41%] SKIPPED tests/test_acvp_vectors.py::test_acvp_vec_ml_dsa_sig_keygen[SLH_DSA_SHA2_384_PREHASH_SHA2_192F] 
2026-01-14T17:07:30.8135684Z tests/test_acvp_vectors.py::test_acvp_vec_ml_dsa_sig_keygen[SLH_DSA_SHA2_384_PREHASH_SHA2_256S] 
2026-01-14T17:07:30.8143191Z [gw0] [ 41%] SKIPPED tests/test_acvp_vectors.py::test_acvp_vec_ml_dsa_sig_keygen[SLH_DSA_SHA2_384_PREHASH_SHA2_256S] 
2026-01-14T17:07:30.8155741Z tests/test_acvp_vectors.py::test_acvp_vec_ml_dsa_sig_keygen[SLH_DSA_SHA2_384_PREHASH_SHA2_256F] 
2026-01-14T17:07:30.8160664Z [gw0] [ 41%] SKIPPED tests/test_acvp_vectors.py::test_acvp_vec_ml_dsa_sig_keygen[SLH_DSA_SHA2_384_PREHASH_SHA2_256F] 
2026-01-14T17:07:30.8173664Z tests/test_acvp_vectors.py::test_acvp_vec_ml_dsa_sig_keygen[SLH_DSA_SHA2_384_PREHASH_SHAKE_128S] 
2026-01-14T17:07:30.8177378Z [gw0] [ 41%] SKIPPED tests/test_acvp_vectors.py::test_acvp_vec_ml_dsa_sig_keygen[SLH_DSA_SHA2_384_PREHASH_SHAKE_128S] 
2026-01-14T17:07:30.8190723Z tests/test_acvp_vectors.py::test_acvp_vec_ml_dsa_sig_keygen[SLH_DSA_SHA2_384_PREHASH_SHAKE_128F] 
2026-01-14T17:07:30.8200842Z [gw0] [ 41%] SKIPPED tests/test_acvp_vectors.py::test_acvp_vec_ml_dsa_sig_keygen[SLH_DSA_SHA2_384_PREHASH_SHAKE_128F] 
2026-01-14T17:07:30.8215385Z tests/test_acvp_vectors.py::test_acvp_vec_ml_dsa_sig_keygen[SLH_DSA_SHA2_384_PREHASH_SHAKE_192S] 
2026-01-14T17:07:30.8221446Z [gw0] [ 41%] SKIPPED tests/test_acvp_vectors.py::test_acvp_vec_ml_dsa_sig_keygen[SLH_DSA_SHA2_384_PREHASH_SHAKE_192S] 
2026-01-14T17:07:30.8233758Z tests/test_acvp_vectors.py::test_acvp_vec_ml_dsa_sig_keygen[SLH_DSA_SHA2_384_PREHASH_SHAKE_192F] 
2026-01-14T17:07:30.8239847Z [gw0] [ 41%] SKIPPED tests/test_acvp_vectors.py::test_acvp_vec_ml_dsa_sig_keygen[SLH_DSA_SHA2_384_PREHASH_SHAKE_192F] 
2026-01-14T17:07:30.8253950Z tests/test_acvp_vectors.py::test_acvp_vec_ml_dsa_sig_keygen[SLH_DSA_SHA2_384_PREHASH_SHAKE_256S] 
2026-01-14T17:07:30.8259306Z [gw0] [ 41%] SKIPPED tests/test_acvp_vectors.py::test_acvp_vec_ml_dsa_sig_keygen[SLH_DSA_SHA2_384_PREHASH_SHAKE_256S] 
2026-01-14T17:07:30.8285396Z tests/test_acvp_vectors.py::test_acvp_vec_ml_dsa_sig_keygen[SLH_DSA_SHA2_384_PREHASH_SHAKE_256F] 
2026-01-14T17:07:30.8287639Z [gw0] [ 41%] SKIPPED tests/test_acvp_vectors.py::test_acvp_vec_ml_dsa_sig_keygen[SLH_DSA_SHA2_384_PREHASH_SHAKE_256F] 
2026-01-14T17:07:30.8292021Z tests/test_acvp_vectors.py::test_acvp_vec_ml_dsa_sig_keygen[SLH_DSA_SHA2_512_PREHASH_SHA2_128S] 
2026-01-14T17:07:30.8298359Z [gw0] [ 42%] SKIPPED tests/test_acvp_vectors.py::test_acvp_vec_ml_dsa_sig_keygen[SLH_DSA_SHA2_512_PREHASH_SHA2_128S] 
2026-01-14T17:07:30.8310276Z tests/test_acvp_vectors.py::test_acvp_vec_ml_dsa_sig_keygen[SLH_DSA_SHA2_512_PREHASH_SHA2_128F] 
2026-01-14T17:07:30.8317747Z [gw0] [ 42%] SKIPPED tests/test_acvp_vectors.py::test_acvp_vec_ml_dsa_sig_keygen[SLH_DSA_SHA2_512_PREHASH_SHA2_128F] 
2026-01-14T17:07:30.8328880Z tests/test_acvp_vectors.py::test_acvp_vec_ml_dsa_sig_keygen[SLH_DSA_SHA2_512_PREHASH_SHA2_192S] 
2026-01-14T17:07:30.8335840Z [gw0] [ 42%] SKIPPED tests/test_acvp_vectors.py::test_acvp_vec_ml_dsa_sig_keygen[SLH_DSA_SHA2_512_PREHASH_SHA2_192S] 
2026-01-14T17:07:30.8347811Z tests/test_acvp_vectors.py::test_acvp_vec_ml_dsa_sig_keygen[SLH_DSA_SHA2_512_PREHASH_SHA2_192F] 
2026-01-14T17:07:30.8355086Z [gw0] [ 42%] SKIPPED tests/test_acvp_vectors.py::test_acvp_vec_ml_dsa_sig_keygen[SLH_DSA_SHA2_512_PREHASH_SHA2_192F] 
2026-01-14T17:07:30.8365866Z tests/test_acvp_vectors.py::test_acvp_vec_ml_dsa_sig_keygen[SLH_DSA_SHA2_512_PREHASH_SHA2_256S] 
2026-01-14T17:07:30.8370388Z [gw0] [ 42%] SKIPPED tests/test_acvp_vectors.py::test_acvp_vec_ml_dsa_sig_keygen[SLH_DSA_SHA2_512_PREHASH_SHA2_256S] 
2026-01-14T17:07:30.8383208Z tests/test_acvp_vectors.py::test_acvp_vec_ml_dsa_sig_keygen[SLH_DSA_SHA2_512_PREHASH_SHA2_256F] 
2026-01-14T17:07:30.8388474Z [gw0] [ 42%] SKIPPED tests/test_acvp_vectors.py::test_acvp_vec_ml_dsa_sig_keygen[SLH_DSA_SHA2_512_PREHASH_SHA2_256F] 
2026-01-14T17:07:30.8400958Z tests/test_acvp_vectors.py::test_acvp_vec_ml_dsa_sig_keygen[SLH_DSA_SHA2_512_PREHASH_SHAKE_128S] 
2026-01-14T17:07:30.8409268Z [gw0] [ 42%] SKIPPED tests/test_acvp_vectors.py::test_acvp_vec_ml_dsa_sig_keygen[SLH_DSA_SHA2_512_PREHASH_SHAKE_128S] 
2026-01-14T17:07:30.8420767Z tests/test_acvp_vectors.py::test_acvp_vec_ml_dsa_sig_keygen[SLH_DSA_SHA2_512_PREHASH_SHAKE_128F] 
2026-01-14T17:07:30.8425730Z [gw0] [ 42%] SKIPPED tests/test_acvp_vectors.py::test_acvp_vec_ml_dsa_sig_keygen[SLH_DSA_SHA2_512_PREHASH_SHAKE_128F] 
2026-01-14T17:07:30.8439909Z tests/test_acvp_vectors.py::test_acvp_vec_ml_dsa_sig_keygen[SLH_DSA_SHA2_512_PREHASH_SHAKE_192S] 
2026-01-14T17:07:30.8444402Z [gw0] [ 42%] SKIPPED tests/test_acvp_vectors.py::test_acvp_vec_ml_dsa_sig_keygen[SLH_DSA_SHA2_512_PREHASH_SHAKE_192S] 
2026-01-14T17:07:30.8456281Z tests/test_acvp_vectors.py::test_acvp_vec_ml_dsa_sig_keygen[SLH_DSA_SHA2_512_PREHASH_SHAKE_192F] 
2026-01-14T17:07:30.8461949Z [gw0] [ 42%] SKIPPED tests/test_acvp_vectors.py::test_acvp_vec_ml_dsa_sig_keygen[SLH_DSA_SHA2_512_PREHASH_SHAKE_192F] 
2026-01-14T17:07:30.8474544Z tests/test_acvp_vectors.py::test_acvp_vec_ml_dsa_sig_keygen[SLH_DSA_SHA2_512_PREHASH_SHAKE_256S] 
2026-01-14T17:07:30.8481153Z [gw0] [ 42%] SKIPPED tests/test_acvp_vectors.py::test_acvp_vec_ml_dsa_sig_keygen[SLH_DSA_SHA2_512_PREHASH_SHAKE_256S] 
2026-01-14T17:07:30.8490656Z tests/test_acvp_vectors.py::test_acvp_vec_ml_dsa_sig_keygen[SLH_DSA_SHA2_512_PREHASH_SHAKE_256F] 
2026-01-14T17:07:30.8497655Z [gw0] [ 42%] SKIPPED tests/test_acvp_vectors.py::test_acvp_vec_ml_dsa_sig_keygen[SLH_DSA_SHA2_512_PREHASH_SHAKE_256F] 
2026-01-14T17:07:30.8506511Z tests/test_acvp_vectors.py::test_acvp_vec_ml_dsa_sig_keygen[SLH_DSA_SHA2_512_224_PREHASH_SHA2_128S] 
2026-01-14T17:07:30.8509936Z [gw1] [ 42%] PASSED tests/test_alg_info.py::test_alg_info_kem[Classic-McEliece-348864f] 
2026-01-14T17:07:30.8514636Z tests/test_alg_info.py::test_alg_info_kem[Classic-McEliece-460896] 
2026-01-14T17:07:30.8526649Z [gw0] [ 42%] SKIPPED tests/test_acvp_vectors.py::test_acvp_vec_ml_dsa_sig_keygen[SLH_DSA_SHA2_512_224_PREHASH_SHA2_128S] 
2026-01-14T17:07:30.8531088Z tests/test_acvp_vectors.py::test_acvp_vec_ml_dsa_sig_keygen[SLH_DSA_SHA2_512_224_PREHASH_SHA2_128F] 
2026-01-14T17:07:30.8536841Z [gw0] [ 42%] SKIPPED tests/test_acvp_vectors.py::test_acvp_vec_ml_dsa_sig_keygen[SLH_DSA_SHA2_512_224_PREHASH_SHA2_128F] 
2026-01-14T17:07:30.8551542Z tests/test_acvp_vectors.py::test_acvp_vec_ml_dsa_sig_keygen[SLH_DSA_SHA2_512_224_PREHASH_SHA2_192S] 
2026-01-14T17:07:30.8556832Z [gw0] [ 42%] SKIPPED tests/test_acvp_vectors.py::test_acvp_vec_ml_dsa_sig_keygen[SLH_DSA_SHA2_512_224_PREHASH_SHA2_192S] 
2026-01-14T17:07:30.8571543Z tests/test_acvp_vectors.py::test_acvp_vec_ml_dsa_sig_keygen[SLH_DSA_SHA2_512_224_PREHASH_SHA2_192F] 
2026-01-14T17:07:30.8577548Z [gw0] [ 42%] SKIPPED tests/test_acvp_vectors.py::test_acvp_vec_ml_dsa_sig_keygen[SLH_DSA_SHA2_512_224_PREHASH_SHA2_192F] 
2026-01-14T17:07:30.8592847Z tests/test_acvp_vectors.py::test_acvp_vec_ml_dsa_sig_keygen[SLH_DSA_SHA2_512_224_PREHASH_SHA2_256S] 
2026-01-14T17:07:30.8598992Z [gw0] [ 42%] SKIPPED tests/test_acvp_vectors.py::test_acvp_vec_ml_dsa_sig_keygen[SLH_DSA_SHA2_512_224_PREHASH_SHA2_256S] 
2026-01-14T17:07:30.8613266Z tests/test_acvp_vectors.py::test_acvp_vec_ml_dsa_sig_keygen[SLH_DSA_SHA2_512_224_PREHASH_SHA2_256F] 
2026-01-14T17:07:30.8628624Z [gw0] [ 42%] SKIPPED tests/test_acvp_vectors.py::test_acvp_vec_ml_dsa_sig_keygen[SLH_DSA_SHA2_512_224_PREHASH_SHA2_256F] 
2026-01-14T17:07:30.8654526Z tests/test_acvp_vectors.py::test_acvp_vec_ml_dsa_sig_keygen[SLH_DSA_SHA2_512_224_PREHASH_SHAKE_128S] 
2026-01-14T17:07:30.8657045Z [gw0] [ 42%] SKIPPED tests/test_acvp_vectors.py::test_acvp_vec_ml_dsa_sig_keygen[SLH_DSA_SHA2_512_224_PREHASH_SHAKE_128S] 
2026-01-14T17:07:30.8658432Z tests/test_acvp_vectors.py::test_acvp_vec_ml_dsa_sig_keygen[SLH_DSA_SHA2_512_224_PREHASH_SHAKE_128F] 
2026-01-14T17:07:30.8663063Z [gw0] [ 42%] SKIPPED tests/test_acvp_vectors.py::test_acvp_vec_ml_dsa_sig_keygen[SLH_DSA_SHA2_512_224_PREHASH_SHAKE_128F] 
2026-01-14T17:07:30.8668902Z tests/test_acvp_vectors.py::test_acvp_vec_ml_dsa_sig_keygen[SLH_DSA_SHA2_512_224_PREHASH_SHAKE_192S] 
2026-01-14T17:07:30.8677046Z [gw0] [ 42%] SKIPPED tests/test_acvp_vectors.py::test_acvp_vec_ml_dsa_sig_keygen[SLH_DSA_SHA2_512_224_PREHASH_SHAKE_192S] 
2026-01-14T17:07:30.8689055Z tests/test_acvp_vectors.py::test_acvp_vec_ml_dsa_sig_keygen[SLH_DSA_SHA2_512_224_PREHASH_SHAKE_192F] 
2026-01-14T17:07:30.8695119Z [gw0] [ 42%] SKIPPED tests/test_acvp_vectors.py::test_acvp_vec_ml_dsa_sig_keygen[SLH_DSA_SHA2_512_224_PREHASH_SHAKE_192F] 
2026-01-14T17:07:30.8708523Z tests/test_acvp_vectors.py::test_acvp_vec_ml_dsa_sig_keygen[SLH_DSA_SHA2_512_224_PREHASH_SHAKE_256S] 
2026-01-14T17:07:30.8711525Z [gw0] [ 42%] SKIPPED tests/test_acvp_vectors.py::test_acvp_vec_ml_dsa_sig_keygen[SLH_DSA_SHA2_512_224_PREHASH_SHAKE_256S] 
2026-01-14T17:07:30.8725293Z tests/test_acvp_vectors.py::test_acvp_vec_ml_dsa_sig_keygen[SLH_DSA_SHA2_512_224_PREHASH_SHAKE_256F] 
2026-01-14T17:07:30.8729783Z [gw0] [ 42%] SKIPPED tests/test_acvp_vectors.py::test_acvp_vec_ml_dsa_sig_keygen[SLH_DSA_SHA2_512_224_PREHASH_SHAKE_256F] 
2026-01-14T17:07:30.8742736Z tests/test_acvp_vectors.py::test_acvp_vec_ml_dsa_sig_keygen[SLH_DSA_SHA2_512_256_PREHASH_SHA2_128S] 
2026-01-14T17:07:30.8747899Z [gw0] [ 42%] SKIPPED tests/test_acvp_vectors.py::test_acvp_vec_ml_dsa_sig_keygen[SLH_DSA_SHA2_512_256_PREHASH_SHA2_128S] 
2026-01-14T17:07:30.8760391Z tests/test_acvp_vectors.py::test_acvp_vec_ml_dsa_sig_keygen[SLH_DSA_SHA2_512_256_PREHASH_SHA2_128F] 
2026-01-14T17:07:30.8769560Z [gw0] [ 42%] SKIPPED tests/test_acvp_vectors.py::test_acvp_vec_ml_dsa_sig_keygen[SLH_DSA_SHA2_512_256_PREHASH_SHA2_128F] 
2026-01-14T17:07:30.8778785Z tests/test_acvp_vectors.py::test_acvp_vec_ml_dsa_sig_keygen[SLH_DSA_SHA2_512_256_PREHASH_SHA2_192S] 
2026-01-14T17:07:30.8784691Z [gw0] [ 42%] SKIPPED tests/test_acvp_vectors.py::test_acvp_vec_ml_dsa_sig_keygen[SLH_DSA_SHA2_512_256_PREHASH_SHA2_192S] 
2026-01-14T17:07:30.8798162Z tests/test_acvp_vectors.py::test_acvp_vec_ml_dsa_sig_keygen[SLH_DSA_SHA2_512_256_PREHASH_SHA2_192F] 
2026-01-14T17:07:30.8804693Z [gw0] [ 42%] SKIPPED tests/test_acvp_vectors.py::test_acvp_vec_ml_dsa_sig_keygen[SLH_DSA_SHA2_512_256_PREHASH_SHA2_192F] 
2026-01-14T17:07:30.8818039Z tests/test_acvp_vectors.py::test_acvp_vec_ml_dsa_sig_keygen[SLH_DSA_SHA2_512_256_PREHASH_SHA2_256S] 
2026-01-14T17:07:30.8823459Z [gw0] [ 42%] SKIPPED tests/test_acvp_vectors.py::test_acvp_vec_ml_dsa_sig_keygen[SLH_DSA_SHA2_512_256_PREHASH_SHA2_256S] 
2026-01-14T17:07:30.8836636Z tests/test_acvp_vectors.py::test_acvp_vec_ml_dsa_sig_keygen[SLH_DSA_SHA2_512_256_PREHASH_SHA2_256F] 
2026-01-14T17:07:30.8841612Z [gw0] [ 43%] SKIPPED tests/test_acvp_vectors.py::test_acvp_vec_ml_dsa_sig_keygen[SLH_DSA_SHA2_512_256_PREHASH_SHA2_256F] 
2026-01-14T17:07:30.8853869Z tests/test_acvp_vectors.py::test_acvp_vec_ml_dsa_sig_keygen[SLH_DSA_SHA2_512_256_PREHASH_SHAKE_128S] 
2026-01-14T17:07:30.8860132Z [gw0] [ 43%] SKIPPED tests/test_acvp_vectors.py::test_acvp_vec_ml_dsa_sig_keygen[SLH_DSA_SHA2_512_256_PREHASH_SHAKE_128S] 
2026-01-14T17:07:30.8872995Z tests/test_acvp_vectors.py::test_acvp_vec_ml_dsa_sig_keygen[SLH_DSA_SHA2_512_256_PREHASH_SHAKE_128F] 
2026-01-14T17:07:30.8877297Z [gw0] [ 43%] SKIPPED tests/test_acvp_vectors.py::test_acvp_vec_ml_dsa_sig_keygen[SLH_DSA_SHA2_512_256_PREHASH_SHAKE_128F] 
2026-01-14T17:07:30.8890304Z tests/test_acvp_vectors.py::test_acvp_vec_ml_dsa_sig_keygen[SLH_DSA_SHA2_512_256_PREHASH_SHAKE_192S] 
2026-01-14T17:07:30.8896052Z [gw0] [ 43%] SKIPPED tests/test_acvp_vectors.py::test_acvp_vec_ml_dsa_sig_keygen[SLH_DSA_SHA2_512_256_PREHASH_SHAKE_192S] 
2026-01-14T17:07:30.8908068Z tests/test_acvp_vectors.py::test_acvp_vec_ml_dsa_sig_keygen[SLH_DSA_SHA2_512_256_PREHASH_SHAKE_192F] 
2026-01-14T17:07:30.8912421Z [gw0] [ 43%] SKIPPED tests/test_acvp_vectors.py::test_acvp_vec_ml_dsa_sig_keygen[SLH_DSA_SHA2_512_256_PREHASH_SHAKE_192F] 
2026-01-14T17:07:30.8926129Z tests/test_acvp_vectors.py::test_acvp_vec_ml_dsa_sig_keygen[SLH_DSA_SHA2_512_256_PREHASH_SHAKE_256S] 
2026-01-14T17:07:30.8932576Z [gw0] [ 43%] SKIPPED tests/test_acvp_vectors.py::test_acvp_vec_ml_dsa_sig_keygen[SLH_DSA_SHA2_512_256_PREHASH_SHAKE_256S] 
2026-01-14T17:07:30.8945293Z tests/test_acvp_vectors.py::test_acvp_vec_ml_dsa_sig_keygen[SLH_DSA_SHA2_512_256_PREHASH_SHAKE_256F] 
2026-01-14T17:07:30.8951279Z [gw0] [ 43%] SKIPPED tests/test_acvp_vectors.py::test_acvp_vec_ml_dsa_sig_keygen[SLH_DSA_SHA2_512_256_PREHASH_SHAKE_256F] 
2026-01-14T17:07:30.8964469Z tests/test_acvp_vectors.py::test_acvp_vec_ml_dsa_sig_keygen[SLH_DSA_SHA3_224_PREHASH_SHA2_128S] 
2026-01-14T17:07:30.8969133Z [gw0] [ 43%] SKIPPED tests/test_acvp_vectors.py::test_acvp_vec_ml_dsa_sig_keygen[SLH_DSA_SHA3_224_PREHASH_SHA2_128S] 
2026-01-14T17:07:30.8981686Z tests/test_acvp_vectors.py::test_acvp_vec_ml_dsa_sig_keygen[SLH_DSA_SHA3_224_PREHASH_SHA2_128F] 
2026-01-14T17:07:30.8986441Z [gw0] [ 43%] SKIPPED tests/test_acvp_vectors.py::test_acvp_vec_ml_dsa_sig_keygen[SLH_DSA_SHA3_224_PREHASH_SHA2_128F] 
2026-01-14T17:07:30.8999696Z tests/test_acvp_vectors.py::test_acvp_vec_ml_dsa_sig_keygen[SLH_DSA_SHA3_224_PREHASH_SHA2_192S] 
2026-01-14T17:07:30.9006888Z [gw0] [ 43%] SKIPPED tests/test_acvp_vectors.py::test_acvp_vec_ml_dsa_sig_keygen[SLH_DSA_SHA3_224_PREHASH_SHA2_192S] 
2026-01-14T17:07:30.9018915Z tests/test_acvp_vectors.py::test_acvp_vec_ml_dsa_sig_keygen[SLH_DSA_SHA3_224_PREHASH_SHA2_192F] 
2026-01-14T17:07:30.9025456Z [gw0] [ 43%] SKIPPED tests/test_acvp_vectors.py::test_acvp_vec_ml_dsa_sig_keygen[SLH_DSA_SHA3_224_PREHASH_SHA2_192F] 
2026-01-14T17:07:30.9038687Z tests/test_acvp_vectors.py::test_acvp_vec_ml_dsa_sig_keygen[SLH_DSA_SHA3_224_PREHASH_SHA2_256S] 
2026-01-14T17:07:30.9043790Z [gw0] [ 43%] SKIPPED tests/test_acvp_vectors.py::test_acvp_vec_ml_dsa_sig_keygen[SLH_DSA_SHA3_224_PREHASH_SHA2_256S] 
2026-01-14T17:07:30.9056268Z tests/test_acvp_vectors.py::test_acvp_vec_ml_dsa_sig_keygen[SLH_DSA_SHA3_224_PREHASH_SHA2_256F] 
2026-01-14T17:07:30.9086597Z [gw0] [ 43%] SKIPPED tests/test_acvp_vectors.py::test_acvp_vec_ml_dsa_sig_keygen[SLH_DSA_SHA3_224_PREHASH_SHA2_256F] 
2026-01-14T17:07:30.9089311Z tests/test_acvp_vectors.py::test_acvp_vec_ml_dsa_sig_keygen[SLH_DSA_SHA3_224_PREHASH_SHAKE_128S] 
2026-01-14T17:07:30.9090520Z [gw0] [ 43%] SKIPPED tests/test_acvp_vectors.py::test_acvp_vec_ml_dsa_sig_keygen[SLH_DSA_SHA3_224_PREHASH_SHAKE_128S] 
2026-01-14T17:07:30.9094389Z tests/test_acvp_vectors.py::test_acvp_vec_ml_dsa_sig_keygen[SLH_DSA_SHA3_224_PREHASH_SHAKE_128F] 
2026-01-14T17:07:30.9102652Z [gw0] [ 43%] SKIPPED tests/test_acvp_vectors.py::test_acvp_vec_ml_dsa_sig_keygen[SLH_DSA_SHA3_224_PREHASH_SHAKE_128F] 
2026-01-14T17:07:30.9110606Z tests/test_acvp_vectors.py::test_acvp_vec_ml_dsa_sig_keygen[SLH_DSA_SHA3_224_PREHASH_SHAKE_192S] 
2026-01-14T17:07:30.9116606Z [gw0] [ 43%] SKIPPED tests/test_acvp_vectors.py::test_acvp_vec_ml_dsa_sig_keygen[SLH_DSA_SHA3_224_PREHASH_SHAKE_192S] 
2026-01-14T17:07:30.9129852Z tests/test_acvp_vectors.py::test_acvp_vec_ml_dsa_sig_keygen[SLH_DSA_SHA3_224_PREHASH_SHAKE_192F] 
2026-01-14T17:07:30.9135691Z [gw0] [ 43%] SKIPPED tests/test_acvp_vectors.py::test_acvp_vec_ml_dsa_sig_keygen[SLH_DSA_SHA3_224_PREHASH_SHAKE_192F] 
2026-01-14T17:07:30.9147932Z tests/test_acvp_vectors.py::test_acvp_vec_ml_dsa_sig_keygen[SLH_DSA_SHA3_224_PREHASH_SHAKE_256S] 
2026-01-14T17:07:30.9152870Z [gw0] [ 43%] SKIPPED tests/test_acvp_vectors.py::test_acvp_vec_ml_dsa_sig_keygen[SLH_DSA_SHA3_224_PREHASH_SHAKE_256S] 
2026-01-14T17:07:30.9165655Z tests/test_acvp_vectors.py::test_acvp_vec_ml_dsa_sig_keygen[SLH_DSA_SHA3_224_PREHASH_SHAKE_256F] 
2026-01-14T17:07:30.9171613Z [gw0] [ 43%] SKIPPED tests/test_acvp_vectors.py::test_acvp_vec_ml_dsa_sig_keygen[SLH_DSA_SHA3_224_PREHASH_SHAKE_256F] 
2026-01-14T17:07:30.9183664Z tests/test_acvp_vectors.py::test_acvp_vec_ml_dsa_sig_keygen[SLH_DSA_SHA3_256_PREHASH_SHA2_128S] 
2026-01-14T17:07:30.9191601Z [gw0] [ 43%] SKIPPED tests/test_acvp_vectors.py::test_acvp_vec_ml_dsa_sig_keygen[SLH_DSA_SHA3_256_PREHASH_SHA2_128S] 
2026-01-14T17:07:30.9207677Z tests/test_acvp_vectors.py::test_acvp_vec_ml_dsa_sig_keygen[SLH_DSA_SHA3_256_PREHASH_SHA2_128F] 
2026-01-14T17:07:30.9210671Z [gw0] [ 43%] SKIPPED tests/test_acvp_vectors.py::test_acvp_vec_ml_dsa_sig_keygen[SLH_DSA_SHA3_256_PREHASH_SHA2_128F] 
2026-01-14T17:07:30.9222518Z tests/test_acvp_vectors.py::test_acvp_vec_ml_dsa_sig_keygen[SLH_DSA_SHA3_256_PREHASH_SHA2_192S] 
2026-01-14T17:07:30.9227857Z [gw0] [ 43%] SKIPPED tests/test_acvp_vectors.py::test_acvp_vec_ml_dsa_sig_keygen[SLH_DSA_SHA3_256_PREHASH_SHA2_192S] 
2026-01-14T17:07:30.9240959Z tests/test_acvp_vectors.py::test_acvp_vec_ml_dsa_sig_keygen[SLH_DSA_SHA3_256_PREHASH_SHA2_192F] 
2026-01-14T17:07:30.9246733Z [gw0] [ 43%] SKIPPED tests/test_acvp_vectors.py::test_acvp_vec_ml_dsa_sig_keygen[SLH_DSA_SHA3_256_PREHASH_SHA2_192F] 
2026-01-14T17:07:30.9259467Z tests/test_acvp_vectors.py::test_acvp_vec_ml_dsa_sig_keygen[SLH_DSA_SHA3_256_PREHASH_SHA2_256S] 
2026-01-14T17:07:30.9264825Z [gw0] [ 43%] SKIPPED tests/test_acvp_vectors.py::test_acvp_vec_ml_dsa_sig_keygen[SLH_DSA_SHA3_256_PREHASH_SHA2_256S] 
2026-01-14T17:07:30.9276180Z tests/test_acvp_vectors.py::test_acvp_vec_ml_dsa_sig_keygen[SLH_DSA_SHA3_256_PREHASH_SHA2_256F] 
2026-01-14T17:07:30.9281590Z [gw0] [ 43%] SKIPPED tests/test_acvp_vectors.py::test_acvp_vec_ml_dsa_sig_keygen[SLH_DSA_SHA3_256_PREHASH_SHA2_256F] 
2026-01-14T17:07:30.9294737Z tests/test_acvp_vectors.py::test_acvp_vec_ml_dsa_sig_keygen[SLH_DSA_SHA3_256_PREHASH_SHAKE_128S] 
2026-01-14T17:07:30.9301095Z [gw0] [ 43%] SKIPPED tests/test_acvp_vectors.py::test_acvp_vec_ml_dsa_sig_keygen[SLH_DSA_SHA3_256_PREHASH_SHAKE_128S] 
2026-01-14T17:07:30.9312180Z tests/test_acvp_vectors.py::test_acvp_vec_ml_dsa_sig_keygen[SLH_DSA_SHA3_256_PREHASH_SHAKE_128F] 
2026-01-14T17:07:30.9319593Z [gw0] [ 43%] SKIPPED tests/test_acvp_vectors.py::test_acvp_vec_ml_dsa_sig_keygen[SLH_DSA_SHA3_256_PREHASH_SHAKE_128F] 
2026-01-14T17:07:30.9333197Z tests/test_acvp_vectors.py::test_acvp_vec_ml_dsa_sig_keygen[SLH_DSA_SHA3_256_PREHASH_SHAKE_192S] 
2026-01-14T17:07:30.9339172Z [gw0] [ 43%] SKIPPED tests/test_acvp_vectors.py::test_acvp_vec_ml_dsa_sig_keygen[SLH_DSA_SHA3_256_PREHASH_SHAKE_192S] 
2026-01-14T17:07:30.9351862Z tests/test_acvp_vectors.py::test_acvp_vec_ml_dsa_sig_keygen[SLH_DSA_SHA3_256_PREHASH_SHAKE_192F] 
2026-01-14T17:07:30.9356336Z [gw0] [ 43%] SKIPPED tests/test_acvp_vectors.py::test_acvp_vec_ml_dsa_sig_keygen[SLH_DSA_SHA3_256_PREHASH_SHAKE_192F] 
2026-01-14T17:07:30.9369168Z tests/test_acvp_vectors.py::test_acvp_vec_ml_dsa_sig_keygen[SLH_DSA_SHA3_256_PREHASH_SHAKE_256S] 
2026-01-14T17:07:30.9374098Z [gw0] [ 43%] SKIPPED tests/test_acvp_vectors.py::test_acvp_vec_ml_dsa_sig_keygen[SLH_DSA_SHA3_256_PREHASH_SHAKE_256S] 
2026-01-14T17:07:30.9387118Z tests/test_acvp_vectors.py::test_acvp_vec_ml_dsa_sig_keygen[SLH_DSA_SHA3_256_PREHASH_SHAKE_256F] 
2026-01-14T17:07:30.9392682Z [gw0] [ 43%] SKIPPED tests/test_acvp_vectors.py::test_acvp_vec_ml_dsa_sig_keygen[SLH_DSA_SHA3_256_PREHASH_SHAKE_256F] 
2026-01-14T17:07:30.9405953Z tests/test_acvp_vectors.py::test_acvp_vec_ml_dsa_sig_keygen[SLH_DSA_SHA3_384_PREHASH_SHA2_128S] 
2026-01-14T17:07:30.9410416Z [gw0] [ 44%] SKIPPED tests/test_acvp_vectors.py::test_acvp_vec_ml_dsa_sig_keygen[SLH_DSA_SHA3_384_PREHASH_SHA2_128S] 
2026-01-14T17:07:30.9423276Z tests/test_acvp_vectors.py::test_acvp_vec_ml_dsa_sig_keygen[SLH_DSA_SHA3_384_PREHASH_SHA2_128F] 
2026-01-14T17:07:30.9429392Z [gw0] [ 44%] SKIPPED tests/test_acvp_vectors.py::test_acvp_vec_ml_dsa_sig_keygen[SLH_DSA_SHA3_384_PREHASH_SHA2_128F] 
2026-01-14T17:07:30.9441824Z tests/test_acvp_vectors.py::test_acvp_vec_ml_dsa_sig_keygen[SLH_DSA_SHA3_384_PREHASH_SHA2_192S] 
2026-01-14T17:07:30.9450167Z [gw0] [ 44%] SKIPPED tests/test_acvp_vectors.py::test_acvp_vec_ml_dsa_sig_keygen[SLH_DSA_SHA3_384_PREHASH_SHA2_192S] 
2026-01-14T17:07:30.9463653Z tests/test_acvp_vectors.py::test_acvp_vec_ml_dsa_sig_keygen[SLH_DSA_SHA3_384_PREHASH_SHA2_192F] 
2026-01-14T17:07:30.9468149Z [gw0] [ 44%] SKIPPED tests/test_acvp_vectors.py::test_acvp_vec_ml_dsa_sig_keygen[SLH_DSA_SHA3_384_PREHASH_SHA2_192F] 
2026-01-14T17:07:30.9480973Z tests/test_acvp_vectors.py::test_acvp_vec_ml_dsa_sig_keygen[SLH_DSA_SHA3_384_PREHASH_SHA2_256S] 
2026-01-14T17:07:30.9486659Z [gw0] [ 44%] SKIPPED tests/test_acvp_vectors.py::test_acvp_vec_ml_dsa_sig_keygen[SLH_DSA_SHA3_384_PREHASH_SHA2_256S] 
2026-01-14T17:07:30.9499612Z tests/test_acvp_vectors.py::test_acvp_vec_ml_dsa_sig_keygen[SLH_DSA_SHA3_384_PREHASH_SHA2_256F] 
2026-01-14T17:07:30.9504205Z [gw0] [ 44%] SKIPPED tests/test_acvp_vectors.py::test_acvp_vec_ml_dsa_sig_keygen[SLH_DSA_SHA3_384_PREHASH_SHA2_256F] 
2026-01-14T17:07:30.9517097Z tests/test_acvp_vectors.py::test_acvp_vec_ml_dsa_sig_keygen[SLH_DSA_SHA3_384_PREHASH_SHAKE_128S] 
2026-01-14T17:07:30.9522208Z [gw0] [ 44%] SKIPPED tests/test_acvp_vectors.py::test_acvp_vec_ml_dsa_sig_keygen[SLH_DSA_SHA3_384_PREHASH_SHAKE_128S] 
2026-01-14T17:07:30.9535136Z tests/test_acvp_vectors.py::test_acvp_vec_ml_dsa_sig_keygen[SLH_DSA_SHA3_384_PREHASH_SHAKE_128F] 
2026-01-14T17:07:30.9541164Z [gw0] [ 44%] SKIPPED tests/test_acvp_vectors.py::test_acvp_vec_ml_dsa_sig_keygen[SLH_DSA_SHA3_384_PREHASH_SHAKE_128F] 
2026-01-14T17:07:30.9553543Z tests/test_acvp_vectors.py::test_acvp_vec_ml_dsa_sig_keygen[SLH_DSA_SHA3_384_PREHASH_SHAKE_192S] 
2026-01-14T17:07:30.9559551Z [gw0] [ 44%] SKIPPED tests/test_acvp_vectors.py::test_acvp_vec_ml_dsa_sig_keygen[SLH_DSA_SHA3_384_PREHASH_SHAKE_192S] 
2026-01-14T17:07:30.9571883Z tests/test_acvp_vectors.py::test_acvp_vec_ml_dsa_sig_keygen[SLH_DSA_SHA3_384_PREHASH_SHAKE_192F] 
2026-01-14T17:07:30.9579795Z [gw0] [ 44%] SKIPPED tests/test_acvp_vectors.py::test_acvp_vec_ml_dsa_sig_keygen[SLH_DSA_SHA3_384_PREHASH_SHAKE_192F] 
2026-01-14T17:07:30.9592988Z tests/test_acvp_vectors.py::test_acvp_vec_ml_dsa_sig_keygen[SLH_DSA_SHA3_384_PREHASH_SHAKE_256S] 
2026-01-14T17:07:30.9598150Z [gw0] [ 44%] SKIPPED tests/test_acvp_vectors.py::test_acvp_vec_ml_dsa_sig_keygen[SLH_DSA_SHA3_384_PREHASH_SHAKE_256S] 
2026-01-14T17:07:30.9611211Z tests/test_acvp_vectors.py::test_acvp_vec_ml_dsa_sig_keygen[SLH_DSA_SHA3_384_PREHASH_SHAKE_256F] 
2026-01-14T17:07:30.9617079Z [gw0] [ 44%] SKIPPED tests/test_acvp_vectors.py::test_acvp_vec_ml_dsa_sig_keygen[SLH_DSA_SHA3_384_PREHASH_SHAKE_256F] 
2026-01-14T17:07:30.9628910Z tests/test_acvp_vectors.py::test_acvp_vec_ml_dsa_sig_keygen[SLH_DSA_SHA3_512_PREHASH_SHA2_128S] 
2026-01-14T17:07:30.9634058Z [gw0] [ 44%] SKIPPED tests/test_acvp_vectors.py::test_acvp_vec_ml_dsa_sig_keygen[SLH_DSA_SHA3_512_PREHASH_SHA2_128S] 
2026-01-14T17:07:30.9647325Z tests/test_acvp_vectors.py::test_acvp_vec_ml_dsa_sig_keygen[SLH_DSA_SHA3_512_PREHASH_SHA2_128F] 
2026-01-14T17:07:30.9651981Z [gw0] [ 44%] SKIPPED tests/test_acvp_vectors.py::test_acvp_vec_ml_dsa_sig_keygen[SLH_DSA_SHA3_512_PREHASH_SHA2_128F] 
2026-01-14T17:07:30.9681503Z tests/test_acvp_vectors.py::test_acvp_vec_ml_dsa_sig_keygen[SLH_DSA_SHA3_512_PREHASH_SHA2_192S] 
2026-01-14T17:07:30.9682330Z [gw0] [ 44%] SKIPPED tests/test_acvp_vectors.py::test_acvp_vec_ml_dsa_sig_keygen[SLH_DSA_SHA3_512_PREHASH_SHA2_192S] 
2026-01-14T17:07:30.9688734Z tests/test_acvp_vectors.py::test_acvp_vec_ml_dsa_sig_keygen[SLH_DSA_SHA3_512_PREHASH_SHA2_192F] 
2026-01-14T17:07:30.9694685Z [gw0] [ 44%] SKIPPED tests/test_acvp_vectors.py::test_acvp_vec_ml_dsa_sig_keygen[SLH_DSA_SHA3_512_PREHASH_SHA2_192F] 
2026-01-14T17:07:30.9709238Z tests/test_acvp_vectors.py::test_acvp_vec_ml_dsa_sig_keygen[SLH_DSA_SHA3_512_PREHASH_SHA2_256S] 
2026-01-14T17:07:30.9717070Z [gw0] [ 44%] SKIPPED tests/test_acvp_vectors.py::test_acvp_vec_ml_dsa_sig_keygen[SLH_DSA_SHA3_512_PREHASH_SHA2_256S] 
2026-01-14T17:07:30.9731903Z tests/test_acvp_vectors.py::test_acvp_vec_ml_dsa_sig_keygen[SLH_DSA_SHA3_512_PREHASH_SHA2_256F] 
2026-01-14T17:07:30.9737896Z [gw0] [ 44%] SKIPPED tests/test_acvp_vectors.py::test_acvp_vec_ml_dsa_sig_keygen[SLH_DSA_SHA3_512_PREHASH_SHA2_256F] 
2026-01-14T17:07:30.9752779Z tests/test_acvp_vectors.py::test_acvp_vec_ml_dsa_sig_keygen[SLH_DSA_SHA3_512_PREHASH_SHAKE_128S] 
2026-01-14T17:07:30.9758794Z [gw0] [ 44%] SKIPPED tests/test_acvp_vectors.py::test_acvp_vec_ml_dsa_sig_keygen[SLH_DSA_SHA3_512_PREHASH_SHAKE_128S] 
2026-01-14T17:07:30.9773519Z tests/test_acvp_vectors.py::test_acvp_vec_ml_dsa_sig_keygen[SLH_DSA_SHA3_512_PREHASH_SHAKE_128F] 
2026-01-14T17:07:30.9779467Z [gw0] [ 44%] SKIPPED tests/test_acvp_vectors.py::test_acvp_vec_ml_dsa_sig_keygen[SLH_DSA_SHA3_512_PREHASH_SHAKE_128F] 
2026-01-14T17:07:30.9794672Z tests/test_acvp_vectors.py::test_acvp_vec_ml_dsa_sig_keygen[SLH_DSA_SHA3_512_PREHASH_SHAKE_192S] 
2026-01-14T17:07:30.9800286Z [gw0] [ 44%] SKIPPED tests/test_acvp_vectors.py::test_acvp_vec_ml_dsa_sig_keygen[SLH_DSA_SHA3_512_PREHASH_SHAKE_192S] 
2026-01-14T17:07:30.9815901Z tests/test_acvp_vectors.py::test_acvp_vec_ml_dsa_sig_keygen[SLH_DSA_SHA3_512_PREHASH_SHAKE_192F] 
2026-01-14T17:07:30.9821504Z [gw0] [ 44%] SKIPPED tests/test_acvp_vectors.py::test_acvp_vec_ml_dsa_sig_keygen[SLH_DSA_SHA3_512_PREHASH_SHAKE_192F] 
2026-01-14T17:07:30.9836299Z tests/test_acvp_vectors.py::test_acvp_vec_ml_dsa_sig_keygen[SLH_DSA_SHA3_512_PREHASH_SHAKE_256S] 
2026-01-14T17:07:30.9841623Z [gw0] [ 44%] SKIPPED tests/test_acvp_vectors.py::test_acvp_vec_ml_dsa_sig_keygen[SLH_DSA_SHA3_512_PREHASH_SHAKE_256S] 
2026-01-14T17:07:30.9856706Z tests/test_acvp_vectors.py::test_acvp_vec_ml_dsa_sig_keygen[SLH_DSA_SHA3_512_PREHASH_SHAKE_256F] 
2026-01-14T17:07:30.9864265Z [gw0] [ 44%] SKIPPED tests/test_acvp_vectors.py::test_acvp_vec_ml_dsa_sig_keygen[SLH_DSA_SHA3_512_PREHASH_SHAKE_256F] 
2026-01-14T17:07:30.9880108Z tests/test_acvp_vectors.py::test_acvp_vec_ml_dsa_sig_keygen[SLH_DSA_SHAKE_128_PREHASH_SHA2_128S] 
2026-01-14T17:07:30.9885605Z [gw0] [ 44%] SKIPPED tests/test_acvp_vectors.py::test_acvp_vec_ml_dsa_sig_keygen[SLH_DSA_SHAKE_128_PREHASH_SHA2_128S] 
2026-01-14T17:07:30.9900719Z tests/test_acvp_vectors.py::test_acvp_vec_ml_dsa_sig_keygen[SLH_DSA_SHAKE_128_PREHASH_SHA2_128F] 
2026-01-14T17:07:30.9906278Z [gw0] [ 44%] SKIPPED tests/test_acvp_vectors.py::test_acvp_vec_ml_dsa_sig_keygen[SLH_DSA_SHAKE_128_PREHASH_SHA2_128F] 
2026-01-14T17:07:30.9922289Z tests/test_acvp_vectors.py::test_acvp_vec_ml_dsa_sig_keygen[SLH_DSA_SHAKE_128_PREHASH_SHA2_192S] 
2026-01-14T17:07:30.9927108Z [gw0] [ 44%] SKIPPED tests/test_acvp_vectors.py::test_acvp_vec_ml_dsa_sig_keygen[SLH_DSA_SHAKE_128_PREHASH_SHA2_192S] 
2026-01-14T17:07:30.9942560Z tests/test_acvp_vectors.py::test_acvp_vec_ml_dsa_sig_keygen[SLH_DSA_SHAKE_128_PREHASH_SHA2_192F] 
2026-01-14T17:07:30.9948485Z [gw0] [ 44%] SKIPPED tests/test_acvp_vectors.py::test_acvp_vec_ml_dsa_sig_keygen[SLH_DSA_SHAKE_128_PREHASH_SHA2_192F] 
2026-01-14T17:07:30.9963337Z tests/test_acvp_vectors.py::test_acvp_vec_ml_dsa_sig_keygen[SLH_DSA_SHAKE_128_PREHASH_SHA2_256S] 
2026-01-14T17:07:30.9969086Z [gw0] [ 44%] SKIPPED tests/test_acvp_vectors.py::test_acvp_vec_ml_dsa_sig_keygen[SLH_DSA_SHAKE_128_PREHASH_SHA2_256S] 
2026-01-14T17:07:30.9984748Z tests/test_acvp_vectors.py::test_acvp_vec_ml_dsa_sig_keygen[SLH_DSA_SHAKE_128_PREHASH_SHA2_256F] 
2026-01-14T17:07:30.9989341Z [gw0] [ 44%] SKIPPED tests/test_acvp_vectors.py::test_acvp_vec_ml_dsa_sig_keygen[SLH_DSA_SHAKE_128_PREHASH_SHA2_256F] 
2026-01-14T17:07:31.0004664Z tests/test_acvp_vectors.py::test_acvp_vec_ml_dsa_sig_keygen[SLH_DSA_SHAKE_128_PREHASH_SHAKE_128S] 
2026-01-14T17:07:31.0012202Z [gw0] [ 44%] SKIPPED tests/test_acvp_vectors.py::test_acvp_vec_ml_dsa_sig_keygen[SLH_DSA_SHAKE_128_PREHASH_SHAKE_128S] 
2026-01-14T17:07:31.0035913Z tests/test_acvp_vectors.py::test_acvp_vec_ml_dsa_sig_keygen[SLH_DSA_SHAKE_128_PREHASH_SHAKE_128F] 
2026-01-14T17:07:31.0042035Z [gw0] [ 45%] SKIPPED tests/test_acvp_vectors.py::test_acvp_vec_ml_dsa_sig_keygen[SLH_DSA_SHAKE_128_PREHASH_SHAKE_128F] 
2026-01-14T17:07:31.0050736Z tests/test_acvp_vectors.py::test_acvp_vec_ml_dsa_sig_keygen[SLH_DSA_SHAKE_128_PREHASH_SHAKE_192S] 
2026-01-14T17:07:31.0053937Z [gw0] [ 45%] SKIPPED tests/test_acvp_vectors.py::test_acvp_vec_ml_dsa_sig_keygen[SLH_DSA_SHAKE_128_PREHASH_SHAKE_192S] 
2026-01-14T17:07:31.0059787Z [gw1] [ 45%] PASSED tests/test_alg_info.py::test_alg_info_kem[Classic-McEliece-460896] 
2026-01-14T17:07:31.0066032Z tests/test_acvp_vectors.py::test_acvp_vec_ml_dsa_sig_keygen[SLH_DSA_SHAKE_128_PREHASH_SHAKE_192F] 
2026-01-14T17:07:31.0075894Z tests/test_alg_info.py::test_alg_info_kem[Classic-McEliece-460896f] 
2026-01-14T17:07:31.0080166Z [gw0] [ 45%] SKIPPED tests/test_acvp_vectors.py::test_acvp_vec_ml_dsa_sig_keygen[SLH_DSA_SHAKE_128_PREHASH_SHAKE_192F] 
2026-01-14T17:07:31.0087422Z tests/test_acvp_vectors.py::test_acvp_vec_ml_dsa_sig_keygen[SLH_DSA_SHAKE_128_PREHASH_SHAKE_256S] 
2026-01-14T17:07:31.0096848Z [gw0] [ 45%] SKIPPED tests/test_acvp_vectors.py::test_acvp_vec_ml_dsa_sig_keygen[SLH_DSA_SHAKE_128_PREHASH_SHAKE_256S] 
2026-01-14T17:07:31.0100967Z tests/test_acvp_vectors.py::test_acvp_vec_ml_dsa_sig_keygen[SLH_DSA_SHAKE_128_PREHASH_SHAKE_256F] 
2026-01-14T17:07:31.0106229Z [gw0] [ 45%] SKIPPED tests/test_acvp_vectors.py::test_acvp_vec_ml_dsa_sig_keygen[SLH_DSA_SHAKE_128_PREHASH_SHAKE_256F] 
2026-01-14T17:07:31.0115189Z tests/test_acvp_vectors.py::test_acvp_vec_ml_dsa_sig_keygen[SLH_DSA_SHAKE_256_PREHASH_SHA2_128S] 
2026-01-14T17:07:31.0122489Z [gw0] [ 45%] SKIPPED tests/test_acvp_vectors.py::test_acvp_vec_ml_dsa_sig_keygen[SLH_DSA_SHAKE_256_PREHASH_SHA2_128S] 
2026-01-14T17:07:31.0131768Z tests/test_acvp_vectors.py::test_acvp_vec_ml_dsa_sig_keygen[SLH_DSA_SHAKE_256_PREHASH_SHA2_128F] 
2026-01-14T17:07:31.0139129Z [gw0] [ 45%] SKIPPED tests/test_acvp_vectors.py::test_acvp_vec_ml_dsa_sig_keygen[SLH_DSA_SHAKE_256_PREHASH_SHA2_128F] 
2026-01-14T17:07:31.0152725Z tests/test_acvp_vectors.py::test_acvp_vec_ml_dsa_sig_keygen[SLH_DSA_SHAKE_256_PREHASH_SHA2_192S] 
2026-01-14T17:07:31.0159112Z [gw0] [ 45%] SKIPPED tests/test_acvp_vectors.py::test_acvp_vec_ml_dsa_sig_keygen[SLH_DSA_SHAKE_256_PREHASH_SHA2_192S] 
2026-01-14T17:07:31.0172504Z tests/test_acvp_vectors.py::test_acvp_vec_ml_dsa_sig_keygen[SLH_DSA_SHAKE_256_PREHASH_SHA2_192F] 
2026-01-14T17:07:31.0177854Z [gw0] [ 45%] SKIPPED tests/test_acvp_vectors.py::test_acvp_vec_ml_dsa_sig_keygen[SLH_DSA_SHAKE_256_PREHASH_SHA2_192F] 
2026-01-14T17:07:31.0190114Z tests/test_acvp_vectors.py::test_acvp_vec_ml_dsa_sig_keygen[SLH_DSA_SHAKE_256_PREHASH_SHA2_256S] 
2026-01-14T17:07:31.0194857Z [gw0] [ 45%] SKIPPED tests/test_acvp_vectors.py::test_acvp_vec_ml_dsa_sig_keygen[SLH_DSA_SHAKE_256_PREHASH_SHA2_256S] 
2026-01-14T17:07:31.0208589Z tests/test_acvp_vectors.py::test_acvp_vec_ml_dsa_sig_keygen[SLH_DSA_SHAKE_256_PREHASH_SHA2_256F] 
2026-01-14T17:07:31.0213383Z [gw0] [ 45%] SKIPPED tests/test_acvp_vectors.py::test_acvp_vec_ml_dsa_sig_keygen[SLH_DSA_SHAKE_256_PREHASH_SHA2_256F] 
2026-01-14T17:07:31.0227054Z tests/test_acvp_vectors.py::test_acvp_vec_ml_dsa_sig_keygen[SLH_DSA_SHAKE_256_PREHASH_SHAKE_128S] 
2026-01-14T17:07:31.0231567Z [gw0] [ 45%] SKIPPED tests/test_acvp_vectors.py::test_acvp_vec_ml_dsa_sig_keygen[SLH_DSA_SHAKE_256_PREHASH_SHAKE_128S] 
2026-01-14T17:07:31.0244859Z tests/test_acvp_vectors.py::test_acvp_vec_ml_dsa_sig_keygen[SLH_DSA_SHAKE_256_PREHASH_SHAKE_128F] 
2026-01-14T17:07:31.0251026Z [gw0] [ 45%] SKIPPED tests/test_acvp_vectors.py::test_acvp_vec_ml_dsa_sig_keygen[SLH_DSA_SHAKE_256_PREHASH_SHAKE_128F] 
2026-01-14T17:07:31.0267063Z tests/test_acvp_vectors.py::test_acvp_vec_ml_dsa_sig_keygen[SLH_DSA_SHAKE_256_PREHASH_SHAKE_192S] 
2026-01-14T17:07:31.0275068Z [gw0] [ 45%] SKIPPED tests/test_acvp_vectors.py::test_acvp_vec_ml_dsa_sig_keygen[SLH_DSA_SHAKE_256_PREHASH_SHAKE_192S] 
2026-01-14T17:07:31.0291500Z tests/test_acvp_vectors.py::test_acvp_vec_ml_dsa_sig_keygen[SLH_DSA_SHAKE_256_PREHASH_SHAKE_192F] 
2026-01-14T17:07:31.0298654Z [gw0] [ 45%] SKIPPED tests/test_acvp_vectors.py::test_acvp_vec_ml_dsa_sig_keygen[SLH_DSA_SHAKE_256_PREHASH_SHAKE_192F] 
2026-01-14T17:07:31.0313621Z tests/test_acvp_vectors.py::test_acvp_vec_ml_dsa_sig_keygen[SLH_DSA_SHAKE_256_PREHASH_SHAKE_256S] 
2026-01-14T17:07:31.0319109Z [gw0] [ 45%] SKIPPED tests/test_acvp_vectors.py::test_acvp_vec_ml_dsa_sig_keygen[SLH_DSA_SHAKE_256_PREHASH_SHAKE_256S] 
2026-01-14T17:07:31.0333861Z tests/test_acvp_vectors.py::test_acvp_vec_ml_dsa_sig_keygen[SLH_DSA_SHAKE_256_PREHASH_SHAKE_256F] 
2026-01-14T17:07:31.0339521Z [gw0] [ 45%] SKIPPED tests/test_acvp_vectors.py::test_acvp_vec_ml_dsa_sig_keygen[SLH_DSA_SHAKE_256_PREHASH_SHAKE_256F] 
2026-01-14T17:07:31.0349624Z tests/test_acvp_vectors.py::test_acvp_vec_ml_dsa_sig_gen[Dilithium2] 
2026-01-14T17:07:31.0355138Z [gw0] [ 45%] SKIPPED tests/test_acvp_vectors.py::test_acvp_vec_ml_dsa_sig_gen[Dilithium2] 
2026-01-14T17:07:31.0365506Z tests/test_acvp_vectors.py::test_acvp_vec_ml_dsa_sig_gen[Dilithium3] 
2026-01-14T17:07:31.0370701Z [gw0] [ 45%] SKIPPED tests/test_acvp_vectors.py::test_acvp_vec_ml_dsa_sig_gen[Dilithium3] 
2026-01-14T17:07:31.0381259Z tests/test_acvp_vectors.py::test_acvp_vec_ml_dsa_sig_gen[Dilithium5] 
2026-01-14T17:07:31.0386702Z [gw0] [ 45%] SKIPPED tests/test_acvp_vectors.py::test_acvp_vec_ml_dsa_sig_gen[Dilithium5] 
2026-01-14T17:07:31.1369877Z tests/test_acvp_vectors.py::test_acvp_vec_ml_dsa_sig_gen[ML-DSA-44] 
2026-01-14T17:07:31.1374391Z [gw1] [ 45%] PASSED tests/test_alg_info.py::test_alg_info_kem[Classic-McEliece-460896f] 
2026-01-14T17:07:31.2477876Z tests/test_alg_info.py::test_alg_info_kem[Classic-McEliece-6688128] 
2026-01-14T17:07:31.2482140Z [gw1] [ 45%] PASSED tests/test_alg_info.py::test_alg_info_kem[Classic-McEliece-6688128] 
2026-01-14T17:07:31.3620346Z tests/test_alg_info.py::test_alg_info_kem[Classic-McEliece-6688128f] 
2026-01-14T17:07:31.3623927Z [gw1] [ 45%] PASSED tests/test_alg_info.py::test_alg_info_kem[Classic-McEliece-6688128f] 
2026-01-14T17:07:31.4732811Z tests/test_alg_info.py::test_alg_info_kem[Classic-McEliece-6960119] 
2026-01-14T17:07:31.4737082Z [gw1] [ 45%] PASSED tests/test_alg_info.py::test_alg_info_kem[Classic-McEliece-6960119] 
2026-01-14T17:07:31.5978372Z tests/test_alg_info.py::test_alg_info_kem[Classic-McEliece-6960119f] 
2026-01-14T17:07:31.5982631Z [gw1] [ 45%] PASSED tests/test_alg_info.py::test_alg_info_kem[Classic-McEliece-6960119f] 
2026-01-14T17:07:31.7524602Z tests/test_alg_info.py::test_alg_info_kem[Classic-McEliece-8192128] 
2026-01-14T17:07:31.7529976Z [gw1] [ 45%] PASSED tests/test_alg_info.py::test_alg_info_kem[Classic-McEliece-8192128] 
2026-01-14T17:07:31.8192726Z tests/test_alg_info.py::test_alg_info_kem[Classic-McEliece-8192128f] 
2026-01-14T17:07:31.8217644Z [gw0] [ 45%] PASSED tests/test_acvp_vectors.py::test_acvp_vec_ml_dsa_sig_gen[ML-DSA-44] 
2026-01-14T17:07:31.8758501Z tests/test_acvp_vectors.py::test_acvp_vec_ml_dsa_sig_gen[ML-DSA-65] 
2026-01-14T17:07:31.8766016Z [gw1] [ 45%] PASSED tests/test_alg_info.py::test_alg_info_kem[Classic-McEliece-8192128f] 
2026-01-14T17:07:31.8777147Z tests/test_alg_info.py::test_alg_info_kem[HQC-128] 
2026-01-14T17:07:31.8781128Z [gw1] [ 45%] SKIPPED tests/test_alg_info.py::test_alg_info_kem[HQC-128] 
2026-01-14T17:07:31.8793934Z tests/test_alg_info.py::test_alg_info_kem[HQC-192] 
2026-01-14T17:07:31.8799672Z [gw1] [ 45%] SKIPPED tests/test_alg_info.py::test_alg_info_kem[HQC-192] 
2026-01-14T17:07:31.8811348Z tests/test_alg_info.py::test_alg_info_kem[HQC-256] 
2026-01-14T17:07:31.8817298Z [gw1] [ 46%] SKIPPED tests/test_alg_info.py::test_alg_info_kem[HQC-256] 
2026-01-14T17:07:31.9837340Z tests/test_alg_info.py::test_alg_info_kem[Kyber512] 
2026-01-14T17:07:31.9842202Z [gw1] [ 46%] PASSED tests/test_alg_info.py::test_alg_info_kem[Kyber512] 
2026-01-14T17:07:32.0886523Z tests/test_alg_info.py::test_alg_info_kem[Kyber768] 
2026-01-14T17:07:32.0892589Z [gw1] [ 46%] PASSED tests/test_alg_info.py::test_alg_info_kem[Kyber768] 
2026-01-14T17:07:32.1909348Z tests/test_alg_info.py::test_alg_info_kem[Kyber1024] 
2026-01-14T17:07:32.1912629Z [gw1] [ 46%] PASSED tests/test_alg_info.py::test_alg_info_kem[Kyber1024] 
2026-01-14T17:07:32.2970748Z tests/test_alg_info.py::test_alg_info_kem[ML-KEM-512] 
2026-01-14T17:07:32.2976529Z [gw1] [ 46%] PASSED tests/test_alg_info.py::test_alg_info_kem[ML-KEM-512] 
2026-01-14T17:07:32.4025065Z tests/test_alg_info.py::test_alg_info_kem[ML-KEM-768] 
2026-01-14T17:07:32.4030406Z [gw1] [ 46%] PASSED tests/test_alg_info.py::test_alg_info_kem[ML-KEM-768] 
2026-01-14T17:07:32.5083967Z tests/test_alg_info.py::test_alg_info_kem[ML-KEM-1024] 
2026-01-14T17:07:32.5090114Z [gw1] [ 46%] PASSED tests/test_alg_info.py::test_alg_info_kem[ML-KEM-1024] 
2026-01-14T17:07:32.6112171Z tests/test_alg_info.py::test_alg_info_kem[NTRU-HPS-2048-509] 
2026-01-14T17:07:32.6115654Z [gw1] [ 46%] PASSED tests/test_alg_info.py::test_alg_info_kem[NTRU-HPS-2048-509] 
2026-01-14T17:07:32.6502497Z tests/test_alg_info.py::test_alg_info_kem[NTRU-HPS-2048-677] 
2026-01-14T17:07:32.6538719Z [gw0] [ 46%] PASSED tests/test_acvp_vectors.py::test_acvp_vec_ml_dsa_sig_gen[ML-DSA-65] 
2026-01-14T17:07:32.7466747Z tests/test_acvp_vectors.py::test_acvp_vec_ml_dsa_sig_gen[ML-DSA-87] 
2026-01-14T17:07:32.7468578Z [gw1] [ 46%] PASSED tests/test_alg_info.py::test_alg_info_kem[NTRU-HPS-2048-677] 
2026-01-14T17:07:32.8485546Z tests/test_alg_info.py::test_alg_info_kem[NTRU-HPS-4096-821] 
2026-01-14T17:07:32.8489040Z [gw1] [ 46%] PASSED tests/test_alg_info.py::test_alg_info_kem[NTRU-HPS-4096-821] 
2026-01-14T17:07:32.9514740Z tests/test_alg_info.py::test_alg_info_kem[NTRU-HPS-4096-1229] 
2026-01-14T17:07:32.9520457Z [gw1] [ 46%] PASSED tests/test_alg_info.py::test_alg_info_kem[NTRU-HPS-4096-1229] 
2026-01-14T17:07:33.0580389Z tests/test_alg_info.py::test_alg_info_kem[NTRU-HRSS-701] 
2026-01-14T17:07:33.0584172Z [gw1] [ 46%] PASSED tests/test_alg_info.py::test_alg_info_kem[NTRU-HRSS-701] 
2026-01-14T17:07:33.1573418Z tests/test_alg_info.py::test_alg_info_kem[NTRU-HRSS-1373] 
2026-01-14T17:07:33.1577683Z [gw1] [ 46%] PASSED tests/test_alg_info.py::test_alg_info_kem[NTRU-HRSS-1373] 
2026-01-14T17:07:33.2498673Z tests/test_alg_info.py::test_alg_info_kem[sntrup761] 
2026-01-14T17:07:33.2502654Z [gw1] [ 46%] PASSED tests/test_alg_info.py::test_alg_info_kem[sntrup761] 
2026-01-14T17:07:33.3614852Z tests/test_alg_info.py::test_alg_info_kem[FrodoKEM-640-AES] 
2026-01-14T17:07:33.3619532Z [gw1] [ 46%] PASSED tests/test_alg_info.py::test_alg_info_kem[FrodoKEM-640-AES] 
2026-01-14T17:07:33.4668730Z tests/test_alg_info.py::test_alg_info_kem[FrodoKEM-640-SHAKE] 
2026-01-14T17:07:33.4672989Z [gw1] [ 46%] PASSED tests/test_alg_info.py::test_alg_info_kem[FrodoKEM-640-SHAKE] 
2026-01-14T17:07:33.5072666Z tests/test_alg_info.py::test_alg_info_kem[FrodoKEM-976-AES] 
2026-01-14T17:07:33.5118938Z [gw0] [ 46%] PASSED tests/test_acvp_vectors.py::test_acvp_vec_ml_dsa_sig_gen[ML-DSA-87] 
2026-01-14T17:07:33.5119903Z tests/test_acvp_vectors.py::test_acvp_vec_ml_dsa_sig_gen[Falcon-512] 
2026-01-14T17:07:33.5125841Z [gw0] [ 46%] SKIPPED tests/test_acvp_vectors.py::test_acvp_vec_ml_dsa_sig_gen[Falcon-512] 
2026-01-14T17:07:33.5127064Z tests/test_acvp_vectors.py::test_acvp_vec_ml_dsa_sig_gen[Falcon-1024] 
2026-01-14T17:07:33.5127999Z [gw0] [ 46%] SKIPPED tests/test_acvp_vectors.py::test_acvp_vec_ml_dsa_sig_gen[Falcon-1024] 
2026-01-14T17:07:33.5128960Z tests/test_acvp_vectors.py::test_acvp_vec_ml_dsa_sig_gen[Falcon-padded-512] 
2026-01-14T17:07:33.5130848Z [gw0] [ 46%] SKIPPED tests/test_acvp_vectors.py::test_acvp_vec_ml_dsa_sig_gen[Falcon-padded-512] 
2026-01-14T17:07:33.5140660Z tests/test_acvp_vectors.py::test_acvp_vec_ml_dsa_sig_gen[Falcon-padded-1024] 
2026-01-14T17:07:33.5147949Z [gw0] [ 46%] SKIPPED tests/test_acvp_vectors.py::test_acvp_vec_ml_dsa_sig_gen[Falcon-padded-1024] 
2026-01-14T17:07:33.5155209Z tests/test_acvp_vectors.py::test_acvp_vec_ml_dsa_sig_gen[SPHINCS+-SHA2-128f-simple] 
2026-01-14T17:07:33.5161984Z [gw0] [ 46%] SKIPPED tests/test_acvp_vectors.py::test_acvp_vec_ml_dsa_sig_gen[SPHINCS+-SHA2-128f-simple] 
2026-01-14T17:07:33.5170424Z tests/test_acvp_vectors.py::test_acvp_vec_ml_dsa_sig_gen[SPHINCS+-SHA2-128s-simple] 
2026-01-14T17:07:33.5176637Z [gw0] [ 46%] SKIPPED tests/test_acvp_vectors.py::test_acvp_vec_ml_dsa_sig_gen[SPHINCS+-SHA2-128s-simple] 
2026-01-14T17:07:33.5187638Z tests/test_acvp_vectors.py::test_acvp_vec_ml_dsa_sig_gen[SPHINCS+-SHA2-192f-simple] 
2026-01-14T17:07:33.5191635Z [gw0] [ 46%] SKIPPED tests/test_acvp_vectors.py::test_acvp_vec_ml_dsa_sig_gen[SPHINCS+-SHA2-192f-simple] 
2026-01-14T17:07:33.5200721Z tests/test_acvp_vectors.py::test_acvp_vec_ml_dsa_sig_gen[SPHINCS+-SHA2-192s-simple] 
2026-01-14T17:07:33.5207202Z [gw0] [ 46%] SKIPPED tests/test_acvp_vectors.py::test_acvp_vec_ml_dsa_sig_gen[SPHINCS+-SHA2-192s-simple] 
2026-01-14T17:07:33.5216977Z tests/test_acvp_vectors.py::test_acvp_vec_ml_dsa_sig_gen[SPHINCS+-SHA2-256f-simple] 
2026-01-14T17:07:33.5222926Z [gw0] [ 46%] SKIPPED tests/test_acvp_vectors.py::test_acvp_vec_ml_dsa_sig_gen[SPHINCS+-SHA2-256f-simple] 
2026-01-14T17:07:33.5232928Z tests/test_acvp_vectors.py::test_acvp_vec_ml_dsa_sig_gen[SPHINCS+-SHA2-256s-simple] 
2026-01-14T17:07:33.5238831Z [gw0] [ 46%] SKIPPED tests/test_acvp_vectors.py::test_acvp_vec_ml_dsa_sig_gen[SPHINCS+-SHA2-256s-simple] 
2026-01-14T17:07:33.5248574Z tests/test_acvp_vectors.py::test_acvp_vec_ml_dsa_sig_gen[SPHINCS+-SHAKE-128f-simple] 
2026-01-14T17:07:33.5255599Z [gw0] [ 46%] SKIPPED tests/test_acvp_vectors.py::test_acvp_vec_ml_dsa_sig_gen[SPHINCS+-SHAKE-128f-simple] 
2026-01-14T17:07:33.5266812Z tests/test_acvp_vectors.py::test_acvp_vec_ml_dsa_sig_gen[SPHINCS+-SHAKE-128s-simple] 
2026-01-14T17:07:33.5270442Z [gw0] [ 46%] SKIPPED tests/test_acvp_vectors.py::test_acvp_vec_ml_dsa_sig_gen[SPHINCS+-SHAKE-128s-simple] 
2026-01-14T17:07:33.5281209Z tests/test_acvp_vectors.py::test_acvp_vec_ml_dsa_sig_gen[SPHINCS+-SHAKE-192f-simple] 
2026-01-14T17:07:33.5285807Z [gw0] [ 47%] SKIPPED tests/test_acvp_vectors.py::test_acvp_vec_ml_dsa_sig_gen[SPHINCS+-SHAKE-192f-simple] 
2026-01-14T17:07:33.5296623Z tests/test_acvp_vectors.py::test_acvp_vec_ml_dsa_sig_gen[SPHINCS+-SHAKE-192s-simple] 
2026-01-14T17:07:33.5303145Z [gw0] [ 47%] SKIPPED tests/test_acvp_vectors.py::test_acvp_vec_ml_dsa_sig_gen[SPHINCS+-SHAKE-192s-simple] 
2026-01-14T17:07:33.5310360Z tests/test_acvp_vectors.py::test_acvp_vec_ml_dsa_sig_gen[SPHINCS+-SHAKE-256f-simple] 
2026-01-14T17:07:33.5317441Z [gw0] [ 47%] SKIPPED tests/test_acvp_vectors.py::test_acvp_vec_ml_dsa_sig_gen[SPHINCS+-SHAKE-256f-simple] 
2026-01-14T17:07:33.5324458Z tests/test_acvp_vectors.py::test_acvp_vec_ml_dsa_sig_gen[SPHINCS+-SHAKE-256s-simple] 
2026-01-14T17:07:33.5331950Z [gw0] [ 47%] SKIPPED tests/test_acvp_vectors.py::test_acvp_vec_ml_dsa_sig_gen[SPHINCS+-SHAKE-256s-simple] 
2026-01-14T17:07:33.5338748Z tests/test_acvp_vectors.py::test_acvp_vec_ml_dsa_sig_gen[MAYO-1] 
2026-01-14T17:07:33.5344752Z [gw0] [ 47%] SKIPPED tests/test_acvp_vectors.py::test_acvp_vec_ml_dsa_sig_gen[MAYO-1] 
2026-01-14T17:07:33.5353515Z tests/test_acvp_vectors.py::test_acvp_vec_ml_dsa_sig_gen[MAYO-2] 
2026-01-14T17:07:33.5359190Z [gw0] [ 47%] SKIPPED tests/test_acvp_vectors.py::test_acvp_vec_ml_dsa_sig_gen[MAYO-2] 
2026-01-14T17:07:33.5367200Z tests/test_acvp_vectors.py::test_acvp_vec_ml_dsa_sig_gen[MAYO-3] 
2026-01-14T17:07:33.5373815Z [gw0] [ 47%] SKIPPED tests/test_acvp_vectors.py::test_acvp_vec_ml_dsa_sig_gen[MAYO-3] 
2026-01-14T17:07:33.5381763Z tests/test_acvp_vectors.py::test_acvp_vec_ml_dsa_sig_gen[MAYO-5] 
2026-01-14T17:07:33.5386801Z [gw0] [ 47%] SKIPPED tests/test_acvp_vectors.py::test_acvp_vec_ml_dsa_sig_gen[MAYO-5] 
2026-01-14T17:07:33.5398547Z tests/test_acvp_vectors.py::test_acvp_vec_ml_dsa_sig_gen[cross-rsdp-128-balanced] 
2026-01-14T17:07:33.5402383Z [gw0] [ 47%] SKIPPED tests/test_acvp_vectors.py::test_acvp_vec_ml_dsa_sig_gen[cross-rsdp-128-balanced] 
2026-01-14T17:07:33.5413095Z tests/test_acvp_vectors.py::test_acvp_vec_ml_dsa_sig_gen[cross-rsdp-128-fast] 
2026-01-14T17:07:33.5419766Z [gw0] [ 47%] SKIPPED tests/test_acvp_vectors.py::test_acvp_vec_ml_dsa_sig_gen[cross-rsdp-128-fast] 
2026-01-14T17:07:33.5427776Z tests/test_acvp_vectors.py::test_acvp_vec_ml_dsa_sig_gen[cross-rsdp-128-small] 
2026-01-14T17:07:33.5434116Z [gw0] [ 47%] SKIPPED tests/test_acvp_vectors.py::test_acvp_vec_ml_dsa_sig_gen[cross-rsdp-128-small] 
2026-01-14T17:07:33.5441941Z tests/test_acvp_vectors.py::test_acvp_vec_ml_dsa_sig_gen[cross-rsdp-192-balanced] 
2026-01-14T17:07:33.5449078Z [gw0] [ 47%] SKIPPED tests/test_acvp_vectors.py::test_acvp_vec_ml_dsa_sig_gen[cross-rsdp-192-balanced] 
2026-01-14T17:07:33.5455851Z tests/test_acvp_vectors.py::test_acvp_vec_ml_dsa_sig_gen[cross-rsdp-192-fast] 
2026-01-14T17:07:33.5460135Z [gw0] [ 47%] SKIPPED tests/test_acvp_vectors.py::test_acvp_vec_ml_dsa_sig_gen[cross-rsdp-192-fast] 
2026-01-14T17:07:33.5473412Z tests/test_acvp_vectors.py::test_acvp_vec_ml_dsa_sig_gen[cross-rsdp-192-small] 
2026-01-14T17:07:33.5479920Z [gw0] [ 47%] SKIPPED tests/test_acvp_vectors.py::test_acvp_vec_ml_dsa_sig_gen[cross-rsdp-192-small] 
2026-01-14T17:07:33.5499351Z tests/test_acvp_vectors.py::test_acvp_vec_ml_dsa_sig_gen[cross-rsdp-256-balanced] 
2026-01-14T17:07:33.5505389Z [gw0] [ 47%] SKIPPED tests/test_acvp_vectors.py::test_acvp_vec_ml_dsa_sig_gen[cross-rsdp-256-balanced] 
2026-01-14T17:07:33.5520354Z tests/test_acvp_vectors.py::test_acvp_vec_ml_dsa_sig_gen[cross-rsdp-256-fast] 
2026-01-14T17:07:33.5527035Z [gw0] [ 47%] SKIPPED tests/test_acvp_vectors.py::test_acvp_vec_ml_dsa_sig_gen[cross-rsdp-256-fast] 
2026-01-14T17:07:33.5539547Z tests/test_acvp_vectors.py::test_acvp_vec_ml_dsa_sig_gen[cross-rsdp-256-small] 
2026-01-14T17:07:33.5543560Z [gw0] [ 47%] SKIPPED tests/test_acvp_vectors.py::test_acvp_vec_ml_dsa_sig_gen[cross-rsdp-256-small] 
2026-01-14T17:07:33.5556440Z tests/test_acvp_vectors.py::test_acvp_vec_ml_dsa_sig_gen[cross-rsdpg-128-balanced] 
2026-01-14T17:07:33.5562507Z [gw0] [ 47%] SKIPPED tests/test_acvp_vectors.py::test_acvp_vec_ml_dsa_sig_gen[cross-rsdpg-128-balanced] 
2026-01-14T17:07:33.5574742Z tests/test_acvp_vectors.py::test_acvp_vec_ml_dsa_sig_gen[cross-rsdpg-128-fast] 
2026-01-14T17:07:33.5581909Z [gw0] [ 47%] SKIPPED tests/test_acvp_vectors.py::test_acvp_vec_ml_dsa_sig_gen[cross-rsdpg-128-fast] 
2026-01-14T17:07:33.5592171Z tests/test_acvp_vectors.py::test_acvp_vec_ml_dsa_sig_gen[cross-rsdpg-128-small] 
2026-01-14T17:07:33.5598314Z [gw0] [ 47%] SKIPPED tests/test_acvp_vectors.py::test_acvp_vec_ml_dsa_sig_gen[cross-rsdpg-128-small] 
2026-01-14T17:07:33.5617030Z tests/test_acvp_vectors.py::test_acvp_vec_ml_dsa_sig_gen[cross-rsdpg-192-balanced] 
2026-01-14T17:07:33.5618162Z [gw0] [ 47%] SKIPPED tests/test_acvp_vectors.py::test_acvp_vec_ml_dsa_sig_gen[cross-rsdpg-192-balanced] 
2026-01-14T17:07:33.5632303Z tests/test_acvp_vectors.py::test_acvp_vec_ml_dsa_sig_gen[cross-rsdpg-192-fast] 
2026-01-14T17:07:33.5641304Z [gw0] [ 47%] SKIPPED tests/test_acvp_vectors.py::test_acvp_vec_ml_dsa_sig_gen[cross-rsdpg-192-fast] 
2026-01-14T17:07:33.5654540Z tests/test_acvp_vectors.py::test_acvp_vec_ml_dsa_sig_gen[cross-rsdpg-192-small] 
2026-01-14T17:07:33.5662810Z [gw0] [ 47%] SKIPPED tests/test_acvp_vectors.py::test_acvp_vec_ml_dsa_sig_gen[cross-rsdpg-192-small] 
2026-01-14T17:07:33.5673739Z tests/test_acvp_vectors.py::test_acvp_vec_ml_dsa_sig_gen[cross-rsdpg-256-balanced] 
2026-01-14T17:07:33.5685139Z [gw0] [ 47%] SKIPPED tests/test_acvp_vectors.py::test_acvp_vec_ml_dsa_sig_gen[cross-rsdpg-256-balanced] 
2026-01-14T17:07:33.5693297Z tests/test_acvp_vectors.py::test_acvp_vec_ml_dsa_sig_gen[cross-rsdpg-256-fast] 
2026-01-14T17:07:33.5701301Z [gw0] [ 47%] SKIPPED tests/test_acvp_vectors.py::test_acvp_vec_ml_dsa_sig_gen[cross-rsdpg-256-fast] 
2026-01-14T17:07:33.5709117Z tests/test_acvp_vectors.py::test_acvp_vec_ml_dsa_sig_gen[cross-rsdpg-256-small] 
2026-01-14T17:07:33.5715485Z [gw0] [ 47%] SKIPPED tests/test_acvp_vectors.py::test_acvp_vec_ml_dsa_sig_gen[cross-rsdpg-256-small] 
2026-01-14T17:07:33.5726817Z tests/test_acvp_vectors.py::test_acvp_vec_ml_dsa_sig_gen[OV-Is] 
2026-01-14T17:07:33.5733527Z [gw0] [ 47%] SKIPPED tests/test_acvp_vectors.py::test_acvp_vec_ml_dsa_sig_gen[OV-Is] 
2026-01-14T17:07:33.5744601Z tests/test_acvp_vectors.py::test_acvp_vec_ml_dsa_sig_gen[OV-Ip] 
2026-01-14T17:07:33.5751041Z [gw0] [ 47%] SKIPPED tests/test_acvp_vectors.py::test_acvp_vec_ml_dsa_sig_gen[OV-Ip] 
2026-01-14T17:07:33.5763311Z tests/test_acvp_vectors.py::test_acvp_vec_ml_dsa_sig_gen[OV-III] 
2026-01-14T17:07:33.5769769Z [gw0] [ 47%] SKIPPED tests/test_acvp_vectors.py::test_acvp_vec_ml_dsa_sig_gen[OV-III] 
2026-01-14T17:07:33.5778787Z tests/test_acvp_vectors.py::test_acvp_vec_ml_dsa_sig_gen[OV-V] 
2026-01-14T17:07:33.5984867Z [gw0] [ 47%] SKIPPED tests/test_acvp_vectors.py::test_acvp_vec_ml_dsa_sig_gen[OV-V] 
2026-01-14T17:07:33.5991002Z [gw1] [ 47%] PASSED tests/test_alg_info.py::test_alg_info_kem[FrodoKEM-976-AES] 
2026-01-14T17:07:33.6051184Z tests/test_alg_info.py::test_alg_info_kem[FrodoKEM-976-SHAKE] 
2026-01-14T17:07:33.6062763Z tests/test_acvp_vectors.py::test_acvp_vec_ml_dsa_sig_gen[OV-Is-pkc] 
2026-01-14T17:07:33.6067812Z [gw0] [ 48%] SKIPPED tests/test_acvp_vectors.py::test_acvp_vec_ml_dsa_sig_gen[OV-Is-pkc] 
2026-01-14T17:07:33.6078050Z tests/test_acvp_vectors.py::test_acvp_vec_ml_dsa_sig_gen[OV-Ip-pkc] 
2026-01-14T17:07:33.6084045Z [gw0] [ 48%] SKIPPED tests/test_acvp_vectors.py::test_acvp_vec_ml_dsa_sig_gen[OV-Ip-pkc] 
2026-01-14T17:07:33.6095294Z tests/test_acvp_vectors.py::test_acvp_vec_ml_dsa_sig_gen[OV-III-pkc] 
2026-01-14T17:07:33.6101230Z [gw0] [ 48%] SKIPPED tests/test_acvp_vectors.py::test_acvp_vec_ml_dsa_sig_gen[OV-III-pkc] 
2026-01-14T17:07:33.6111534Z tests/test_acvp_vectors.py::test_acvp_vec_ml_dsa_sig_gen[OV-V-pkc] 
2026-01-14T17:07:33.6116356Z [gw0] [ 48%] SKIPPED tests/test_acvp_vectors.py::test_acvp_vec_ml_dsa_sig_gen[OV-V-pkc] 
2026-01-14T17:07:33.6127123Z tests/test_acvp_vectors.py::test_acvp_vec_ml_dsa_sig_gen[OV-Is-pkc-skc] 
2026-01-14T17:07:33.6131709Z [gw0] [ 48%] SKIPPED tests/test_acvp_vectors.py::test_acvp_vec_ml_dsa_sig_gen[OV-Is-pkc-skc] 
2026-01-14T17:07:33.6145110Z tests/test_acvp_vectors.py::test_acvp_vec_ml_dsa_sig_gen[OV-Ip-pkc-skc] 
2026-01-14T17:07:33.6149875Z [gw0] [ 48%] SKIPPED tests/test_acvp_vectors.py::test_acvp_vec_ml_dsa_sig_gen[OV-Ip-pkc-skc] 
2026-01-14T17:07:33.6160693Z tests/test_acvp_vectors.py::test_acvp_vec_ml_dsa_sig_gen[OV-III-pkc-skc] 
2026-01-14T17:07:33.6166447Z [gw0] [ 48%] SKIPPED tests/test_acvp_vectors.py::test_acvp_vec_ml_dsa_sig_gen[OV-III-pkc-skc] 
2026-01-14T17:07:33.7351257Z tests/test_cmdline.py::test_kem[Classic-McEliece-8192128f] 
2026-01-14T17:07:33.7354867Z [gw1] [ 48%] PASSED tests/test_alg_info.py::test_alg_info_kem[FrodoKEM-976-SHAKE] 
2026-01-14T17:07:33.8155429Z tests/test_alg_info.py::test_alg_info_kem[FrodoKEM-1344-AES] 
2026-01-14T17:07:33.8159177Z [gw0] [ 48%] PASSED tests/test_cmdline.py::test_kem[Classic-McEliece-8192128f] 
2026-01-14T17:07:33.8171280Z tests/test_cmdline.py::test_kem[HQC-128] 
2026-01-14T17:07:33.8175795Z [gw0] [ 48%] SKIPPED tests/test_cmdline.py::test_kem[HQC-128] 
2026-01-14T17:07:33.8187727Z tests/test_cmdline.py::test_kem[HQC-192] 
2026-01-14T17:07:33.8192336Z [gw0] [ 48%] SKIPPED tests/test_cmdline.py::test_kem[HQC-192] 
2026-01-14T17:07:33.8203518Z tests/test_cmdline.py::test_kem[HQC-256] 
2026-01-14T17:07:33.8209118Z [gw0] [ 48%] SKIPPED tests/test_cmdline.py::test_kem[HQC-256] 
2026-01-14T17:07:33.8352250Z tests/test_cmdline.py::test_kem[Kyber512] 
2026-01-14T17:07:33.8356910Z [gw0] [ 48%] PASSED tests/test_cmdline.py::test_kem[Kyber512] 
2026-01-14T17:07:33.8393483Z tests/test_cmdline.py::test_kem[Kyber768] 
2026-01-14T17:07:33.8400501Z [gw1] [ 48%] PASSED tests/test_alg_info.py::test_alg_info_kem[FrodoKEM-1344-AES] 
2026-01-14T17:07:33.8508899Z tests/test_alg_info.py::test_alg_info_kem[FrodoKEM-1344-SHAKE] 
2026-01-14T17:07:33.8512718Z [gw0] [ 48%] PASSED tests/test_cmdline.py::test_kem[Kyber768] 
2026-01-14T17:07:33.8689916Z tests/test_cmdline.py::test_kem[Kyber1024] 
2026-01-14T17:07:33.8693471Z [gw0] [ 48%] PASSED tests/test_cmdline.py::test_kem[Kyber1024] 
2026-01-14T17:07:33.8852745Z tests/test_cmdline.py::test_kem[ML-KEM-512] 
2026-01-14T17:07:33.8855653Z [gw0] [ 48%] PASSED tests/test_cmdline.py::test_kem[ML-KEM-512] 
2026-01-14T17:07:33.9026424Z tests/test_cmdline.py::test_kem[ML-KEM-768] 
2026-01-14T17:07:33.9029448Z [gw0] [ 48%] PASSED tests/test_cmdline.py::test_kem[ML-KEM-768] 
2026-01-14T17:07:33.9213699Z tests/test_cmdline.py::test_kem[ML-KEM-1024] 
2026-01-14T17:07:33.9217583Z [gw0] [ 48%] PASSED tests/test_cmdline.py::test_kem[ML-KEM-1024] 
2026-01-14T17:07:33.9504234Z tests/test_cmdline.py::test_kem[NTRU-HPS-2048-509] 
2026-01-14T17:07:33.9508780Z [gw1] [ 48%] PASSED tests/test_alg_info.py::test_alg_info_kem[FrodoKEM-1344-SHAKE] 
2026-01-14T17:07:34.0489936Z tests/test_alg_info.py::test_alg_info_sig[Dilithium2] 
2026-01-14T17:07:34.0494495Z [gw1] [ 48%] PASSED tests/test_alg_info.py::test_alg_info_sig[Dilithium2] 
2026-01-14T17:07:34.0718180Z tests/test_alg_info.py::test_alg_info_sig[Dilithium3] 
2026-01-14T17:07:34.0719923Z [gw0] [ 48%] FAILED tests/test_cmdline.py::test_kem[NTRU-HPS-2048-509] 
2026-01-14T17:07:34.1472664Z tests/test_cmdline.py::test_kem[NTRU-HPS-2048-677] 
2026-01-14T17:07:34.1473636Z [gw1] [ 48%] PASSED tests/test_alg_info.py::test_alg_info_sig[Dilithium3] 
2026-01-14T17:07:34.2084174Z tests/test_alg_info.py::test_alg_info_sig[Dilithium5] 
2026-01-14T17:07:34.2087546Z [gw0] [ 48%] FAILED tests/test_cmdline.py::test_kem[NTRU-HPS-2048-677] 
2026-01-14T17:07:34.2455762Z tests/test_cmdline.py::test_kem[NTRU-HPS-4096-821] 
2026-01-14T17:07:34.2456557Z [gw1] [ 48%] PASSED tests/test_alg_info.py::test_alg_info_sig[Dilithium5] 
2026-01-14T17:07:34.3397889Z tests/test_alg_info.py::test_alg_info_sig[ML-DSA-44] 
2026-01-14T17:07:34.3399563Z [gw1] [ 48%] PASSED tests/test_alg_info.py::test_alg_info_sig[ML-DSA-44] 
2026-01-14T17:07:34.3442701Z tests/test_alg_info.py::test_alg_info_sig[ML-DSA-65] 
2026-01-14T17:07:34.3444636Z [gw0] [ 48%] FAILED tests/test_cmdline.py::test_kem[NTRU-HPS-4096-821] 
2026-01-14T17:07:34.4363576Z tests/test_cmdline.py::test_kem[NTRU-HPS-4096-1229] 
2026-01-14T17:07:34.4367095Z [gw1] [ 48%] PASSED tests/test_alg_info.py::test_alg_info_sig[ML-DSA-65] 
2026-01-14T17:07:34.4844408Z tests/test_alg_info.py::test_alg_info_sig[ML-DSA-87] 
2026-01-14T17:07:34.4845598Z [gw0] [ 48%] FAILED tests/test_cmdline.py::test_kem[NTRU-HPS-4096-1229] 
2026-01-14T17:07:34.5335411Z tests/test_cmdline.py::test_kem[NTRU-HRSS-701] 
2026-01-14T17:07:34.5340869Z [gw1] [ 48%] PASSED tests/test_alg_info.py::test_alg_info_sig[ML-DSA-87] 
2026-01-14T17:07:34.6273805Z tests/test_alg_info.py::test_alg_info_sig[Falcon-512] 
2026-01-14T17:07:34.6274770Z [gw0] [ 48%] FAILED tests/test_cmdline.py::test_kem[NTRU-HRSS-701] 
2026-01-14T17:07:34.6735337Z tests/test_cmdline.py::test_kem[NTRU-HRSS-1373] 
2026-01-14T17:07:34.6739735Z [gw1] [ 49%] PASSED tests/test_alg_info.py::test_alg_info_sig[Falcon-512] 
2026-01-14T17:07:34.7666821Z tests/test_alg_info.py::test_alg_info_sig[Falcon-1024] 
2026-01-14T17:07:34.7667515Z [gw0] [ 49%] FAILED tests/test_cmdline.py::test_kem[NTRU-HRSS-1373] 
2026-01-14T17:07:34.7780401Z tests/test_cmdline.py::test_kem[sntrup761] 
2026-01-14T17:07:34.7784313Z [gw1] [ 49%] PASSED tests/test_alg_info.py::test_alg_info_sig[Falcon-1024] 
2026-01-14T17:07:34.7979787Z tests/test_alg_info.py::test_alg_info_sig[Falcon-padded-512] 
2026-01-14T17:07:34.7983148Z [gw0] [ 49%] PASSED tests/test_cmdline.py::test_kem[sntrup761] 
2026-01-14T17:07:34.8563838Z tests/test_cmdline.py::test_kem[FrodoKEM-640-AES] 
2026-01-14T17:07:34.8568005Z [gw0] [ 49%] PASSED tests/test_cmdline.py::test_kem[FrodoKEM-640-AES] 
2026-01-14T17:07:34.8875397Z tests/test_cmdline.py::test_kem[FrodoKEM-640-SHAKE] 
2026-01-14T17:07:34.8877832Z [gw1] [ 49%] PASSED tests/test_alg_info.py::test_alg_info_sig[Falcon-padded-512] 
2026-01-14T17:07:34.9535800Z tests/test_alg_info.py::test_alg_info_sig[Falcon-padded-1024] 
2026-01-14T17:07:34.9540005Z [gw0] [ 49%] PASSED tests/test_cmdline.py::test_kem[FrodoKEM-640-SHAKE] 
2026-01-14T17:07:34.9883206Z tests/test_cmdline.py::test_kem[FrodoKEM-976-AES] 
2026-01-14T17:07:34.9888746Z [gw1] [ 49%] PASSED tests/test_alg_info.py::test_alg_info_sig[Falcon-padded-1024] 
2026-01-14T17:07:35.0686715Z tests/test_alg_info.py::test_alg_info_sig[SPHINCS+-SHA2-128f-simple] 
2026-01-14T17:07:35.0691658Z [gw0] [ 49%] PASSED tests/test_cmdline.py::test_kem[FrodoKEM-976-AES] 
2026-01-14T17:07:35.1006285Z tests/test_cmdline.py::test_kem[FrodoKEM-976-SHAKE] 
2026-01-14T17:07:35.1012115Z [gw1] [ 49%] PASSED tests/test_alg_info.py::test_alg_info_sig[SPHINCS+-SHA2-128f-simple] 
2026-01-14T17:07:35.2122201Z tests/test_alg_info.py::test_alg_info_sig[SPHINCS+-SHA2-128s-simple] 
2026-01-14T17:07:35.2128784Z [gw1] [ 49%] PASSED tests/test_alg_info.py::test_alg_info_sig[SPHINCS+-SHA2-128s-simple] 
2026-01-14T17:07:35.3195566Z tests/test_alg_info.py::test_alg_info_sig[SPHINCS+-SHA2-192f-simple] 
2026-01-14T17:07:35.3202368Z [gw0] [ 49%] PASSED tests/test_cmdline.py::test_kem[FrodoKEM-976-SHAKE] 
2026-01-14T17:07:35.3235398Z tests/test_cmdline.py::test_kem[FrodoKEM-1344-AES] 
2026-01-14T17:07:35.3241011Z [gw1] [ 49%] PASSED tests/test_alg_info.py::test_alg_info_sig[SPHINCS+-SHA2-192f-simple] 
2026-01-14T17:07:35.4348135Z tests/test_alg_info.py::test_alg_info_sig[SPHINCS+-SHA2-192s-simple] 
2026-01-14T17:07:35.4351760Z [gw1] [ 49%] PASSED tests/test_alg_info.py::test_alg_info_sig[SPHINCS+-SHA2-192s-simple] 
2026-01-14T17:07:35.5169780Z tests/test_alg_info.py::test_alg_info_sig[SPHINCS+-SHA2-256f-simple] 
2026-01-14T17:07:35.5174002Z [gw0] [ 49%] PASSED tests/test_cmdline.py::test_kem[FrodoKEM-1344-AES] 
2026-01-14T17:07:35.5468534Z tests/test_cmdline.py::test_kem[FrodoKEM-1344-SHAKE] 
2026-01-14T17:07:35.5471082Z [gw1] [ 49%] PASSED tests/test_alg_info.py::test_alg_info_sig[SPHINCS+-SHA2-256f-simple] 
2026-01-14T17:07:35.6835499Z tests/test_alg_info.py::test_alg_info_sig[SPHINCS+-SHA2-256s-simple] 
2026-01-14T17:07:35.6839415Z [gw1] [ 49%] PASSED tests/test_alg_info.py::test_alg_info_sig[SPHINCS+-SHA2-256s-simple] 
2026-01-14T17:07:35.7942247Z tests/test_alg_info.py::test_alg_info_sig[SPHINCS+-SHAKE-128f-simple] 
2026-01-14T17:07:35.7944017Z [gw1] [ 49%] PASSED tests/test_alg_info.py::test_alg_info_sig[SPHINCS+-SHAKE-128f-simple] 
2026-01-14T17:07:35.9051281Z tests/test_alg_info.py::test_alg_info_sig[SPHINCS+-SHAKE-128s-simple] 
2026-01-14T17:07:35.9052442Z [gw1] [ 49%] PASSED tests/test_alg_info.py::test_alg_info_sig[SPHINCS+-SHAKE-128s-simple] 
2026-01-14T17:07:35.9734095Z tests/test_alg_info.py::test_alg_info_sig[SPHINCS+-SHAKE-192f-simple] 
2026-01-14T17:07:35.9735870Z [gw0] [ 49%] PASSED tests/test_cmdline.py::test_kem[FrodoKEM-1344-SHAKE] 
2026-01-14T17:07:36.0156341Z tests/test_cmdline.py::test_sig[Dilithium2] 
2026-01-14T17:07:36.0161110Z [gw1] [ 49%] PASSED tests/test_alg_info.py::test_alg_info_sig[SPHINCS+-SHAKE-192f-simple] 
2026-01-14T17:07:36.0733263Z tests/test_alg_info.py::test_alg_info_sig[SPHINCS+-SHAKE-192s-simple] 
2026-01-14T17:07:36.0741163Z [gw0] [ 49%] PASSED tests/test_cmdline.py::test_sig[Dilithium2] 
2026-01-14T17:07:36.1294503Z tests/test_cmdline.py::test_sig[Dilithium3] 
2026-01-14T17:07:36.1300266Z [gw1] [ 49%] PASSED tests/test_alg_info.py::test_alg_info_sig[SPHINCS+-SHAKE-192s-simple] 
2026-01-14T17:07:36.2401972Z tests/test_alg_info.py::test_alg_info_sig[SPHINCS+-SHAKE-256f-simple] 
2026-01-14T17:07:36.2405785Z [gw1] [ 49%] PASSED tests/test_alg_info.py::test_alg_info_sig[SPHINCS+-SHAKE-256f-simple] 
2026-01-14T17:07:36.2416843Z tests/test_alg_info.py::test_alg_info_sig[SPHINCS+-SHAKE-256s-simple] 
2026-01-14T17:07:36.2421274Z [gw0] [ 49%] PASSED tests/test_cmdline.py::test_sig[Dilithium3] 
2026-01-14T17:07:36.3511078Z tests/test_cmdline.py::test_sig[Dilithium5] 
2026-01-14T17:07:36.3517300Z [gw1] [ 49%] PASSED tests/test_alg_info.py::test_alg_info_sig[SPHINCS+-SHAKE-256s-simple] 
2026-01-14T17:07:36.4506482Z tests/test_alg_info.py::test_alg_info_sig[MAYO-1] 
2026-01-14T17:07:36.4507794Z [gw1] [ 49%] PASSED tests/test_alg_info.py::test_alg_info_sig[MAYO-1] 
2026-01-14T17:07:36.5141660Z tests/test_alg_info.py::test_alg_info_sig[MAYO-2] 
2026-01-14T17:07:36.5148142Z [gw0] [ 49%] PASSED tests/test_cmdline.py::test_sig[Dilithium5] 
2026-01-14T17:07:36.5780343Z tests/test_cmdline.py::test_sig[ML-DSA-44] 
2026-01-14T17:07:36.5785312Z [gw1] [ 49%] PASSED tests/test_alg_info.py::test_alg_info_sig[MAYO-2] 
2026-01-14T17:07:36.6795627Z tests/test_alg_info.py::test_alg_info_sig[MAYO-3] 
2026-01-14T17:07:36.6801015Z [gw1] [ 49%] PASSED tests/test_alg_info.py::test_alg_info_sig[MAYO-3] 
2026-01-14T17:07:36.7805902Z tests/test_alg_info.py::test_alg_info_sig[MAYO-5] 
2026-01-14T17:07:36.7811681Z [gw1] [ 50%] PASSED tests/test_alg_info.py::test_alg_info_sig[MAYO-5] 
2026-01-14T17:07:36.8993679Z tests/test_alg_info.py::test_alg_info_sig[cross-rsdp-128-balanced] 
2026-01-14T17:07:36.8996731Z [gw1] [ 50%] PASSED tests/test_alg_info.py::test_alg_info_sig[cross-rsdp-128-balanced] 
2026-01-14T17:07:37.0181535Z tests/test_alg_info.py::test_alg_info_sig[cross-rsdp-128-fast] 
2026-01-14T17:07:37.0187606Z [gw1] [ 50%] PASSED tests/test_alg_info.py::test_alg_info_sig[cross-rsdp-128-fast] 
2026-01-14T17:07:37.1383601Z tests/test_alg_info.py::test_alg_info_sig[cross-rsdp-128-small] 
2026-01-14T17:07:37.1384534Z [gw1] [ 50%] PASSED tests/test_alg_info.py::test_alg_info_sig[cross-rsdp-128-small] 
2026-01-14T17:07:37.2579538Z tests/test_alg_info.py::test_alg_info_sig[cross-rsdp-192-balanced] 
2026-01-14T17:07:37.2585686Z [gw1] [ 50%] PASSED tests/test_alg_info.py::test_alg_info_sig[cross-rsdp-192-balanced] 
2026-01-14T17:07:37.3766195Z tests/test_alg_info.py::test_alg_info_sig[cross-rsdp-192-fast] 
2026-01-14T17:07:37.3770394Z [gw1] [ 50%] PASSED tests/test_alg_info.py::test_alg_info_sig[cross-rsdp-192-fast] 
2026-01-14T17:07:37.5280684Z tests/test_alg_info.py::test_alg_info_sig[cross-rsdp-192-small] 
2026-01-14T17:07:37.5286890Z [gw1] [ 50%] PASSED tests/test_alg_info.py::test_alg_info_sig[cross-rsdp-192-small] 
2026-01-14T17:07:37.6488808Z tests/test_alg_info.py::test_alg_info_sig[cross-rsdp-256-balanced] 
2026-01-14T17:07:37.6495752Z [gw1] [ 50%] PASSED tests/test_alg_info.py::test_alg_info_sig[cross-rsdp-256-balanced] 
2026-01-14T17:07:37.7696526Z tests/test_alg_info.py::test_alg_info_sig[cross-rsdp-256-fast] 
2026-01-14T17:07:37.7702617Z [gw1] [ 50%] PASSED tests/test_alg_info.py::test_alg_info_sig[cross-rsdp-256-fast] 
2026-01-14T17:07:37.8895605Z tests/test_alg_info.py::test_alg_info_sig[cross-rsdp-256-small] 
2026-01-14T17:07:37.8900931Z [gw1] [ 50%] PASSED tests/test_alg_info.py::test_alg_info_sig[cross-rsdp-256-small] 
2026-01-14T17:07:38.0085459Z tests/test_alg_info.py::test_alg_info_sig[cross-rsdpg-128-balanced] 
2026-01-14T17:07:38.0090828Z [gw1] [ 50%] PASSED tests/test_alg_info.py::test_alg_info_sig[cross-rsdpg-128-balanced] 
2026-01-14T17:07:38.1280405Z tests/test_alg_info.py::test_alg_info_sig[cross-rsdpg-128-fast] 
2026-01-14T17:07:38.1285375Z [gw1] [ 50%] PASSED tests/test_alg_info.py::test_alg_info_sig[cross-rsdpg-128-fast] 
2026-01-14T17:07:38.2507169Z tests/test_alg_info.py::test_alg_info_sig[cross-rsdpg-128-small] 
2026-01-14T17:07:38.2510723Z [gw1] [ 50%] PASSED tests/test_alg_info.py::test_alg_info_sig[cross-rsdpg-128-small] 
2026-01-14T17:07:38.3705294Z tests/test_alg_info.py::test_alg_info_sig[cross-rsdpg-192-balanced] 
2026-01-14T17:07:38.3711066Z [gw1] [ 50%] PASSED tests/test_alg_info.py::test_alg_info_sig[cross-rsdpg-192-balanced] 
2026-01-14T17:07:38.5159621Z tests/test_alg_info.py::test_alg_info_sig[cross-rsdpg-192-fast] 
2026-01-14T17:07:38.5163368Z [gw1] [ 50%] PASSED tests/test_alg_info.py::test_alg_info_sig[cross-rsdpg-192-fast] 
2026-01-14T17:07:38.6366198Z tests/test_alg_info.py::test_alg_info_sig[cross-rsdpg-192-small] 
2026-01-14T17:07:38.6371663Z [gw1] [ 50%] PASSED tests/test_alg_info.py::test_alg_info_sig[cross-rsdpg-192-small] 
2026-01-14T17:07:38.7776760Z tests/test_alg_info.py::test_alg_info_sig[cross-rsdpg-256-balanced] 
2026-01-14T17:07:38.7778091Z [gw1] [ 50%] PASSED tests/test_alg_info.py::test_alg_info_sig[cross-rsdpg-256-balanced] 
2026-01-14T17:07:38.9070966Z tests/test_alg_info.py::test_alg_info_sig[cross-rsdpg-256-fast] 
2026-01-14T17:07:38.9079069Z [gw1] [ 50%] PASSED tests/test_alg_info.py::test_alg_info_sig[cross-rsdpg-256-fast] 
2026-01-14T17:07:39.0268511Z tests/test_alg_info.py::test_alg_info_sig[cross-rsdpg-256-small] 
2026-01-14T17:07:39.0277211Z [gw1] [ 50%] PASSED tests/test_alg_info.py::test_alg_info_sig[cross-rsdpg-256-small] 
2026-01-14T17:07:39.1475594Z tests/test_alg_info.py::test_alg_info_sig[OV-Is] 
2026-01-14T17:07:39.1480060Z [gw1] [ 50%] PASSED tests/test_alg_info.py::test_alg_info_sig[OV-Is] 
2026-01-14T17:07:39.2682986Z tests/test_alg_info.py::test_alg_info_sig[OV-Ip] 
2026-01-14T17:07:39.2684168Z [gw1] [ 50%] PASSED tests/test_alg_info.py::test_alg_info_sig[OV-Ip] 
2026-01-14T17:07:39.4133895Z tests/test_alg_info.py::test_alg_info_sig[OV-III] 
2026-01-14T17:07:39.4137413Z [gw1] [ 50%] PASSED tests/test_alg_info.py::test_alg_info_sig[OV-III] 
2026-01-14T17:07:39.5350031Z tests/test_alg_info.py::test_alg_info_sig[OV-V] 
2026-01-14T17:07:39.5351145Z [gw1] [ 50%] PASSED tests/test_alg_info.py::test_alg_info_sig[OV-V] 
2026-01-14T17:07:39.6569606Z tests/test_alg_info.py::test_alg_info_sig[OV-Is-pkc] 
2026-01-14T17:07:39.6570480Z [gw1] [ 50%] PASSED tests/test_alg_info.py::test_alg_info_sig[OV-Is-pkc] 
2026-01-14T17:07:39.7775920Z tests/test_alg_info.py::test_alg_info_sig[OV-Ip-pkc] 
2026-01-14T17:07:39.7779964Z [gw1] [ 50%] PASSED tests/test_alg_info.py::test_alg_info_sig[OV-Ip-pkc] 
2026-01-14T17:07:39.8988074Z tests/test_alg_info.py::test_alg_info_sig[OV-III-pkc] 
2026-01-14T17:07:39.8994654Z [gw1] [ 50%] PASSED tests/test_alg_info.py::test_alg_info_sig[OV-III-pkc] 
2026-01-14T17:07:40.0193069Z tests/test_alg_info.py::test_alg_info_sig[OV-V-pkc] 
2026-01-14T17:07:40.0198530Z [gw1] [ 50%] PASSED tests/test_alg_info.py::test_alg_info_sig[OV-V-pkc] 
2026-01-14T17:07:40.1541100Z tests/test_alg_info.py::test_alg_info_sig[OV-Is-pkc-skc] 
2026-01-14T17:07:40.1542889Z [gw1] [ 50%] PASSED tests/test_alg_info.py::test_alg_info_sig[OV-Is-pkc-skc] 
2026-01-14T17:07:40.3201373Z tests/test_alg_info.py::test_alg_info_sig[OV-Ip-pkc-skc] 
2026-01-14T17:07:40.3207297Z [gw1] [ 50%] PASSED tests/test_alg_info.py::test_alg_info_sig[OV-Ip-pkc-skc] 
2026-01-14T17:07:40.4898911Z tests/test_alg_info.py::test_alg_info_sig[OV-III-pkc-skc] 
2026-01-14T17:07:40.4927531Z [gw1] [ 50%] PASSED tests/test_alg_info.py::test_alg_info_sig[OV-III-pkc-skc] 
2026-01-14T17:07:40.6505916Z tests/test_alg_info.py::test_alg_info_sig[OV-V-pkc-skc] 
2026-01-14T17:07:40.6506916Z [gw1] [ 50%] PASSED tests/test_alg_info.py::test_alg_info_sig[OV-V-pkc-skc] 
2026-01-14T17:07:40.7734428Z tests/test_alg_info.py::test_alg_info_sig[SNOVA_24_5_4] 
2026-01-14T17:07:40.7739193Z [gw1] [ 51%] PASSED tests/test_alg_info.py::test_alg_info_sig[SNOVA_24_5_4] 
2026-01-14T17:07:40.9147158Z tests/test_alg_info.py::test_alg_info_sig[SNOVA_24_5_4_SHAKE] 
2026-01-14T17:07:40.9148275Z [gw1] [ 51%] PASSED tests/test_alg_info.py::test_alg_info_sig[SNOVA_24_5_4_SHAKE] 
2026-01-14T17:07:41.0610516Z tests/test_alg_info.py::test_alg_info_sig[SNOVA_24_5_4_esk] 
2026-01-14T17:07:41.0612742Z [gw1] [ 51%] PASSED tests/test_alg_info.py::test_alg_info_sig[SNOVA_24_5_4_esk] 
2026-01-14T17:07:41.1849498Z tests/test_alg_info.py::test_alg_info_sig[SNOVA_24_5_4_SHAKE_esk] 
2026-01-14T17:07:41.1859376Z [gw1] [ 51%] PASSED tests/test_alg_info.py::test_alg_info_sig[SNOVA_24_5_4_SHAKE_esk] 
2026-01-14T17:07:41.3308010Z tests/test_alg_info.py::test_alg_info_sig[SNOVA_37_17_2] 
2026-01-14T17:07:41.3327277Z [gw1] [ 51%] PASSED tests/test_alg_info.py::test_alg_info_sig[SNOVA_37_17_2] 
2026-01-14T17:07:41.5114052Z tests/test_alg_info.py::test_alg_info_sig[SNOVA_25_8_3] 
2026-01-14T17:07:41.5114781Z [gw1] [ 51%] PASSED tests/test_alg_info.py::test_alg_info_sig[SNOVA_25_8_3] 
2026-01-14T17:07:41.6838345Z tests/test_alg_info.py::test_alg_info_sig[SNOVA_56_25_2] 
2026-01-14T17:07:41.6858152Z [gw1] [ 51%] PASSED tests/test_alg_info.py::test_alg_info_sig[SNOVA_56_25_2] 
2026-01-14T17:07:41.8102632Z tests/test_alg_info.py::test_alg_info_sig[SNOVA_49_11_3] 
2026-01-14T17:07:41.8110368Z [gw1] [ 51%] PASSED tests/test_alg_info.py::test_alg_info_sig[SNOVA_49_11_3] 
2026-01-14T17:07:41.9311302Z tests/test_alg_info.py::test_alg_info_sig[SNOVA_37_8_4] 
2026-01-14T17:07:41.9316534Z [gw1] [ 51%] PASSED tests/test_alg_info.py::test_alg_info_sig[SNOVA_37_8_4] 
2026-01-14T17:07:42.0509940Z tests/test_alg_info.py::test_alg_info_sig[SNOVA_24_5_5] 
2026-01-14T17:07:42.0516514Z [gw1] [ 51%] PASSED tests/test_alg_info.py::test_alg_info_sig[SNOVA_24_5_5] 
2026-01-14T17:07:42.1721706Z tests/test_alg_info.py::test_alg_info_sig[SNOVA_60_10_4] 
2026-01-14T17:07:42.1726486Z [gw1] [ 51%] PASSED tests/test_alg_info.py::test_alg_info_sig[SNOVA_60_10_4] 
2026-01-14T17:07:42.2935800Z tests/test_alg_info.py::test_alg_info_sig[SNOVA_29_6_5] 
2026-01-14T17:07:42.2939747Z [gw1] [ 51%] PASSED tests/test_alg_info.py::test_alg_info_sig[SNOVA_29_6_5] 
2026-01-14T17:07:42.2950552Z tests/test_alg_info.py::test_alg_info_sig[SLH_DSA_PURE_SHA2_128S] 
2026-01-14T17:07:42.2956470Z [gw1] [ 51%] SKIPPED tests/test_alg_info.py::test_alg_info_sig[SLH_DSA_PURE_SHA2_128S] 
2026-01-14T17:07:42.2968161Z tests/test_alg_info.py::test_alg_info_sig[SLH_DSA_PURE_SHA2_128F] 
2026-01-14T17:07:42.2973247Z [gw1] [ 51%] SKIPPED tests/test_alg_info.py::test_alg_info_sig[SLH_DSA_PURE_SHA2_128F] 
2026-01-14T17:07:42.2987913Z tests/test_alg_info.py::test_alg_info_sig[SLH_DSA_PURE_SHA2_192S] 
2026-01-14T17:07:42.2989776Z [gw1] [ 51%] SKIPPED tests/test_alg_info.py::test_alg_info_sig[SLH_DSA_PURE_SHA2_192S] 
2026-01-14T17:07:42.3001394Z tests/test_alg_info.py::test_alg_info_sig[SLH_DSA_PURE_SHA2_192F] 
2026-01-14T17:07:42.3006603Z [gw1] [ 51%] SKIPPED tests/test_alg_info.py::test_alg_info_sig[SLH_DSA_PURE_SHA2_192F] 
2026-01-14T17:07:42.3018895Z tests/test_alg_info.py::test_alg_info_sig[SLH_DSA_PURE_SHA2_256S] 
2026-01-14T17:07:42.3023412Z [gw1] [ 51%] SKIPPED tests/test_alg_info.py::test_alg_info_sig[SLH_DSA_PURE_SHA2_256S] 
2026-01-14T17:07:42.3035417Z tests/test_alg_info.py::test_alg_info_sig[SLH_DSA_PURE_SHA2_256F] 
2026-01-14T17:07:42.3041525Z [gw1] [ 51%] SKIPPED tests/test_alg_info.py::test_alg_info_sig[SLH_DSA_PURE_SHA2_256F] 
2026-01-14T17:07:42.3055071Z tests/test_alg_info.py::test_alg_info_sig[SLH_DSA_PURE_SHAKE_128S] 
2026-01-14T17:07:42.3059144Z [gw1] [ 51%] SKIPPED tests/test_alg_info.py::test_alg_info_sig[SLH_DSA_PURE_SHAKE_128S] 
2026-01-14T17:07:42.3070621Z tests/test_alg_info.py::test_alg_info_sig[SLH_DSA_PURE_SHAKE_128F] 
2026-01-14T17:07:42.3075300Z [gw1] [ 51%] SKIPPED tests/test_alg_info.py::test_alg_info_sig[SLH_DSA_PURE_SHAKE_128F] 
2026-01-14T17:07:42.3087586Z tests/test_alg_info.py::test_alg_info_sig[SLH_DSA_PURE_SHAKE_192S] 
2026-01-14T17:07:42.3092954Z [gw1] [ 51%] SKIPPED tests/test_alg_info.py::test_alg_info_sig[SLH_DSA_PURE_SHAKE_192S] 
2026-01-14T17:07:42.3105382Z tests/test_alg_info.py::test_alg_info_sig[SLH_DSA_PURE_SHAKE_192F] 
2026-01-14T17:07:42.3111042Z [gw1] [ 51%] SKIPPED tests/test_alg_info.py::test_alg_info_sig[SLH_DSA_PURE_SHAKE_192F] 
2026-01-14T17:07:42.3122802Z tests/test_alg_info.py::test_alg_info_sig[SLH_DSA_PURE_SHAKE_256S] 
2026-01-14T17:07:42.3127563Z [gw1] [ 51%] SKIPPED tests/test_alg_info.py::test_alg_info_sig[SLH_DSA_PURE_SHAKE_256S] 
2026-01-14T17:07:42.3139039Z tests/test_alg_info.py::test_alg_info_sig[SLH_DSA_PURE_SHAKE_256F] 
2026-01-14T17:07:42.3144300Z [gw1] [ 51%] SKIPPED tests/test_alg_info.py::test_alg_info_sig[SLH_DSA_PURE_SHAKE_256F] 
2026-01-14T17:07:42.3156651Z tests/test_alg_info.py::test_alg_info_sig[SLH_DSA_SHA2_224_PREHASH_SHA2_128S] 
2026-01-14T17:07:42.3162073Z [gw1] [ 51%] SKIPPED tests/test_alg_info.py::test_alg_info_sig[SLH_DSA_SHA2_224_PREHASH_SHA2_128S] 
2026-01-14T17:07:42.3173609Z tests/test_alg_info.py::test_alg_info_sig[SLH_DSA_SHA2_224_PREHASH_SHA2_128F] 
2026-01-14T17:07:42.3181238Z [gw1] [ 51%] SKIPPED tests/test_alg_info.py::test_alg_info_sig[SLH_DSA_SHA2_224_PREHASH_SHA2_128F] 
2026-01-14T17:07:42.3193311Z tests/test_alg_info.py::test_alg_info_sig[SLH_DSA_SHA2_224_PREHASH_SHA2_192S] 
2026-01-14T17:07:42.3199242Z [gw1] [ 51%] SKIPPED tests/test_alg_info.py::test_alg_info_sig[SLH_DSA_SHA2_224_PREHASH_SHA2_192S] 
2026-01-14T17:07:42.3210418Z tests/test_alg_info.py::test_alg_info_sig[SLH_DSA_SHA2_224_PREHASH_SHA2_192F] 
2026-01-14T17:07:42.3216127Z [gw1] [ 51%] SKIPPED tests/test_alg_info.py::test_alg_info_sig[SLH_DSA_SHA2_224_PREHASH_SHA2_192F] 
2026-01-14T17:07:42.3227759Z tests/test_alg_info.py::test_alg_info_sig[SLH_DSA_SHA2_224_PREHASH_SHA2_256S] 
2026-01-14T17:07:42.3233679Z [gw1] [ 51%] SKIPPED tests/test_alg_info.py::test_alg_info_sig[SLH_DSA_SHA2_224_PREHASH_SHA2_256S] 
2026-01-14T17:07:42.3245267Z tests/test_alg_info.py::test_alg_info_sig[SLH_DSA_SHA2_224_PREHASH_SHA2_256F] 
2026-01-14T17:07:42.3250486Z [gw1] [ 51%] SKIPPED tests/test_alg_info.py::test_alg_info_sig[SLH_DSA_SHA2_224_PREHASH_SHA2_256F] 
2026-01-14T17:07:42.3262533Z tests/test_alg_info.py::test_alg_info_sig[SLH_DSA_SHA2_224_PREHASH_SHAKE_128S] 
2026-01-14T17:07:42.3268063Z [gw1] [ 51%] SKIPPED tests/test_alg_info.py::test_alg_info_sig[SLH_DSA_SHA2_224_PREHASH_SHAKE_128S] 
2026-01-14T17:07:42.3279978Z tests/test_alg_info.py::test_alg_info_sig[SLH_DSA_SHA2_224_PREHASH_SHAKE_128F] 
2026-01-14T17:07:42.3284180Z [gw1] [ 52%] SKIPPED tests/test_alg_info.py::test_alg_info_sig[SLH_DSA_SHA2_224_PREHASH_SHAKE_128F] 
2026-01-14T17:07:42.3296355Z tests/test_alg_info.py::test_alg_info_sig[SLH_DSA_SHA2_224_PREHASH_SHAKE_192S] 
2026-01-14T17:07:42.3304234Z [gw1] [ 52%] SKIPPED tests/test_alg_info.py::test_alg_info_sig[SLH_DSA_SHA2_224_PREHASH_SHAKE_192S] 
2026-01-14T17:07:42.3316333Z tests/test_alg_info.py::test_alg_info_sig[SLH_DSA_SHA2_224_PREHASH_SHAKE_192F] 
2026-01-14T17:07:42.3321831Z [gw1] [ 52%] SKIPPED tests/test_alg_info.py::test_alg_info_sig[SLH_DSA_SHA2_224_PREHASH_SHAKE_192F] 
2026-01-14T17:07:42.3332583Z tests/test_alg_info.py::test_alg_info_sig[SLH_DSA_SHA2_224_PREHASH_SHAKE_256S] 
2026-01-14T17:07:42.3338467Z [gw1] [ 52%] SKIPPED tests/test_alg_info.py::test_alg_info_sig[SLH_DSA_SHA2_224_PREHASH_SHAKE_256S] 
2026-01-14T17:07:42.3351941Z tests/test_alg_info.py::test_alg_info_sig[SLH_DSA_SHA2_224_PREHASH_SHAKE_256F] 
2026-01-14T17:07:42.3355946Z [gw1] [ 52%] SKIPPED tests/test_alg_info.py::test_alg_info_sig[SLH_DSA_SHA2_224_PREHASH_SHAKE_256F] 
2026-01-14T17:07:42.3366969Z tests/test_alg_info.py::test_alg_info_sig[SLH_DSA_SHA2_256_PREHASH_SHA2_128S] 
2026-01-14T17:07:42.3373151Z [gw1] [ 52%] SKIPPED tests/test_alg_info.py::test_alg_info_sig[SLH_DSA_SHA2_256_PREHASH_SHA2_128S] 
2026-01-14T17:07:42.3383455Z tests/test_alg_info.py::test_alg_info_sig[SLH_DSA_SHA2_256_PREHASH_SHA2_128F] 
2026-01-14T17:07:42.3389491Z [gw1] [ 52%] SKIPPED tests/test_alg_info.py::test_alg_info_sig[SLH_DSA_SHA2_256_PREHASH_SHA2_128F] 
2026-01-14T17:07:42.3403419Z tests/test_alg_info.py::test_alg_info_sig[SLH_DSA_SHA2_256_PREHASH_SHA2_192S] 
2026-01-14T17:07:42.3407377Z [gw1] [ 52%] SKIPPED tests/test_alg_info.py::test_alg_info_sig[SLH_DSA_SHA2_256_PREHASH_SHA2_192S] 
2026-01-14T17:07:42.3419227Z tests/test_alg_info.py::test_alg_info_sig[SLH_DSA_SHA2_256_PREHASH_SHA2_192F] 
2026-01-14T17:07:42.3426470Z [gw1] [ 52%] SKIPPED tests/test_alg_info.py::test_alg_info_sig[SLH_DSA_SHA2_256_PREHASH_SHA2_192F] 
2026-01-14T17:07:42.3439515Z tests/test_alg_info.py::test_alg_info_sig[SLH_DSA_SHA2_256_PREHASH_SHA2_256S] 
2026-01-14T17:07:42.3443397Z [gw1] [ 52%] SKIPPED tests/test_alg_info.py::test_alg_info_sig[SLH_DSA_SHA2_256_PREHASH_SHA2_256S] 
2026-01-14T17:07:42.3455551Z tests/test_alg_info.py::test_alg_info_sig[SLH_DSA_SHA2_256_PREHASH_SHA2_256F] 
2026-01-14T17:07:42.3460765Z [gw1] [ 52%] SKIPPED tests/test_alg_info.py::test_alg_info_sig[SLH_DSA_SHA2_256_PREHASH_SHA2_256F] 
2026-01-14T17:07:42.3485105Z tests/test_alg_info.py::test_alg_info_sig[SLH_DSA_SHA2_256_PREHASH_SHAKE_128S] 
2026-01-14T17:07:42.3487613Z [gw1] [ 52%] SKIPPED tests/test_alg_info.py::test_alg_info_sig[SLH_DSA_SHA2_256_PREHASH_SHAKE_128S] 
2026-01-14T17:07:42.3493413Z tests/test_alg_info.py::test_alg_info_sig[SLH_DSA_SHA2_256_PREHASH_SHAKE_128F] 
2026-01-14T17:07:42.3494424Z [gw1] [ 52%] SKIPPED tests/test_alg_info.py::test_alg_info_sig[SLH_DSA_SHA2_256_PREHASH_SHAKE_128F] 
2026-01-14T17:07:42.3503941Z tests/test_alg_info.py::test_alg_info_sig[SLH_DSA_SHA2_256_PREHASH_SHAKE_192S] 
2026-01-14T17:07:42.3509908Z [gw1] [ 52%] SKIPPED tests/test_alg_info.py::test_alg_info_sig[SLH_DSA_SHA2_256_PREHASH_SHAKE_192S] 
2026-01-14T17:07:42.3520510Z tests/test_alg_info.py::test_alg_info_sig[SLH_DSA_SHA2_256_PREHASH_SHAKE_192F] 
2026-01-14T17:07:42.3525091Z [gw1] [ 52%] SKIPPED tests/test_alg_info.py::test_alg_info_sig[SLH_DSA_SHA2_256_PREHASH_SHAKE_192F] 
2026-01-14T17:07:42.3536578Z tests/test_alg_info.py::test_alg_info_sig[SLH_DSA_SHA2_256_PREHASH_SHAKE_256S] 
2026-01-14T17:07:42.3544479Z [gw1] [ 52%] SKIPPED tests/test_alg_info.py::test_alg_info_sig[SLH_DSA_SHA2_256_PREHASH_SHAKE_256S] 
2026-01-14T17:07:42.3557224Z tests/test_alg_info.py::test_alg_info_sig[SLH_DSA_SHA2_256_PREHASH_SHAKE_256F] 
2026-01-14T17:07:42.3560865Z [gw1] [ 52%] SKIPPED tests/test_alg_info.py::test_alg_info_sig[SLH_DSA_SHA2_256_PREHASH_SHAKE_256F] 
2026-01-14T17:07:42.3570812Z tests/test_alg_info.py::test_alg_info_sig[SLH_DSA_SHA2_384_PREHASH_SHA2_128S] 
2026-01-14T17:07:42.3577093Z [gw1] [ 52%] SKIPPED tests/test_alg_info.py::test_alg_info_sig[SLH_DSA_SHA2_384_PREHASH_SHA2_128S] 
2026-01-14T17:07:42.3588859Z tests/test_alg_info.py::test_alg_info_sig[SLH_DSA_SHA2_384_PREHASH_SHA2_128F] 
2026-01-14T17:07:42.3593906Z [gw1] [ 52%] SKIPPED tests/test_alg_info.py::test_alg_info_sig[SLH_DSA_SHA2_384_PREHASH_SHA2_128F] 
2026-01-14T17:07:42.3615546Z tests/test_alg_info.py::test_alg_info_sig[SLH_DSA_SHA2_384_PREHASH_SHA2_192S] 
2026-01-14T17:07:42.3616528Z [gw1] [ 52%] SKIPPED tests/test_alg_info.py::test_alg_info_sig[SLH_DSA_SHA2_384_PREHASH_SHA2_192S] 
2026-01-14T17:07:42.3626198Z tests/test_alg_info.py::test_alg_info_sig[SLH_DSA_SHA2_384_PREHASH_SHA2_192F] 
2026-01-14T17:07:42.3637158Z [gw1] [ 52%] SKIPPED tests/test_alg_info.py::test_alg_info_sig[SLH_DSA_SHA2_384_PREHASH_SHA2_192F] 
2026-01-14T17:07:42.3645944Z tests/test_alg_info.py::test_alg_info_sig[SLH_DSA_SHA2_384_PREHASH_SHA2_256S] 
2026-01-14T17:07:42.3653660Z [gw1] [ 52%] SKIPPED tests/test_alg_info.py::test_alg_info_sig[SLH_DSA_SHA2_384_PREHASH_SHA2_256S] 
2026-01-14T17:07:42.3664138Z tests/test_alg_info.py::test_alg_info_sig[SLH_DSA_SHA2_384_PREHASH_SHA2_256F] 
2026-01-14T17:07:42.3909624Z [gw1] [ 52%] SKIPPED tests/test_alg_info.py::test_alg_info_sig[SLH_DSA_SHA2_384_PREHASH_SHA2_256F] 
2026-01-14T17:07:42.3922772Z tests/test_alg_info.py::test_alg_info_sig[SLH_DSA_SHA2_384_PREHASH_SHAKE_128S] 
2026-01-14T17:07:42.3930454Z [gw1] [ 52%] SKIPPED tests/test_alg_info.py::test_alg_info_sig[SLH_DSA_SHA2_384_PREHASH_SHAKE_128S] 
2026-01-14T17:07:42.3942808Z tests/test_alg_info.py::test_alg_info_sig[SLH_DSA_SHA2_384_PREHASH_SHAKE_128F] 
2026-01-14T17:07:42.3948964Z [gw1] [ 52%] SKIPPED tests/test_alg_info.py::test_alg_info_sig[SLH_DSA_SHA2_384_PREHASH_SHAKE_128F] 
2026-01-14T17:07:42.3960201Z tests/test_alg_info.py::test_alg_info_sig[SLH_DSA_SHA2_384_PREHASH_SHAKE_192S] 
2026-01-14T17:07:42.3969994Z [gw1] [ 52%] SKIPPED tests/test_alg_info.py::test_alg_info_sig[SLH_DSA_SHA2_384_PREHASH_SHAKE_192S] 
2026-01-14T17:07:42.3982442Z tests/test_alg_info.py::test_alg_info_sig[SLH_DSA_SHA2_384_PREHASH_SHAKE_192F] 
2026-01-14T17:07:42.3993181Z [gw1] [ 52%] SKIPPED tests/test_alg_info.py::test_alg_info_sig[SLH_DSA_SHA2_384_PREHASH_SHAKE_192F] 
2026-01-14T17:07:42.4003422Z tests/test_alg_info.py::test_alg_info_sig[SLH_DSA_SHA2_384_PREHASH_SHAKE_256S] 
2026-01-14T17:07:42.4010355Z [gw1] [ 52%] SKIPPED tests/test_alg_info.py::test_alg_info_sig[SLH_DSA_SHA2_384_PREHASH_SHAKE_256S] 
2026-01-14T17:07:42.4022949Z tests/test_alg_info.py::test_alg_info_sig[SLH_DSA_SHA2_384_PREHASH_SHAKE_256F] 
2026-01-14T17:07:42.4027852Z [gw1] [ 52%] SKIPPED tests/test_alg_info.py::test_alg_info_sig[SLH_DSA_SHA2_384_PREHASH_SHAKE_256F] 
2026-01-14T17:07:42.4039296Z tests/test_alg_info.py::test_alg_info_sig[SLH_DSA_SHA2_512_PREHASH_SHA2_128S] 
2026-01-14T17:07:42.4049142Z [gw1] [ 52%] SKIPPED tests/test_alg_info.py::test_alg_info_sig[SLH_DSA_SHA2_512_PREHASH_SHA2_128S] 
2026-01-14T17:07:42.4058609Z tests/test_alg_info.py::test_alg_info_sig[SLH_DSA_SHA2_512_PREHASH_SHA2_128F] 
2026-01-14T17:07:42.4066557Z [gw1] [ 52%] SKIPPED tests/test_alg_info.py::test_alg_info_sig[SLH_DSA_SHA2_512_PREHASH_SHA2_128F] 
2026-01-14T17:07:42.4075708Z tests/test_alg_info.py::test_alg_info_sig[SLH_DSA_SHA2_512_PREHASH_SHA2_192S] 
2026-01-14T17:07:42.4080515Z [gw1] [ 53%] SKIPPED tests/test_alg_info.py::test_alg_info_sig[SLH_DSA_SHA2_512_PREHASH_SHA2_192S] 
2026-01-14T17:07:42.4092652Z tests/test_alg_info.py::test_alg_info_sig[SLH_DSA_SHA2_512_PREHASH_SHA2_192F] 
2026-01-14T17:07:42.4098279Z [gw1] [ 53%] SKIPPED tests/test_alg_info.py::test_alg_info_sig[SLH_DSA_SHA2_512_PREHASH_SHA2_192F] 
2026-01-14T17:07:42.4110562Z tests/test_alg_info.py::test_alg_info_sig[SLH_DSA_SHA2_512_PREHASH_SHA2_256S] 
2026-01-14T17:07:42.4116537Z [gw1] [ 53%] SKIPPED tests/test_alg_info.py::test_alg_info_sig[SLH_DSA_SHA2_512_PREHASH_SHA2_256S] 
2026-01-14T17:07:42.4128500Z tests/test_alg_info.py::test_alg_info_sig[SLH_DSA_SHA2_512_PREHASH_SHA2_256F] 
2026-01-14T17:07:42.4135922Z [gw1] [ 53%] SKIPPED tests/test_alg_info.py::test_alg_info_sig[SLH_DSA_SHA2_512_PREHASH_SHA2_256F] 
2026-01-14T17:07:42.4148816Z tests/test_alg_info.py::test_alg_info_sig[SLH_DSA_SHA2_512_PREHASH_SHAKE_128S] 
2026-01-14T17:07:42.4154569Z [gw1] [ 53%] SKIPPED tests/test_alg_info.py::test_alg_info_sig[SLH_DSA_SHA2_512_PREHASH_SHAKE_128S] 
2026-01-14T17:07:42.4167219Z tests/test_alg_info.py::test_alg_info_sig[SLH_DSA_SHA2_512_PREHASH_SHAKE_128F] 
2026-01-14T17:07:42.4172584Z [gw1] [ 53%] SKIPPED tests/test_alg_info.py::test_alg_info_sig[SLH_DSA_SHA2_512_PREHASH_SHAKE_128F] 
2026-01-14T17:07:42.4185098Z tests/test_alg_info.py::test_alg_info_sig[SLH_DSA_SHA2_512_PREHASH_SHAKE_192S] 
2026-01-14T17:07:42.4191769Z [gw1] [ 53%] SKIPPED tests/test_alg_info.py::test_alg_info_sig[SLH_DSA_SHA2_512_PREHASH_SHAKE_192S] 
2026-01-14T17:07:42.4202977Z tests/test_alg_info.py::test_alg_info_sig[SLH_DSA_SHA2_512_PREHASH_SHAKE_192F] 
2026-01-14T17:07:42.4208865Z [gw1] [ 53%] SKIPPED tests/test_alg_info.py::test_alg_info_sig[SLH_DSA_SHA2_512_PREHASH_SHAKE_192F] 
2026-01-14T17:07:42.4220781Z tests/test_alg_info.py::test_alg_info_sig[SLH_DSA_SHA2_512_PREHASH_SHAKE_256S] 
2026-01-14T17:07:42.4225573Z [gw1] [ 53%] SKIPPED tests/test_alg_info.py::test_alg_info_sig[SLH_DSA_SHA2_512_PREHASH_SHAKE_256S] 
2026-01-14T17:07:42.4237931Z tests/test_alg_info.py::test_alg_info_sig[SLH_DSA_SHA2_512_PREHASH_SHAKE_256F] 
2026-01-14T17:07:42.4242736Z [gw1] [ 53%] SKIPPED tests/test_alg_info.py::test_alg_info_sig[SLH_DSA_SHA2_512_PREHASH_SHAKE_256F] 
2026-01-14T17:07:42.4255580Z tests/test_alg_info.py::test_alg_info_sig[SLH_DSA_SHA2_512_224_PREHASH_SHA2_128S] 
2026-01-14T17:07:42.4262520Z [gw1] [ 53%] SKIPPED tests/test_alg_info.py::test_alg_info_sig[SLH_DSA_SHA2_512_224_PREHASH_SHA2_128S] 
2026-01-14T17:07:42.4275345Z tests/test_alg_info.py::test_alg_info_sig[SLH_DSA_SHA2_512_224_PREHASH_SHA2_128F] 
2026-01-14T17:07:42.4280789Z [gw1] [ 53%] SKIPPED tests/test_alg_info.py::test_alg_info_sig[SLH_DSA_SHA2_512_224_PREHASH_SHA2_128F] 
2026-01-14T17:07:42.4294172Z tests/test_alg_info.py::test_alg_info_sig[SLH_DSA_SHA2_512_224_PREHASH_SHA2_192S] 
2026-01-14T17:07:42.4299373Z [gw1] [ 53%] SKIPPED tests/test_alg_info.py::test_alg_info_sig[SLH_DSA_SHA2_512_224_PREHASH_SHA2_192S] 
2026-01-14T17:07:42.4311576Z tests/test_alg_info.py::test_alg_info_sig[SLH_DSA_SHA2_512_224_PREHASH_SHA2_192F] 
2026-01-14T17:07:42.4317553Z [gw1] [ 53%] SKIPPED tests/test_alg_info.py::test_alg_info_sig[SLH_DSA_SHA2_512_224_PREHASH_SHA2_192F] 
2026-01-14T17:07:42.4329556Z tests/test_alg_info.py::test_alg_info_sig[SLH_DSA_SHA2_512_224_PREHASH_SHA2_256S] 
2026-01-14T17:07:42.4334371Z [gw1] [ 53%] SKIPPED tests/test_alg_info.py::test_alg_info_sig[SLH_DSA_SHA2_512_224_PREHASH_SHA2_256S] 
2026-01-14T17:07:42.4361817Z tests/test_alg_info.py::test_alg_info_sig[SLH_DSA_SHA2_512_224_PREHASH_SHA2_256F] 
2026-01-14T17:07:42.4367347Z [gw1] [ 53%] SKIPPED tests/test_alg_info.py::test_alg_info_sig[SLH_DSA_SHA2_512_224_PREHASH_SHA2_256F] 
2026-01-14T17:07:42.4368762Z tests/test_alg_info.py::test_alg_info_sig[SLH_DSA_SHA2_512_224_PREHASH_SHAKE_128S] 
2026-01-14T17:07:42.4376303Z [gw1] [ 53%] SKIPPED tests/test_alg_info.py::test_alg_info_sig[SLH_DSA_SHA2_512_224_PREHASH_SHAKE_128S] 
2026-01-14T17:07:42.4383538Z tests/test_alg_info.py::test_alg_info_sig[SLH_DSA_SHA2_512_224_PREHASH_SHAKE_128F] 
2026-01-14T17:07:42.4415278Z [gw1] [ 53%] SKIPPED tests/test_alg_info.py::test_alg_info_sig[SLH_DSA_SHA2_512_224_PREHASH_SHAKE_128F] 
2026-01-14T17:07:42.4416458Z tests/test_alg_info.py::test_alg_info_sig[SLH_DSA_SHA2_512_224_PREHASH_SHAKE_192S] 
2026-01-14T17:07:42.4417647Z [gw1] [ 53%] SKIPPED tests/test_alg_info.py::test_alg_info_sig[SLH_DSA_SHA2_512_224_PREHASH_SHAKE_192S] 
2026-01-14T17:07:42.4424481Z tests/test_alg_info.py::test_alg_info_sig[SLH_DSA_SHA2_512_224_PREHASH_SHAKE_192F] 
2026-01-14T17:07:42.4427490Z [gw1] [ 53%] SKIPPED tests/test_alg_info.py::test_alg_info_sig[SLH_DSA_SHA2_512_224_PREHASH_SHAKE_192F] 
2026-01-14T17:07:42.4437303Z tests/test_alg_info.py::test_alg_info_sig[SLH_DSA_SHA2_512_224_PREHASH_SHAKE_256S] 
2026-01-14T17:07:42.4444508Z [gw1] [ 53%] SKIPPED tests/test_alg_info.py::test_alg_info_sig[SLH_DSA_SHA2_512_224_PREHASH_SHAKE_256S] 
2026-01-14T17:07:42.4455317Z tests/test_alg_info.py::test_alg_info_sig[SLH_DSA_SHA2_512_224_PREHASH_SHAKE_256F] 
2026-01-14T17:07:42.4460414Z [gw1] [ 53%] SKIPPED tests/test_alg_info.py::test_alg_info_sig[SLH_DSA_SHA2_512_224_PREHASH_SHAKE_256F] 
2026-01-14T17:07:42.4473391Z tests/test_alg_info.py::test_alg_info_sig[SLH_DSA_SHA2_512_256_PREHASH_SHA2_128S] 
2026-01-14T17:07:42.4479625Z [gw1] [ 53%] SKIPPED tests/test_alg_info.py::test_alg_info_sig[SLH_DSA_SHA2_512_256_PREHASH_SHA2_128S] 
2026-01-14T17:07:42.4490318Z tests/test_alg_info.py::test_alg_info_sig[SLH_DSA_SHA2_512_256_PREHASH_SHA2_128F] 
2026-01-14T17:07:42.4495408Z [gw1] [ 53%] SKIPPED tests/test_alg_info.py::test_alg_info_sig[SLH_DSA_SHA2_512_256_PREHASH_SHA2_128F] 
2026-01-14T17:07:42.4508272Z tests/test_alg_info.py::test_alg_info_sig[SLH_DSA_SHA2_512_256_PREHASH_SHA2_192S] 
2026-01-14T17:07:42.4515204Z [gw1] [ 53%] SKIPPED tests/test_alg_info.py::test_alg_info_sig[SLH_DSA_SHA2_512_256_PREHASH_SHA2_192S] 
2026-01-14T17:07:42.4527850Z tests/test_alg_info.py::test_alg_info_sig[SLH_DSA_SHA2_512_256_PREHASH_SHA2_192F] 
2026-01-14T17:07:42.4533939Z [gw1] [ 53%] SKIPPED tests/test_alg_info.py::test_alg_info_sig[SLH_DSA_SHA2_512_256_PREHASH_SHA2_192F] 
2026-01-14T17:07:42.4545784Z tests/test_alg_info.py::test_alg_info_sig[SLH_DSA_SHA2_512_256_PREHASH_SHA2_256S] 
2026-01-14T17:07:42.4550723Z [gw1] [ 53%] SKIPPED tests/test_alg_info.py::test_alg_info_sig[SLH_DSA_SHA2_512_256_PREHASH_SHA2_256S] 
2026-01-14T17:07:42.4563964Z tests/test_alg_info.py::test_alg_info_sig[SLH_DSA_SHA2_512_256_PREHASH_SHA2_256F] 
2026-01-14T17:07:42.4569929Z [gw1] [ 53%] SKIPPED tests/test_alg_info.py::test_alg_info_sig[SLH_DSA_SHA2_512_256_PREHASH_SHA2_256F] 
2026-01-14T17:07:42.4582894Z tests/test_alg_info.py::test_alg_info_sig[SLH_DSA_SHA2_512_256_PREHASH_SHAKE_128S] 
2026-01-14T17:07:42.4590621Z [gw1] [ 53%] SKIPPED tests/test_alg_info.py::test_alg_info_sig[SLH_DSA_SHA2_512_256_PREHASH_SHAKE_128S] 
2026-01-14T17:07:42.4632440Z tests/test_alg_info.py::test_alg_info_sig[SLH_DSA_SHA2_512_256_PREHASH_SHAKE_128F] 
2026-01-14T17:07:42.4636989Z [gw1] [ 53%] SKIPPED tests/test_alg_info.py::test_alg_info_sig[SLH_DSA_SHA2_512_256_PREHASH_SHAKE_128F] 
2026-01-14T17:07:42.4638219Z tests/test_alg_info.py::test_alg_info_sig[SLH_DSA_SHA2_512_256_PREHASH_SHAKE_192S] 
2026-01-14T17:07:42.4639268Z [gw1] [ 54%] SKIPPED tests/test_alg_info.py::test_alg_info_sig[SLH_DSA_SHA2_512_256_PREHASH_SHAKE_192S] 
2026-01-14T17:07:42.4640288Z tests/test_alg_info.py::test_alg_info_sig[SLH_DSA_SHA2_512_256_PREHASH_SHAKE_192F] 
2026-01-14T17:07:42.4648032Z [gw1] [ 54%] SKIPPED tests/test_alg_info.py::test_alg_info_sig[SLH_DSA_SHA2_512_256_PREHASH_SHAKE_192F] 
2026-01-14T17:07:42.4661211Z tests/test_alg_info.py::test_alg_info_sig[SLH_DSA_SHA2_512_256_PREHASH_SHAKE_256S] 
2026-01-14T17:07:42.4670178Z [gw1] [ 54%] SKIPPED tests/test_alg_info.py::test_alg_info_sig[SLH_DSA_SHA2_512_256_PREHASH_SHAKE_256S] 
2026-01-14T17:07:42.4678794Z tests/test_alg_info.py::test_alg_info_sig[SLH_DSA_SHA2_512_256_PREHASH_SHAKE_256F] 
2026-01-14T17:07:42.4684757Z [gw1] [ 54%] SKIPPED tests/test_alg_info.py::test_alg_info_sig[SLH_DSA_SHA2_512_256_PREHASH_SHAKE_256F] 
2026-01-14T17:07:42.4697741Z tests/test_alg_info.py::test_alg_info_sig[SLH_DSA_SHA3_224_PREHASH_SHA2_128S] 
2026-01-14T17:07:42.4702471Z [gw1] [ 54%] SKIPPED tests/test_alg_info.py::test_alg_info_sig[SLH_DSA_SHA3_224_PREHASH_SHA2_128S] 
2026-01-14T17:07:42.4714423Z tests/test_alg_info.py::test_alg_info_sig[SLH_DSA_SHA3_224_PREHASH_SHA2_128F] 
2026-01-14T17:07:42.4721239Z [gw1] [ 54%] SKIPPED tests/test_alg_info.py::test_alg_info_sig[SLH_DSA_SHA3_224_PREHASH_SHA2_128F] 
2026-01-14T17:07:42.4732603Z tests/test_alg_info.py::test_alg_info_sig[SLH_DSA_SHA3_224_PREHASH_SHA2_192S] 
2026-01-14T17:07:42.4738902Z [gw1] [ 54%] SKIPPED tests/test_alg_info.py::test_alg_info_sig[SLH_DSA_SHA3_224_PREHASH_SHA2_192S] 
2026-01-14T17:07:42.4751272Z tests/test_alg_info.py::test_alg_info_sig[SLH_DSA_SHA3_224_PREHASH_SHA2_192F] 
2026-01-14T17:07:42.4757813Z [gw1] [ 54%] SKIPPED tests/test_alg_info.py::test_alg_info_sig[SLH_DSA_SHA3_224_PREHASH_SHA2_192F] 
2026-01-14T17:07:42.4770096Z tests/test_alg_info.py::test_alg_info_sig[SLH_DSA_SHA3_224_PREHASH_SHA2_256S] 
2026-01-14T17:07:42.4777240Z [gw1] [ 54%] SKIPPED tests/test_alg_info.py::test_alg_info_sig[SLH_DSA_SHA3_224_PREHASH_SHA2_256S] 
2026-01-14T17:07:42.4790627Z tests/test_alg_info.py::test_alg_info_sig[SLH_DSA_SHA3_224_PREHASH_SHA2_256F] 
2026-01-14T17:07:42.4796106Z [gw1] [ 54%] SKIPPED tests/test_alg_info.py::test_alg_info_sig[SLH_DSA_SHA3_224_PREHASH_SHA2_256F] 
2026-01-14T17:07:42.4809055Z tests/test_alg_info.py::test_alg_info_sig[SLH_DSA_SHA3_224_PREHASH_SHAKE_128S] 
2026-01-14T17:07:42.4814864Z [gw1] [ 54%] SKIPPED tests/test_alg_info.py::test_alg_info_sig[SLH_DSA_SHA3_224_PREHASH_SHAKE_128S] 
2026-01-14T17:07:42.4827924Z tests/test_alg_info.py::test_alg_info_sig[SLH_DSA_SHA3_224_PREHASH_SHAKE_128F] 
2026-01-14T17:07:42.4834365Z [gw1] [ 54%] SKIPPED tests/test_alg_info.py::test_alg_info_sig[SLH_DSA_SHA3_224_PREHASH_SHAKE_128F] 
2026-01-14T17:07:42.4847136Z tests/test_alg_info.py::test_alg_info_sig[SLH_DSA_SHA3_224_PREHASH_SHAKE_192S] 
2026-01-14T17:07:42.4855116Z [gw1] [ 54%] SKIPPED tests/test_alg_info.py::test_alg_info_sig[SLH_DSA_SHA3_224_PREHASH_SHAKE_192S] 
2026-01-14T17:07:42.4866142Z tests/test_alg_info.py::test_alg_info_sig[SLH_DSA_SHA3_224_PREHASH_SHAKE_192F] 
2026-01-14T17:07:42.4874869Z [gw1] [ 54%] SKIPPED tests/test_alg_info.py::test_alg_info_sig[SLH_DSA_SHA3_224_PREHASH_SHAKE_192F] 
2026-01-14T17:07:42.4884207Z tests/test_alg_info.py::test_alg_info_sig[SLH_DSA_SHA3_224_PREHASH_SHAKE_256S] 
2026-01-14T17:07:42.4889603Z [gw1] [ 54%] SKIPPED tests/test_alg_info.py::test_alg_info_sig[SLH_DSA_SHA3_224_PREHASH_SHAKE_256S] 
2026-01-14T17:07:42.4902187Z tests/test_alg_info.py::test_alg_info_sig[SLH_DSA_SHA3_224_PREHASH_SHAKE_256F] 
2026-01-14T17:07:42.4910020Z [gw1] [ 54%] SKIPPED tests/test_alg_info.py::test_alg_info_sig[SLH_DSA_SHA3_224_PREHASH_SHAKE_256F] 
2026-01-14T17:07:42.4924591Z tests/test_alg_info.py::test_alg_info_sig[SLH_DSA_SHA3_256_PREHASH_SHA2_128S] 
2026-01-14T17:07:42.4932059Z [gw1] [ 54%] SKIPPED tests/test_alg_info.py::test_alg_info_sig[SLH_DSA_SHA3_256_PREHASH_SHA2_128S] 
2026-01-14T17:07:42.4943691Z tests/test_alg_info.py::test_alg_info_sig[SLH_DSA_SHA3_256_PREHASH_SHA2_128F] 
2026-01-14T17:07:42.4951475Z [gw1] [ 54%] SKIPPED tests/test_alg_info.py::test_alg_info_sig[SLH_DSA_SHA3_256_PREHASH_SHA2_128F] 
2026-01-14T17:07:42.4962801Z tests/test_alg_info.py::test_alg_info_sig[SLH_DSA_SHA3_256_PREHASH_SHA2_192S] 
2026-01-14T17:07:42.4969821Z [gw1] [ 54%] SKIPPED tests/test_alg_info.py::test_alg_info_sig[SLH_DSA_SHA3_256_PREHASH_SHA2_192S] 
2026-01-14T17:07:42.4981084Z tests/test_alg_info.py::test_alg_info_sig[SLH_DSA_SHA3_256_PREHASH_SHA2_192F] 
2026-01-14T17:07:42.4986167Z [gw1] [ 54%] SKIPPED tests/test_alg_info.py::test_alg_info_sig[SLH_DSA_SHA3_256_PREHASH_SHA2_192F] 
2026-01-14T17:07:42.4999843Z tests/test_alg_info.py::test_alg_info_sig[SLH_DSA_SHA3_256_PREHASH_SHA2_256S] 
2026-01-14T17:07:42.5004672Z [gw1] [ 54%] SKIPPED tests/test_alg_info.py::test_alg_info_sig[SLH_DSA_SHA3_256_PREHASH_SHA2_256S] 
2026-01-14T17:07:42.5018261Z tests/test_alg_info.py::test_alg_info_sig[SLH_DSA_SHA3_256_PREHASH_SHA2_256F] 
2026-01-14T17:07:42.5024384Z [gw1] [ 54%] SKIPPED tests/test_alg_info.py::test_alg_info_sig[SLH_DSA_SHA3_256_PREHASH_SHA2_256F] 
2026-01-14T17:07:42.5036080Z tests/test_alg_info.py::test_alg_info_sig[SLH_DSA_SHA3_256_PREHASH_SHAKE_128S] 
2026-01-14T17:07:42.5042053Z [gw1] [ 54%] SKIPPED tests/test_alg_info.py::test_alg_info_sig[SLH_DSA_SHA3_256_PREHASH_SHAKE_128S] 
2026-01-14T17:07:42.5055611Z tests/test_alg_info.py::test_alg_info_sig[SLH_DSA_SHA3_256_PREHASH_SHAKE_128F] 
2026-01-14T17:07:42.5060850Z [gw1] [ 54%] SKIPPED tests/test_alg_info.py::test_alg_info_sig[SLH_DSA_SHA3_256_PREHASH_SHAKE_128F] 
2026-01-14T17:07:42.5073576Z tests/test_alg_info.py::test_alg_info_sig[SLH_DSA_SHA3_256_PREHASH_SHAKE_192S] 
2026-01-14T17:07:42.5079013Z [gw1] [ 54%] SKIPPED tests/test_alg_info.py::test_alg_info_sig[SLH_DSA_SHA3_256_PREHASH_SHAKE_192S] 
2026-01-14T17:07:42.5091281Z tests/test_alg_info.py::test_alg_info_sig[SLH_DSA_SHA3_256_PREHASH_SHAKE_192F] 
2026-01-14T17:07:42.5097364Z [gw1] [ 54%] SKIPPED tests/test_alg_info.py::test_alg_info_sig[SLH_DSA_SHA3_256_PREHASH_SHAKE_192F] 
2026-01-14T17:07:42.5109061Z tests/test_alg_info.py::test_alg_info_sig[SLH_DSA_SHA3_256_PREHASH_SHAKE_256S] 
2026-01-14T17:07:42.5113847Z [gw1] [ 54%] SKIPPED tests/test_alg_info.py::test_alg_info_sig[SLH_DSA_SHA3_256_PREHASH_SHAKE_256S] 
2026-01-14T17:07:42.5127759Z tests/test_alg_info.py::test_alg_info_sig[SLH_DSA_SHA3_256_PREHASH_SHAKE_256F] 
2026-01-14T17:07:42.5131491Z [gw1] [ 54%] SKIPPED tests/test_alg_info.py::test_alg_info_sig[SLH_DSA_SHA3_256_PREHASH_SHAKE_256F] 
2026-01-14T17:07:42.5144233Z tests/test_alg_info.py::test_alg_info_sig[SLH_DSA_SHA3_384_PREHASH_SHA2_128S] 
2026-01-14T17:07:42.5149842Z [gw1] [ 54%] SKIPPED tests/test_alg_info.py::test_alg_info_sig[SLH_DSA_SHA3_384_PREHASH_SHA2_128S] 
2026-01-14T17:07:42.5162134Z tests/test_alg_info.py::test_alg_info_sig[SLH_DSA_SHA3_384_PREHASH_SHA2_128F] 
2026-01-14T17:07:42.5170702Z [gw1] [ 54%] SKIPPED tests/test_alg_info.py::test_alg_info_sig[SLH_DSA_SHA3_384_PREHASH_SHA2_128F] 
2026-01-14T17:07:42.5181881Z tests/test_alg_info.py::test_alg_info_sig[SLH_DSA_SHA3_384_PREHASH_SHA2_192S] 
2026-01-14T17:07:42.5186783Z [gw1] [ 54%] SKIPPED tests/test_alg_info.py::test_alg_info_sig[SLH_DSA_SHA3_384_PREHASH_SHA2_192S] 
2026-01-14T17:07:42.5199353Z tests/test_alg_info.py::test_alg_info_sig[SLH_DSA_SHA3_384_PREHASH_SHA2_192F] 
2026-01-14T17:07:42.5204483Z [gw1] [ 55%] SKIPPED tests/test_alg_info.py::test_alg_info_sig[SLH_DSA_SHA3_384_PREHASH_SHA2_192F] 
2026-01-14T17:07:42.5217465Z tests/test_alg_info.py::test_alg_info_sig[SLH_DSA_SHA3_384_PREHASH_SHA2_256S] 
2026-01-14T17:07:42.5223226Z [gw1] [ 55%] SKIPPED tests/test_alg_info.py::test_alg_info_sig[SLH_DSA_SHA3_384_PREHASH_SHA2_256S] 
2026-01-14T17:07:42.5235859Z tests/test_alg_info.py::test_alg_info_sig[SLH_DSA_SHA3_384_PREHASH_SHA2_256F] 
2026-01-14T17:07:42.5240844Z [gw1] [ 55%] SKIPPED tests/test_alg_info.py::test_alg_info_sig[SLH_DSA_SHA3_384_PREHASH_SHA2_256F] 
2026-01-14T17:07:42.5253913Z tests/test_alg_info.py::test_alg_info_sig[SLH_DSA_SHA3_384_PREHASH_SHAKE_128S] 
2026-01-14T17:07:42.5258880Z [gw1] [ 55%] SKIPPED tests/test_alg_info.py::test_alg_info_sig[SLH_DSA_SHA3_384_PREHASH_SHAKE_128S] 
2026-01-14T17:07:42.5270926Z tests/test_alg_info.py::test_alg_info_sig[SLH_DSA_SHA3_384_PREHASH_SHAKE_128F] 
2026-01-14T17:07:42.5277939Z [gw1] [ 55%] SKIPPED tests/test_alg_info.py::test_alg_info_sig[SLH_DSA_SHA3_384_PREHASH_SHAKE_128F] 
2026-01-14T17:07:42.5290330Z tests/test_alg_info.py::test_alg_info_sig[SLH_DSA_SHA3_384_PREHASH_SHAKE_192S] 
2026-01-14T17:07:42.5297142Z [gw1] [ 55%] SKIPPED tests/test_alg_info.py::test_alg_info_sig[SLH_DSA_SHA3_384_PREHASH_SHAKE_192S] 
2026-01-14T17:07:42.5310735Z tests/test_alg_info.py::test_alg_info_sig[SLH_DSA_SHA3_384_PREHASH_SHAKE_192F] 
2026-01-14T17:07:42.5315535Z [gw1] [ 55%] SKIPPED tests/test_alg_info.py::test_alg_info_sig[SLH_DSA_SHA3_384_PREHASH_SHAKE_192F] 
2026-01-14T17:07:42.5328456Z tests/test_alg_info.py::test_alg_info_sig[SLH_DSA_SHA3_384_PREHASH_SHAKE_256S] 
2026-01-14T17:07:42.5333422Z [gw1] [ 55%] SKIPPED tests/test_alg_info.py::test_alg_info_sig[SLH_DSA_SHA3_384_PREHASH_SHAKE_256S] 
2026-01-14T17:07:42.5345603Z tests/test_alg_info.py::test_alg_info_sig[SLH_DSA_SHA3_384_PREHASH_SHAKE_256F] 
2026-01-14T17:07:42.5351202Z [gw1] [ 55%] SKIPPED tests/test_alg_info.py::test_alg_info_sig[SLH_DSA_SHA3_384_PREHASH_SHAKE_256F] 
2026-01-14T17:07:42.5363518Z tests/test_alg_info.py::test_alg_info_sig[SLH_DSA_SHA3_512_PREHASH_SHA2_128S] 
2026-01-14T17:07:42.5368746Z [gw1] [ 55%] SKIPPED tests/test_alg_info.py::test_alg_info_sig[SLH_DSA_SHA3_512_PREHASH_SHA2_128S] 
2026-01-14T17:07:42.5380462Z tests/test_alg_info.py::test_alg_info_sig[SLH_DSA_SHA3_512_PREHASH_SHA2_128F] 
2026-01-14T17:07:42.5388445Z [gw1] [ 55%] SKIPPED tests/test_alg_info.py::test_alg_info_sig[SLH_DSA_SHA3_512_PREHASH_SHA2_128F] 
2026-01-14T17:07:42.5399537Z tests/test_alg_info.py::test_alg_info_sig[SLH_DSA_SHA3_512_PREHASH_SHA2_192S] 
2026-01-14T17:07:42.5407118Z [gw1] [ 55%] SKIPPED tests/test_alg_info.py::test_alg_info_sig[SLH_DSA_SHA3_512_PREHASH_SHA2_192S] 
2026-01-14T17:07:42.5417689Z tests/test_alg_info.py::test_alg_info_sig[SLH_DSA_SHA3_512_PREHASH_SHA2_192F] 
2026-01-14T17:07:42.5427622Z [gw1] [ 55%] SKIPPED tests/test_alg_info.py::test_alg_info_sig[SLH_DSA_SHA3_512_PREHASH_SHA2_192F] 
2026-01-14T17:07:42.5444294Z tests/test_alg_info.py::test_alg_info_sig[SLH_DSA_SHA3_512_PREHASH_SHA2_256S] 
2026-01-14T17:07:42.5448826Z [gw1] [ 55%] SKIPPED tests/test_alg_info.py::test_alg_info_sig[SLH_DSA_SHA3_512_PREHASH_SHA2_256S] 
2026-01-14T17:07:42.5459972Z tests/test_alg_info.py::test_alg_info_sig[SLH_DSA_SHA3_512_PREHASH_SHA2_256F] 
2026-01-14T17:07:42.5466537Z [gw1] [ 55%] SKIPPED tests/test_alg_info.py::test_alg_info_sig[SLH_DSA_SHA3_512_PREHASH_SHA2_256F] 
2026-01-14T17:07:42.5476981Z tests/test_alg_info.py::test_alg_info_sig[SLH_DSA_SHA3_512_PREHASH_SHAKE_128S] 
2026-01-14T17:07:42.5483289Z [gw1] [ 55%] SKIPPED tests/test_alg_info.py::test_alg_info_sig[SLH_DSA_SHA3_512_PREHASH_SHAKE_128S] 
2026-01-14T17:07:42.5495222Z tests/test_alg_info.py::test_alg_info_sig[SLH_DSA_SHA3_512_PREHASH_SHAKE_128F] 
2026-01-14T17:07:42.5500409Z [gw1] [ 55%] SKIPPED tests/test_alg_info.py::test_alg_info_sig[SLH_DSA_SHA3_512_PREHASH_SHAKE_128F] 
2026-01-14T17:07:42.5512823Z tests/test_alg_info.py::test_alg_info_sig[SLH_DSA_SHA3_512_PREHASH_SHAKE_192S] 
2026-01-14T17:07:42.5520177Z [gw1] [ 55%] SKIPPED tests/test_alg_info.py::test_alg_info_sig[SLH_DSA_SHA3_512_PREHASH_SHAKE_192S] 
2026-01-14T17:07:42.5533657Z tests/test_alg_info.py::test_alg_info_sig[SLH_DSA_SHA3_512_PREHASH_SHAKE_192F] 
2026-01-14T17:07:42.5539509Z [gw1] [ 55%] SKIPPED tests/test_alg_info.py::test_alg_info_sig[SLH_DSA_SHA3_512_PREHASH_SHAKE_192F] 
2026-01-14T17:07:42.5551201Z tests/test_alg_info.py::test_alg_info_sig[SLH_DSA_SHA3_512_PREHASH_SHAKE_256S] 
2026-01-14T17:07:42.5556824Z [gw1] [ 55%] SKIPPED tests/test_alg_info.py::test_alg_info_sig[SLH_DSA_SHA3_512_PREHASH_SHAKE_256S] 
2026-01-14T17:07:42.5570286Z tests/test_alg_info.py::test_alg_info_sig[SLH_DSA_SHA3_512_PREHASH_SHAKE_256F] 
2026-01-14T17:07:42.5575397Z [gw1] [ 55%] SKIPPED tests/test_alg_info.py::test_alg_info_sig[SLH_DSA_SHA3_512_PREHASH_SHAKE_256F] 
2026-01-14T17:07:42.5587718Z tests/test_alg_info.py::test_alg_info_sig[SLH_DSA_SHAKE_128_PREHASH_SHA2_128S] 
2026-01-14T17:07:42.5592432Z [gw1] [ 55%] SKIPPED tests/test_alg_info.py::test_alg_info_sig[SLH_DSA_SHAKE_128_PREHASH_SHA2_128S] 
2026-01-14T17:07:42.5622399Z tests/test_alg_info.py::test_alg_info_sig[SLH_DSA_SHAKE_128_PREHASH_SHA2_128F] 
2026-01-14T17:07:42.5624201Z [gw1] [ 55%] SKIPPED tests/test_alg_info.py::test_alg_info_sig[SLH_DSA_SHAKE_128_PREHASH_SHA2_128F] 
2026-01-14T17:07:42.5629114Z tests/test_alg_info.py::test_alg_info_sig[SLH_DSA_SHAKE_128_PREHASH_SHA2_192S] 
2026-01-14T17:07:42.5635306Z [gw1] [ 55%] SKIPPED tests/test_alg_info.py::test_alg_info_sig[SLH_DSA_SHAKE_128_PREHASH_SHA2_192S] 
2026-01-14T17:07:42.5644801Z tests/test_alg_info.py::test_alg_info_sig[SLH_DSA_SHAKE_128_PREHASH_SHA2_192F] 
2026-01-14T17:07:42.5654671Z [gw1] [ 55%] SKIPPED tests/test_alg_info.py::test_alg_info_sig[SLH_DSA_SHAKE_128_PREHASH_SHA2_192F] 
2026-01-14T17:07:42.5665256Z tests/test_alg_info.py::test_alg_info_sig[SLH_DSA_SHAKE_128_PREHASH_SHA2_256S] 
2026-01-14T17:07:42.5673833Z [gw1] [ 55%] SKIPPED tests/test_alg_info.py::test_alg_info_sig[SLH_DSA_SHAKE_128_PREHASH_SHA2_256S] 
2026-01-14T17:07:42.5684331Z tests/test_alg_info.py::test_alg_info_sig[SLH_DSA_SHAKE_128_PREHASH_SHA2_256F] 
2026-01-14T17:07:42.5692499Z [gw1] [ 55%] SKIPPED tests/test_alg_info.py::test_alg_info_sig[SLH_DSA_SHAKE_128_PREHASH_SHA2_256F] 
2026-01-14T17:07:42.5707223Z tests/test_alg_info.py::test_alg_info_sig[SLH_DSA_SHAKE_128_PREHASH_SHAKE_128S] 
2026-01-14T17:07:42.5713737Z [gw1] [ 55%] SKIPPED tests/test_alg_info.py::test_alg_info_sig[SLH_DSA_SHAKE_128_PREHASH_SHAKE_128S] 
2026-01-14T17:07:42.5726445Z tests/test_alg_info.py::test_alg_info_sig[SLH_DSA_SHAKE_128_PREHASH_SHAKE_128F] 
2026-01-14T17:07:42.5733649Z [gw1] [ 55%] SKIPPED tests/test_alg_info.py::test_alg_info_sig[SLH_DSA_SHAKE_128_PREHASH_SHAKE_128F] 
2026-01-14T17:07:42.5747033Z tests/test_alg_info.py::test_alg_info_sig[SLH_DSA_SHAKE_128_PREHASH_SHAKE_192S] 
2026-01-14T17:07:42.5754359Z [gw1] [ 55%] SKIPPED tests/test_alg_info.py::test_alg_info_sig[SLH_DSA_SHAKE_128_PREHASH_SHAKE_192S] 
2026-01-14T17:07:42.5767722Z tests/test_alg_info.py::test_alg_info_sig[SLH_DSA_SHAKE_128_PREHASH_SHAKE_192F] 
2026-01-14T17:07:42.5771749Z [gw1] [ 55%] SKIPPED tests/test_alg_info.py::test_alg_info_sig[SLH_DSA_SHAKE_128_PREHASH_SHAKE_192F] 
2026-01-14T17:07:42.5785207Z tests/test_alg_info.py::test_alg_info_sig[SLH_DSA_SHAKE_128_PREHASH_SHAKE_256S] 
2026-01-14T17:07:42.5791763Z [gw1] [ 56%] SKIPPED tests/test_alg_info.py::test_alg_info_sig[SLH_DSA_SHAKE_128_PREHASH_SHAKE_256S] 
2026-01-14T17:07:42.5804505Z tests/test_alg_info.py::test_alg_info_sig[SLH_DSA_SHAKE_128_PREHASH_SHAKE_256F] 
2026-01-14T17:07:42.5811383Z [gw1] [ 56%] SKIPPED tests/test_alg_info.py::test_alg_info_sig[SLH_DSA_SHAKE_128_PREHASH_SHAKE_256F] 
2026-01-14T17:07:42.5825140Z tests/test_alg_info.py::test_alg_info_sig[SLH_DSA_SHAKE_256_PREHASH_SHA2_128S] 
2026-01-14T17:07:42.5833755Z [gw1] [ 56%] SKIPPED tests/test_alg_info.py::test_alg_info_sig[SLH_DSA_SHAKE_256_PREHASH_SHA2_128S] 
2026-01-14T17:07:42.5847679Z tests/test_alg_info.py::test_alg_info_sig[SLH_DSA_SHAKE_256_PREHASH_SHA2_128F] 
2026-01-14T17:07:42.5854555Z [gw1] [ 56%] SKIPPED tests/test_alg_info.py::test_alg_info_sig[SLH_DSA_SHAKE_256_PREHASH_SHA2_128F] 
2026-01-14T17:07:42.5867855Z tests/test_alg_info.py::test_alg_info_sig[SLH_DSA_SHAKE_256_PREHASH_SHA2_192S] 
2026-01-14T17:07:42.5878261Z [gw1] [ 56%] SKIPPED tests/test_alg_info.py::test_alg_info_sig[SLH_DSA_SHAKE_256_PREHASH_SHA2_192S] 
2026-01-14T17:07:42.5889147Z tests/test_alg_info.py::test_alg_info_sig[SLH_DSA_SHAKE_256_PREHASH_SHA2_192F] 
2026-01-14T17:07:42.5895891Z [gw1] [ 56%] SKIPPED tests/test_alg_info.py::test_alg_info_sig[SLH_DSA_SHAKE_256_PREHASH_SHA2_192F] 
2026-01-14T17:07:42.5908602Z tests/test_alg_info.py::test_alg_info_sig[SLH_DSA_SHAKE_256_PREHASH_SHA2_256S] 
2026-01-14T17:07:42.5917503Z [gw1] [ 56%] SKIPPED tests/test_alg_info.py::test_alg_info_sig[SLH_DSA_SHAKE_256_PREHASH_SHA2_256S] 
2026-01-14T17:07:42.5928011Z tests/test_alg_info.py::test_alg_info_sig[SLH_DSA_SHAKE_256_PREHASH_SHA2_256F] 
2026-01-14T17:07:42.5933101Z [gw1] [ 56%] SKIPPED tests/test_alg_info.py::test_alg_info_sig[SLH_DSA_SHAKE_256_PREHASH_SHA2_256F] 
2026-01-14T17:07:42.5947020Z tests/test_alg_info.py::test_alg_info_sig[SLH_DSA_SHAKE_256_PREHASH_SHAKE_128S] 
2026-01-14T17:07:42.5952385Z [gw1] [ 56%] SKIPPED tests/test_alg_info.py::test_alg_info_sig[SLH_DSA_SHAKE_256_PREHASH_SHAKE_128S] 
2026-01-14T17:07:42.5965389Z tests/test_alg_info.py::test_alg_info_sig[SLH_DSA_SHAKE_256_PREHASH_SHAKE_128F] 
2026-01-14T17:07:42.5974261Z [gw1] [ 56%] SKIPPED tests/test_alg_info.py::test_alg_info_sig[SLH_DSA_SHAKE_256_PREHASH_SHAKE_128F] 
2026-01-14T17:07:42.5987223Z tests/test_alg_info.py::test_alg_info_sig[SLH_DSA_SHAKE_256_PREHASH_SHAKE_192S] 
2026-01-14T17:07:42.5996314Z [gw1] [ 56%] SKIPPED tests/test_alg_info.py::test_alg_info_sig[SLH_DSA_SHAKE_256_PREHASH_SHAKE_192S] 
2026-01-14T17:07:42.6006004Z tests/test_alg_info.py::test_alg_info_sig[SLH_DSA_SHAKE_256_PREHASH_SHAKE_192F] 
2026-01-14T17:07:42.6011853Z [gw1] [ 56%] SKIPPED tests/test_alg_info.py::test_alg_info_sig[SLH_DSA_SHAKE_256_PREHASH_SHAKE_192F] 
2026-01-14T17:07:42.6024721Z tests/test_alg_info.py::test_alg_info_sig[SLH_DSA_SHAKE_256_PREHASH_SHAKE_256S] 
2026-01-14T17:07:42.6029658Z [gw1] [ 56%] SKIPPED tests/test_alg_info.py::test_alg_info_sig[SLH_DSA_SHAKE_256_PREHASH_SHAKE_256S] 
2026-01-14T17:07:42.6042767Z tests/test_alg_info.py::test_alg_info_sig[SLH_DSA_SHAKE_256_PREHASH_SHAKE_256F] 
2026-01-14T17:07:42.6049274Z [gw1] [ 56%] SKIPPED tests/test_alg_info.py::test_alg_info_sig[SLH_DSA_SHAKE_256_PREHASH_SHAKE_256F] 
2026-01-14T17:07:43.4891693Z tests/test_binary.py::test_namespace 
2026-01-14T17:07:43.4894599Z [gw1] [ 56%] PASSED tests/test_binary.py::test_namespace 
2026-01-14T17:07:43.4900371Z tests/test_binary.py::test_non_executable_stack 
2026-01-14T17:07:43.4907494Z [gw1] [ 56%] SKIPPED tests/test_binary.py::test_non_executable_stack 
2026-01-14T17:07:43.5129106Z tests/test_cmdline.py::test_examples[example_kem] 
2026-01-14T17:07:43.5133933Z [gw1] [ 56%] PASSED tests/test_cmdline.py::test_examples[example_kem] 
2026-01-14T17:07:43.5408302Z tests/test_cmdline.py::test_examples[example_sig] 
2026-01-14T17:07:43.5412453Z [gw1] [ 56%] PASSED tests/test_cmdline.py::test_examples[example_sig] 
2026-01-14T17:07:45.2926521Z tests/test_cmdline.py::test_examples[example_sig_stfl] 
2026-01-14T17:07:45.2927801Z [gw0] [ 56%] PASSED tests/test_cmdline.py::test_sig[ML-DSA-44] 
2026-01-14T17:07:49.9065115Z tests/test_cmdline.py::test_sig[ML-DSA-65] 
2026-01-14T17:07:49.9068323Z [gw1] [ 56%] PASSED tests/test_cmdline.py::test_examples[example_sig_stfl] 
2026-01-14T17:07:49.9533514Z tests/test_cmdline.py::test_kem[BIKE-L1] 
2026-01-14T17:07:49.9536838Z [gw1] [ 56%] PASSED tests/test_cmdline.py::test_kem[BIKE-L1] 
2026-01-14T17:07:50.0631049Z tests/test_cmdline.py::test_kem[BIKE-L3] 
2026-01-14T17:07:50.0635962Z [gw1] [ 56%] PASSED tests/test_cmdline.py::test_kem[BIKE-L3] 
2026-01-14T17:07:50.3081600Z tests/test_cmdline.py::test_kem[BIKE-L5] 
2026-01-14T17:07:50.3088054Z [gw1] [ 56%] PASSED tests/test_cmdline.py::test_kem[BIKE-L5] 
2026-01-14T17:07:50.3797357Z tests/test_cmdline.py::test_kem[Classic-McEliece-348864] 
2026-01-14T17:07:50.3801607Z [gw1] [ 56%] PASSED tests/test_cmdline.py::test_kem[Classic-McEliece-348864] 
2026-01-14T17:07:50.4334002Z tests/test_cmdline.py::test_kem[Classic-McEliece-348864f] 
2026-01-14T17:07:50.4336167Z [gw1] [ 56%] PASSED tests/test_cmdline.py::test_kem[Classic-McEliece-348864f] 
2026-01-14T17:07:50.6115118Z tests/test_cmdline.py::test_kem[Classic-McEliece-460896] 
2026-01-14T17:07:50.6120099Z [gw1] [ 56%] PASSED tests/test_cmdline.py::test_kem[Classic-McEliece-460896] 
2026-01-14T17:07:50.7422683Z tests/test_cmdline.py::test_kem[Classic-McEliece-460896f] 
2026-01-14T17:07:50.7426780Z [gw1] [ 56%] PASSED tests/test_cmdline.py::test_kem[Classic-McEliece-460896f] 
2026-01-14T17:07:50.9857354Z tests/test_cmdline.py::test_kem[Classic-McEliece-6688128] 
2026-01-14T17:07:50.9863117Z [gw1] [ 56%] PASSED tests/test_cmdline.py::test_kem[Classic-McEliece-6688128] 
2026-01-14T17:07:51.1685842Z tests/test_cmdline.py::test_kem[Classic-McEliece-6688128f] 
2026-01-14T17:07:51.1688790Z [gw1] [ 56%] PASSED tests/test_cmdline.py::test_kem[Classic-McEliece-6688128f] 
2026-01-14T17:07:51.4245337Z tests/test_cmdline.py::test_kem[Classic-McEliece-6960119] 
2026-01-14T17:07:51.4254152Z [gw1] [ 56%] PASSED tests/test_cmdline.py::test_kem[Classic-McEliece-6960119] 
2026-01-14T17:07:51.6074250Z tests/test_cmdline.py::test_kem[Classic-McEliece-6960119f] 
2026-01-14T17:07:51.6077183Z [gw1] [ 56%] PASSED tests/test_cmdline.py::test_kem[Classic-McEliece-6960119f] 
2026-01-14T17:07:51.8343525Z tests/test_cmdline.py::test_kem[Classic-McEliece-8192128] 
2026-01-14T17:07:51.8348734Z [gw1] [ 57%] PASSED tests/test_cmdline.py::test_kem[Classic-McEliece-8192128] 
2026-01-14T17:07:51.8354655Z tests/test_constant_time.py::test_constant_time_kem[BIKE-L3] 
2026-01-14T17:07:51.8360283Z [gw1] [ 57%] SKIPPED tests/test_constant_time.py::test_constant_time_kem[BIKE-L3] 
2026-01-14T17:07:51.8366254Z tests/test_constant_time.py::test_constant_time_kem[BIKE-L5] 
2026-01-14T17:07:51.8372294Z [gw1] [ 57%] SKIPPED tests/test_constant_time.py::test_constant_time_kem[BIKE-L5] 
2026-01-14T17:07:51.8376846Z tests/test_constant_time.py::test_constant_time_kem[Classic-McEliece-348864] 
2026-01-14T17:07:51.8381543Z [gw1] [ 57%] SKIPPED tests/test_constant_time.py::test_constant_time_kem[Classic-McEliece-348864] 
2026-01-14T17:07:51.8387855Z tests/test_constant_time.py::test_constant_time_kem[Classic-McEliece-348864f] 
2026-01-14T17:07:51.8393100Z [gw1] [ 57%] SKIPPED tests/test_constant_time.py::test_constant_time_kem[Classic-McEliece-348864f] 
2026-01-14T17:07:51.8400213Z tests/test_constant_time.py::test_constant_time_kem[Classic-McEliece-460896] 
2026-01-14T17:07:51.8413576Z [gw1] [ 57%] SKIPPED tests/test_constant_time.py::test_constant_time_kem[Classic-McEliece-460896] 
2026-01-14T17:07:51.8414631Z tests/test_constant_time.py::test_constant_time_kem[Classic-McEliece-460896f] 
2026-01-14T17:07:51.8415773Z [gw1] [ 57%] SKIPPED tests/test_constant_time.py::test_constant_time_kem[Classic-McEliece-460896f] 
2026-01-14T17:07:51.8420363Z tests/test_constant_time.py::test_constant_time_kem[Classic-McEliece-6688128] 
2026-01-14T17:07:51.8426820Z [gw1] [ 57%] SKIPPED tests/test_constant_time.py::test_constant_time_kem[Classic-McEliece-6688128] 
2026-01-14T17:07:51.8431831Z tests/test_constant_time.py::test_constant_time_kem[Classic-McEliece-6688128f] 
2026-01-14T17:07:51.8437674Z [gw1] [ 57%] SKIPPED tests/test_constant_time.py::test_constant_time_kem[Classic-McEliece-6688128f] 
2026-01-14T17:07:51.8443865Z tests/test_constant_time.py::test_constant_time_kem[Classic-McEliece-6960119] 
2026-01-14T17:07:51.8449209Z [gw1] [ 57%] SKIPPED tests/test_constant_time.py::test_constant_time_kem[Classic-McEliece-6960119] 
2026-01-14T17:07:51.8455747Z tests/test_constant_time.py::test_constant_time_kem[Classic-McEliece-6960119f] 
2026-01-14T17:07:51.8460076Z [gw1] [ 57%] SKIPPED tests/test_constant_time.py::test_constant_time_kem[Classic-McEliece-6960119f] 
2026-01-14T17:07:51.8465298Z tests/test_constant_time.py::test_constant_time_kem[Classic-McEliece-8192128] 
2026-01-14T17:07:51.8469961Z [gw1] [ 57%] SKIPPED tests/test_constant_time.py::test_constant_time_kem[Classic-McEliece-8192128] 
2026-01-14T17:07:51.8475111Z tests/test_constant_time.py::test_constant_time_kem[Classic-McEliece-8192128f] 
2026-01-14T17:07:51.8482516Z [gw1] [ 57%] SKIPPED tests/test_constant_time.py::test_constant_time_kem[Classic-McEliece-8192128f] 
2026-01-14T17:07:51.8485661Z tests/test_constant_time.py::test_constant_time_kem[HQC-128] 
2026-01-14T17:07:51.8490030Z [gw1] [ 57%] SKIPPED tests/test_constant_time.py::test_constant_time_kem[HQC-128] 
2026-01-14T17:07:51.8499832Z tests/test_constant_time.py::test_constant_time_kem[HQC-192] 
2026-01-14T17:07:51.8501275Z [gw1] [ 57%] SKIPPED tests/test_constant_time.py::test_constant_time_kem[HQC-192] 
2026-01-14T17:07:51.8513725Z tests/test_constant_time.py::test_constant_time_kem[HQC-256] 
2026-01-14T17:07:51.8514631Z [gw1] [ 57%] SKIPPED tests/test_constant_time.py::test_constant_time_kem[HQC-256] 
2026-01-14T17:07:51.8516195Z tests/test_constant_time.py::test_constant_time_kem[Kyber512] 
2026-01-14T17:07:51.8518996Z [gw1] [ 57%] SKIPPED tests/test_constant_time.py::test_constant_time_kem[Kyber512] 
2026-01-14T17:07:51.8523577Z tests/test_constant_time.py::test_constant_time_kem[Kyber768] 
2026-01-14T17:07:51.8528845Z [gw1] [ 57%] SKIPPED tests/test_constant_time.py::test_constant_time_kem[Kyber768] 
2026-01-14T17:07:51.8535762Z tests/test_constant_time.py::test_constant_time_kem[Kyber1024] 
2026-01-14T17:07:51.8540345Z [gw1] [ 57%] SKIPPED tests/test_constant_time.py::test_constant_time_kem[Kyber1024] 
2026-01-14T17:07:51.8544707Z tests/test_constant_time.py::test_constant_time_kem[ML-KEM-512] 
2026-01-14T17:07:51.8552070Z [gw1] [ 57%] SKIPPED tests/test_constant_time.py::test_constant_time_kem[ML-KEM-512] 
2026-01-14T17:07:51.8555230Z tests/test_constant_time.py::test_constant_time_kem[ML-KEM-768] 
2026-01-14T17:07:51.8562579Z [gw1] [ 57%] SKIPPED tests/test_constant_time.py::test_constant_time_kem[ML-KEM-768] 
2026-01-14T17:07:51.8569624Z tests/test_constant_time.py::test_constant_time_kem[ML-KEM-1024] 
2026-01-14T17:07:51.8574434Z [gw1] [ 57%] SKIPPED tests/test_constant_time.py::test_constant_time_kem[ML-KEM-1024] 
2026-01-14T17:07:51.8579599Z tests/test_constant_time.py::test_constant_time_kem[NTRU-HPS-2048-509] 
2026-01-14T17:07:51.8584260Z [gw1] [ 57%] SKIPPED tests/test_constant_time.py::test_constant_time_kem[NTRU-HPS-2048-509] 
2026-01-14T17:07:51.8589904Z tests/test_constant_time.py::test_constant_time_kem[NTRU-HPS-2048-677] 
2026-01-14T17:07:51.8595933Z [gw1] [ 57%] SKIPPED tests/test_constant_time.py::test_constant_time_kem[NTRU-HPS-2048-677] 
2026-01-14T17:07:51.8600403Z tests/test_constant_time.py::test_constant_time_kem[NTRU-HPS-4096-821] 
2026-01-14T17:07:51.8604755Z [gw1] [ 57%] SKIPPED tests/test_constant_time.py::test_constant_time_kem[NTRU-HPS-4096-821] 
2026-01-14T17:07:51.8610194Z tests/test_constant_time.py::test_constant_time_kem[NTRU-HPS-4096-1229] 
2026-01-14T17:07:51.8616123Z [gw1] [ 57%] SKIPPED tests/test_constant_time.py::test_constant_time_kem[NTRU-HPS-4096-1229] 
2026-01-14T17:07:51.8622399Z tests/test_constant_time.py::test_constant_time_kem[NTRU-HRSS-701] 
2026-01-14T17:07:51.8627852Z [gw1] [ 57%] SKIPPED tests/test_constant_time.py::test_constant_time_kem[NTRU-HRSS-701] 
2026-01-14T17:07:51.8630761Z tests/test_constant_time.py::test_constant_time_kem[NTRU-HRSS-1373] 
2026-01-14T17:07:51.8636315Z [gw1] [ 57%] SKIPPED tests/test_constant_time.py::test_constant_time_kem[NTRU-HRSS-1373] 
2026-01-14T17:07:51.8641070Z tests/test_constant_time.py::test_constant_time_kem[sntrup761] 
2026-01-14T17:07:51.8646930Z [gw1] [ 57%] SKIPPED tests/test_constant_time.py::test_constant_time_kem[sntrup761] 
2026-01-14T17:07:51.8651859Z tests/test_constant_time.py::test_constant_time_kem[FrodoKEM-640-AES] 
2026-01-14T17:07:51.8656155Z [gw1] [ 57%] SKIPPED tests/test_constant_time.py::test_constant_time_kem[FrodoKEM-640-AES] 
2026-01-14T17:07:51.8661845Z tests/test_constant_time.py::test_constant_time_kem[FrodoKEM-640-SHAKE] 
2026-01-14T17:07:51.8667134Z [gw1] [ 58%] SKIPPED tests/test_constant_time.py::test_constant_time_kem[FrodoKEM-640-SHAKE] 
2026-01-14T17:07:51.8672712Z tests/test_constant_time.py::test_constant_time_kem[FrodoKEM-976-AES] 
2026-01-14T17:07:51.8677659Z [gw1] [ 58%] SKIPPED tests/test_constant_time.py::test_constant_time_kem[FrodoKEM-976-AES] 
2026-01-14T17:07:51.8685582Z tests/test_constant_time.py::test_constant_time_kem[FrodoKEM-976-SHAKE] 
2026-01-14T17:07:51.8690295Z [gw1] [ 58%] SKIPPED tests/test_constant_time.py::test_constant_time_kem[FrodoKEM-976-SHAKE] 
2026-01-14T17:07:51.8695748Z tests/test_constant_time.py::test_constant_time_kem[FrodoKEM-1344-AES] 
2026-01-14T17:07:51.8701108Z [gw1] [ 58%] SKIPPED tests/test_constant_time.py::test_constant_time_kem[FrodoKEM-1344-AES] 
2026-01-14T17:07:51.8705334Z tests/test_constant_time.py::test_constant_time_kem[FrodoKEM-1344-SHAKE] 
2026-01-14T17:07:51.8710984Z [gw1] [ 58%] SKIPPED tests/test_constant_time.py::test_constant_time_kem[FrodoKEM-1344-SHAKE] 
2026-01-14T17:07:51.8715695Z tests/test_constant_time.py::test_constant_time_sig[Dilithium2] 
2026-01-14T17:07:51.8723060Z [gw1] [ 58%] SKIPPED tests/test_constant_time.py::test_constant_time_sig[Dilithium2] 
2026-01-14T17:07:51.8725539Z tests/test_constant_time.py::test_constant_time_sig[Dilithium3] 
2026-01-14T17:07:51.8730314Z [gw1] [ 58%] SKIPPED tests/test_constant_time.py::test_constant_time_sig[Dilithium3] 
2026-01-14T17:07:51.8735233Z tests/test_constant_time.py::test_constant_time_sig[Dilithium5] 
2026-01-14T17:07:51.8741099Z [gw1] [ 58%] SKIPPED tests/test_constant_time.py::test_constant_time_sig[Dilithium5] 
2026-01-14T17:07:51.8747212Z tests/test_constant_time.py::test_constant_time_sig[ML-DSA-44] 
2026-01-14T17:07:51.8752170Z [gw1] [ 58%] SKIPPED tests/test_constant_time.py::test_constant_time_sig[ML-DSA-44] 
2026-01-14T17:07:51.8755741Z tests/test_constant_time.py::test_constant_time_sig[ML-DSA-65] 
2026-01-14T17:07:51.8760612Z [gw1] [ 58%] SKIPPED tests/test_constant_time.py::test_constant_time_sig[ML-DSA-65] 
2026-01-14T17:07:51.8765615Z tests/test_constant_time.py::test_constant_time_sig[ML-DSA-87] 
2026-01-14T17:07:51.8769651Z [gw1] [ 58%] SKIPPED tests/test_constant_time.py::test_constant_time_sig[ML-DSA-87] 
2026-01-14T17:07:51.8775601Z tests/test_constant_time.py::test_constant_time_sig[Falcon-512] 
2026-01-14T17:07:51.8781362Z [gw1] [ 58%] SKIPPED tests/test_constant_time.py::test_constant_time_sig[Falcon-512] 
2026-01-14T17:07:51.8786241Z tests/test_constant_time.py::test_constant_time_sig[Falcon-1024] 
2026-01-14T17:07:51.8792508Z [gw1] [ 58%] SKIPPED tests/test_constant_time.py::test_constant_time_sig[Falcon-1024] 
2026-01-14T17:07:51.8801332Z tests/test_constant_time.py::test_constant_time_sig[Falcon-padded-512] 
2026-01-14T17:07:51.8803745Z [gw1] [ 58%] SKIPPED tests/test_constant_time.py::test_constant_time_sig[Falcon-padded-512] 
2026-01-14T17:07:51.8807678Z tests/test_constant_time.py::test_constant_time_sig[Falcon-padded-1024] 
2026-01-14T17:07:51.8812366Z [gw1] [ 58%] SKIPPED tests/test_constant_time.py::test_constant_time_sig[Falcon-padded-1024] 
2026-01-14T17:07:51.8819420Z tests/test_constant_time.py::test_constant_time_sig[SPHINCS+-SHA2-128f-simple] 
2026-01-14T17:07:51.8827492Z [gw1] [ 58%] SKIPPED tests/test_constant_time.py::test_constant_time_sig[SPHINCS+-SHA2-128f-simple] 
2026-01-14T17:07:51.8828608Z tests/test_constant_time.py::test_constant_time_sig[SPHINCS+-SHA2-128s-simple] 
2026-01-14T17:07:51.8834189Z [gw1] [ 58%] SKIPPED tests/test_constant_time.py::test_constant_time_sig[SPHINCS+-SHA2-128s-simple] 
2026-01-14T17:07:51.8836381Z tests/test_constant_time.py::test_constant_time_sig[SPHINCS+-SHA2-192f-simple] 
2026-01-14T17:07:51.8843073Z [gw1] [ 58%] SKIPPED tests/test_constant_time.py::test_constant_time_sig[SPHINCS+-SHA2-192f-simple] 
2026-01-14T17:07:51.8848196Z tests/test_constant_time.py::test_constant_time_sig[SPHINCS+-SHA2-192s-simple] 
2026-01-14T17:07:51.8852880Z [gw1] [ 58%] SKIPPED tests/test_constant_time.py::test_constant_time_sig[SPHINCS+-SHA2-192s-simple] 
2026-01-14T17:07:51.8858886Z tests/test_constant_time.py::test_constant_time_sig[SPHINCS+-SHA2-256f-simple] 
2026-01-14T17:07:51.8863952Z [gw1] [ 58%] SKIPPED tests/test_constant_time.py::test_constant_time_sig[SPHINCS+-SHA2-256f-simple] 
2026-01-14T17:07:51.8869880Z tests/test_constant_time.py::test_constant_time_sig[SPHINCS+-SHA2-256s-simple] 
2026-01-14T17:07:51.8875413Z [gw1] [ 58%] SKIPPED tests/test_constant_time.py::test_constant_time_sig[SPHINCS+-SHA2-256s-simple] 
2026-01-14T17:07:51.8880474Z tests/test_constant_time.py::test_constant_time_sig[SPHINCS+-SHAKE-128f-simple] 
2026-01-14T17:07:51.8884755Z [gw1] [ 58%] SKIPPED tests/test_constant_time.py::test_constant_time_sig[SPHINCS+-SHAKE-128f-simple] 
2026-01-14T17:07:51.8890457Z tests/test_constant_time.py::test_constant_time_sig[SPHINCS+-SHAKE-128s-simple] 
2026-01-14T17:07:51.8895920Z [gw1] [ 58%] SKIPPED tests/test_constant_time.py::test_constant_time_sig[SPHINCS+-SHAKE-128s-simple] 
2026-01-14T17:07:51.8901386Z tests/test_constant_time.py::test_constant_time_sig[SPHINCS+-SHAKE-192f-simple] 
2026-01-14T17:07:51.8906138Z [gw1] [ 58%] SKIPPED tests/test_constant_time.py::test_constant_time_sig[SPHINCS+-SHAKE-192f-simple] 
2026-01-14T17:07:51.8913420Z tests/test_constant_time.py::test_constant_time_sig[SPHINCS+-SHAKE-192s-simple] 
2026-01-14T17:07:51.8919043Z [gw1] [ 58%] SKIPPED tests/test_constant_time.py::test_constant_time_sig[SPHINCS+-SHAKE-192s-simple] 
2026-01-14T17:07:51.8925138Z tests/test_constant_time.py::test_constant_time_sig[SPHINCS+-SHAKE-256f-simple] 
2026-01-14T17:07:51.8932247Z [gw1] [ 58%] SKIPPED tests/test_constant_time.py::test_constant_time_sig[SPHINCS+-SHAKE-256f-simple] 
2026-01-14T17:07:51.8935161Z tests/test_constant_time.py::test_constant_time_sig[SPHINCS+-SHAKE-256s-simple] 
2026-01-14T17:07:51.8939788Z [gw1] [ 58%] SKIPPED tests/test_constant_time.py::test_constant_time_sig[SPHINCS+-SHAKE-256s-simple] 
2026-01-14T17:07:51.8945230Z tests/test_constant_time.py::test_constant_time_sig[MAYO-1] 
2026-01-14T17:07:51.8950359Z [gw1] [ 58%] SKIPPED tests/test_constant_time.py::test_constant_time_sig[MAYO-1] 
2026-01-14T17:07:51.8956352Z tests/test_constant_time.py::test_constant_time_sig[MAYO-2] 
2026-01-14T17:07:51.8960576Z [gw1] [ 58%] SKIPPED tests/test_constant_time.py::test_constant_time_sig[MAYO-2] 
2026-01-14T17:07:51.8966719Z tests/test_constant_time.py::test_constant_time_sig[MAYO-3] 
2026-01-14T17:07:51.8971673Z [gw1] [ 58%] SKIPPED tests/test_constant_time.py::test_constant_time_sig[MAYO-3] 
2026-01-14T17:07:51.8977634Z tests/test_constant_time.py::test_constant_time_sig[MAYO-5] 
2026-01-14T17:07:51.8982001Z [gw1] [ 58%] SKIPPED tests/test_constant_time.py::test_constant_time_sig[MAYO-5] 
2026-01-14T17:07:51.8988362Z tests/test_constant_time.py::test_constant_time_sig[cross-rsdp-128-balanced] 
2026-01-14T17:07:51.8993383Z [gw1] [ 59%] SKIPPED tests/test_constant_time.py::test_constant_time_sig[cross-rsdp-128-balanced] 
2026-01-14T17:07:51.8998838Z tests/test_constant_time.py::test_constant_time_sig[cross-rsdp-128-fast] 
2026-01-14T17:07:51.9003935Z [gw1] [ 59%] SKIPPED tests/test_constant_time.py::test_constant_time_sig[cross-rsdp-128-fast] 
2026-01-14T17:07:51.9009682Z tests/test_constant_time.py::test_constant_time_sig[cross-rsdp-128-small] 
2026-01-14T17:07:51.9015683Z [gw1] [ 59%] SKIPPED tests/test_constant_time.py::test_constant_time_sig[cross-rsdp-128-small] 
2026-01-14T17:07:51.9020424Z tests/test_constant_time.py::test_constant_time_sig[cross-rsdp-192-balanced] 
2026-01-14T17:07:51.9026584Z [gw1] [ 59%] SKIPPED tests/test_constant_time.py::test_constant_time_sig[cross-rsdp-192-balanced] 
2026-01-14T17:07:51.9033019Z tests/test_constant_time.py::test_constant_time_sig[cross-rsdp-192-fast] 
2026-01-14T17:07:51.9039232Z [gw1] [ 59%] SKIPPED tests/test_constant_time.py::test_constant_time_sig[cross-rsdp-192-fast] 
2026-01-14T17:07:51.9043994Z tests/test_constant_time.py::test_constant_time_sig[cross-rsdp-192-small] 
2026-01-14T17:07:51.9049427Z [gw1] [ 59%] SKIPPED tests/test_constant_time.py::test_constant_time_sig[cross-rsdp-192-small] 
2026-01-14T17:07:51.9055333Z tests/test_constant_time.py::test_constant_time_sig[cross-rsdp-256-balanced] 
2026-01-14T17:07:51.9060193Z [gw1] [ 59%] SKIPPED tests/test_constant_time.py::test_constant_time_sig[cross-rsdp-256-balanced] 
2026-01-14T17:07:51.9065799Z tests/test_constant_time.py::test_constant_time_sig[cross-rsdp-256-fast] 
2026-01-14T17:07:51.9071691Z [gw1] [ 59%] SKIPPED tests/test_constant_time.py::test_constant_time_sig[cross-rsdp-256-fast] 
2026-01-14T17:07:51.9076230Z tests/test_constant_time.py::test_constant_time_sig[cross-rsdp-256-small] 
2026-01-14T17:07:51.9081885Z [gw1] [ 59%] SKIPPED tests/test_constant_time.py::test_constant_time_sig[cross-rsdp-256-small] 
2026-01-14T17:07:51.9087005Z tests/test_constant_time.py::test_constant_time_sig[cross-rsdpg-128-balanced] 
2026-01-14T17:07:51.9092227Z [gw1] [ 59%] SKIPPED tests/test_constant_time.py::test_constant_time_sig[cross-rsdpg-128-balanced] 
2026-01-14T17:07:51.9098243Z tests/test_constant_time.py::test_constant_time_sig[cross-rsdpg-128-fast] 
2026-01-14T17:07:51.9103020Z [gw1] [ 59%] SKIPPED tests/test_constant_time.py::test_constant_time_sig[cross-rsdpg-128-fast] 
2026-01-14T17:07:51.9108685Z tests/test_constant_time.py::test_constant_time_sig[cross-rsdpg-128-small] 
2026-01-14T17:07:51.9114146Z [gw1] [ 59%] SKIPPED tests/test_constant_time.py::test_constant_time_sig[cross-rsdpg-128-small] 
2026-01-14T17:07:51.9120689Z tests/test_constant_time.py::test_constant_time_sig[cross-rsdpg-192-balanced] 
2026-01-14T17:07:51.9125103Z [gw1] [ 59%] SKIPPED tests/test_constant_time.py::test_constant_time_sig[cross-rsdpg-192-balanced] 
2026-01-14T17:07:51.9131054Z tests/test_constant_time.py::test_constant_time_sig[cross-rsdpg-192-fast] 
2026-01-14T17:07:51.9136720Z [gw1] [ 59%] SKIPPED tests/test_constant_time.py::test_constant_time_sig[cross-rsdpg-192-fast] 
2026-01-14T17:07:51.9141627Z tests/test_constant_time.py::test_constant_time_sig[cross-rsdpg-192-small] 
2026-01-14T17:07:51.9147440Z [gw1] [ 59%] SKIPPED tests/test_constant_time.py::test_constant_time_sig[cross-rsdpg-192-small] 
2026-01-14T17:07:51.9157385Z tests/test_constant_time.py::test_constant_time_sig[cross-rsdpg-256-balanced] 
2026-01-14T17:07:51.9162806Z [gw1] [ 59%] SKIPPED tests/test_constant_time.py::test_constant_time_sig[cross-rsdpg-256-balanced] 
2026-01-14T17:07:51.9168701Z tests/test_constant_time.py::test_constant_time_sig[cross-rsdpg-256-fast] 
2026-01-14T17:07:51.9174500Z [gw1] [ 59%] SKIPPED tests/test_constant_time.py::test_constant_time_sig[cross-rsdpg-256-fast] 
2026-01-14T17:07:51.9179404Z tests/test_constant_time.py::test_constant_time_sig[cross-rsdpg-256-small] 
2026-01-14T17:07:51.9184798Z [gw1] [ 59%] SKIPPED tests/test_constant_time.py::test_constant_time_sig[cross-rsdpg-256-small] 
2026-01-14T17:07:51.9190935Z tests/test_constant_time.py::test_constant_time_sig[OV-Is] 
2026-01-14T17:07:51.9196044Z [gw1] [ 59%] SKIPPED tests/test_constant_time.py::test_constant_time_sig[OV-Is] 
2026-01-14T17:07:51.9201648Z tests/test_constant_time.py::test_constant_time_sig[OV-Ip] 
2026-01-14T17:07:51.9207459Z [gw1] [ 59%] SKIPPED tests/test_constant_time.py::test_constant_time_sig[OV-Ip] 
2026-01-14T17:07:51.9213183Z tests/test_constant_time.py::test_constant_time_sig[OV-III] 
2026-01-14T17:07:51.9218655Z [gw1] [ 59%] SKIPPED tests/test_constant_time.py::test_constant_time_sig[OV-III] 
2026-01-14T17:07:51.9223926Z tests/test_constant_time.py::test_constant_time_sig[OV-V] 
2026-01-14T17:07:51.9229235Z [gw1] [ 59%] SKIPPED tests/test_constant_time.py::test_constant_time_sig[OV-V] 
2026-01-14T17:07:51.9234841Z tests/test_constant_time.py::test_constant_time_sig[OV-Is-pkc] 
2026-01-14T17:07:51.9239973Z [gw1] [ 59%] SKIPPED tests/test_constant_time.py::test_constant_time_sig[OV-Is-pkc] 
2026-01-14T17:07:51.9245434Z tests/test_constant_time.py::test_constant_time_sig[OV-Ip-pkc] 
2026-01-14T17:07:51.9251232Z [gw1] [ 59%] SKIPPED tests/test_constant_time.py::test_constant_time_sig[OV-Ip-pkc] 
2026-01-14T17:07:51.9255747Z tests/test_constant_time.py::test_constant_time_sig[OV-III-pkc] 
2026-01-14T17:07:51.9261039Z [gw1] [ 59%] SKIPPED tests/test_constant_time.py::test_constant_time_sig[OV-III-pkc] 
2026-01-14T17:07:51.9266832Z tests/test_constant_time.py::test_constant_time_sig[OV-V-pkc] 
2026-01-14T17:07:51.9273206Z [gw1] [ 59%] SKIPPED tests/test_constant_time.py::test_constant_time_sig[OV-V-pkc] 
2026-01-14T17:07:51.9278333Z tests/test_constant_time.py::test_constant_time_sig[OV-Is-pkc-skc] 
2026-01-14T17:07:51.9286632Z [gw1] [ 59%] SKIPPED tests/test_constant_time.py::test_constant_time_sig[OV-Is-pkc-skc] 
2026-01-14T17:07:51.9292025Z tests/test_constant_time.py::test_constant_time_sig[OV-Ip-pkc-skc] 
2026-01-14T17:07:51.9296485Z [gw1] [ 59%] SKIPPED tests/test_constant_time.py::test_constant_time_sig[OV-Ip-pkc-skc] 
2026-01-14T17:07:51.9300857Z tests/test_constant_time.py::test_constant_time_sig[OV-III-pkc-skc] 
2026-01-14T17:07:51.9307087Z [gw1] [ 59%] SKIPPED tests/test_constant_time.py::test_constant_time_sig[OV-III-pkc-skc] 
2026-01-14T17:07:51.9311965Z tests/test_constant_time.py::test_constant_time_sig[OV-V-pkc-skc] 
2026-01-14T17:07:51.9317349Z [gw1] [ 59%] SKIPPED tests/test_constant_time.py::test_constant_time_sig[OV-V-pkc-skc] 
2026-01-14T17:07:51.9324585Z tests/test_constant_time.py::test_constant_time_sig[SNOVA_24_5_4] 
2026-01-14T17:07:51.9328356Z [gw1] [ 59%] SKIPPED tests/test_constant_time.py::test_constant_time_sig[SNOVA_24_5_4] 
2026-01-14T17:07:51.9335698Z tests/test_constant_time.py::test_constant_time_sig[SNOVA_24_5_4_SHAKE] 
2026-01-14T17:07:51.9339921Z [gw1] [ 60%] SKIPPED tests/test_constant_time.py::test_constant_time_sig[SNOVA_24_5_4_SHAKE] 
2026-01-14T17:07:51.9344086Z tests/test_constant_time.py::test_constant_time_sig[SNOVA_24_5_4_esk] 
2026-01-14T17:07:51.9349326Z [gw1] [ 60%] SKIPPED tests/test_constant_time.py::test_constant_time_sig[SNOVA_24_5_4_esk] 
2026-01-14T17:07:51.9353720Z tests/test_constant_time.py::test_constant_time_sig[SNOVA_24_5_4_SHAKE_esk] 
2026-01-14T17:07:51.9358600Z [gw1] [ 60%] SKIPPED tests/test_constant_time.py::test_constant_time_sig[SNOVA_24_5_4_SHAKE_esk] 
2026-01-14T17:07:51.9363829Z tests/test_constant_time.py::test_constant_time_sig[SNOVA_37_17_2] 
2026-01-14T17:07:51.9368967Z [gw1] [ 60%] SKIPPED tests/test_constant_time.py::test_constant_time_sig[SNOVA_37_17_2] 
2026-01-14T17:07:51.9374185Z tests/test_constant_time.py::test_constant_time_sig[SNOVA_25_8_3] 
2026-01-14T17:07:51.9379509Z [gw1] [ 60%] SKIPPED tests/test_constant_time.py::test_constant_time_sig[SNOVA_25_8_3] 
2026-01-14T17:07:51.9384710Z tests/test_constant_time.py::test_constant_time_sig[SNOVA_56_25_2] 
2026-01-14T17:07:51.9390396Z [gw1] [ 60%] SKIPPED tests/test_constant_time.py::test_constant_time_sig[SNOVA_56_25_2] 
2026-01-14T17:07:51.9395894Z tests/test_constant_time.py::test_constant_time_sig[SNOVA_49_11_3] 
2026-01-14T17:07:51.9402359Z [gw1] [ 60%] SKIPPED tests/test_constant_time.py::test_constant_time_sig[SNOVA_49_11_3] 
2026-01-14T17:07:51.9410648Z tests/test_constant_time.py::test_constant_time_sig[SNOVA_37_8_4] 
2026-01-14T17:07:51.9415029Z [gw1] [ 60%] SKIPPED tests/test_constant_time.py::test_constant_time_sig[SNOVA_37_8_4] 
2026-01-14T17:07:51.9420509Z tests/test_constant_time.py::test_constant_time_sig[SNOVA_24_5_5] 
2026-01-14T17:07:51.9425564Z [gw1] [ 60%] SKIPPED tests/test_constant_time.py::test_constant_time_sig[SNOVA_24_5_5] 
2026-01-14T17:07:51.9432571Z tests/test_constant_time.py::test_constant_time_sig[SNOVA_60_10_4] 
2026-01-14T17:07:51.9439955Z [gw1] [ 60%] SKIPPED tests/test_constant_time.py::test_constant_time_sig[SNOVA_60_10_4] 
2026-01-14T17:07:51.9442654Z tests/test_constant_time.py::test_constant_time_sig[SNOVA_29_6_5] 
2026-01-14T17:07:51.9445164Z [gw1] [ 60%] SKIPPED tests/test_constant_time.py::test_constant_time_sig[SNOVA_29_6_5] 
2026-01-14T17:07:51.9450631Z tests/test_constant_time.py::test_constant_time_sig[SLH_DSA_PURE_SHA2_128S] 
2026-01-14T17:07:51.9456320Z [gw1] [ 60%] SKIPPED tests/test_constant_time.py::test_constant_time_sig[SLH_DSA_PURE_SHA2_128S] 
2026-01-14T17:07:51.9463215Z tests/test_constant_time.py::test_constant_time_sig[SLH_DSA_PURE_SHA2_128F] 
2026-01-14T17:07:51.9465403Z [gw1] [ 60%] SKIPPED tests/test_constant_time.py::test_constant_time_sig[SLH_DSA_PURE_SHA2_128F] 
2026-01-14T17:07:51.9470305Z tests/test_constant_time.py::test_constant_time_sig[SLH_DSA_PURE_SHA2_192S] 
2026-01-14T17:07:51.9475739Z [gw1] [ 60%] SKIPPED tests/test_constant_time.py::test_constant_time_sig[SLH_DSA_PURE_SHA2_192S] 
2026-01-14T17:07:51.9480931Z tests/test_constant_time.py::test_constant_time_sig[SLH_DSA_PURE_SHA2_192F] 
2026-01-14T17:07:51.9486477Z [gw1] [ 60%] SKIPPED tests/test_constant_time.py::test_constant_time_sig[SLH_DSA_PURE_SHA2_192F] 
2026-01-14T17:07:51.9490742Z tests/test_constant_time.py::test_constant_time_sig[SLH_DSA_PURE_SHA2_256S] 
2026-01-14T17:07:51.9496514Z [gw1] [ 60%] SKIPPED tests/test_constant_time.py::test_constant_time_sig[SLH_DSA_PURE_SHA2_256S] 
2026-01-14T17:07:51.9504144Z tests/test_constant_time.py::test_constant_time_sig[SLH_DSA_PURE_SHA2_256F] 
2026-01-14T17:07:51.9506562Z [gw1] [ 60%] SKIPPED tests/test_constant_time.py::test_constant_time_sig[SLH_DSA_PURE_SHA2_256F] 
2026-01-14T17:07:51.9512071Z tests/test_constant_time.py::test_constant_time_sig[SLH_DSA_PURE_SHAKE_128S] 
2026-01-14T17:07:51.9519171Z [gw1] [ 60%] SKIPPED tests/test_constant_time.py::test_constant_time_sig[SLH_DSA_PURE_SHAKE_128S] 
2026-01-14T17:07:51.9524848Z tests/test_constant_time.py::test_constant_time_sig[SLH_DSA_PURE_SHAKE_128F] 
2026-01-14T17:07:51.9530627Z [gw1] [ 60%] SKIPPED tests/test_constant_time.py::test_constant_time_sig[SLH_DSA_PURE_SHAKE_128F] 
2026-01-14T17:07:51.9536507Z tests/test_constant_time.py::test_constant_time_sig[SLH_DSA_PURE_SHAKE_192S] 
2026-01-14T17:07:51.9541211Z [gw1] [ 60%] SKIPPED tests/test_constant_time.py::test_constant_time_sig[SLH_DSA_PURE_SHAKE_192S] 
2026-01-14T17:07:51.9546462Z tests/test_constant_time.py::test_constant_time_sig[SLH_DSA_PURE_SHAKE_192F] 
2026-01-14T17:07:51.9551980Z [gw1] [ 60%] SKIPPED tests/test_constant_time.py::test_constant_time_sig[SLH_DSA_PURE_SHAKE_192F] 
2026-01-14T17:07:51.9557104Z tests/test_constant_time.py::test_constant_time_sig[SLH_DSA_PURE_SHAKE_256S] 
2026-01-14T17:07:51.9562626Z [gw1] [ 60%] SKIPPED tests/test_constant_time.py::test_constant_time_sig[SLH_DSA_PURE_SHAKE_256S] 
2026-01-14T17:07:51.9567915Z tests/test_constant_time.py::test_constant_time_sig[SLH_DSA_PURE_SHAKE_256F] 
2026-01-14T17:07:51.9573360Z [gw1] [ 60%] SKIPPED tests/test_constant_time.py::test_constant_time_sig[SLH_DSA_PURE_SHAKE_256F] 
2026-01-14T17:07:51.9579090Z tests/test_constant_time.py::test_constant_time_sig[SLH_DSA_SHA2_224_PREHASH_SHA2_128S] 
2026-01-14T17:07:51.9584052Z [gw1] [ 60%] SKIPPED tests/test_constant_time.py::test_constant_time_sig[SLH_DSA_SHA2_224_PREHASH_SHA2_128S] 
2026-01-14T17:07:51.9589593Z tests/test_constant_time.py::test_constant_time_sig[SLH_DSA_SHA2_224_PREHASH_SHA2_128F] 
2026-01-14T17:07:51.9594639Z [gw1] [ 60%] SKIPPED tests/test_constant_time.py::test_constant_time_sig[SLH_DSA_SHA2_224_PREHASH_SHA2_128F] 
2026-01-14T17:07:51.9601033Z tests/test_constant_time.py::test_constant_time_sig[SLH_DSA_SHA2_224_PREHASH_SHA2_192S] 
2026-01-14T17:07:51.9606305Z [gw1] [ 60%] SKIPPED tests/test_constant_time.py::test_constant_time_sig[SLH_DSA_SHA2_224_PREHASH_SHA2_192S] 
2026-01-14T17:07:51.9612011Z tests/test_constant_time.py::test_constant_time_sig[SLH_DSA_SHA2_224_PREHASH_SHA2_192F] 
2026-01-14T17:07:51.9617976Z [gw1] [ 60%] SKIPPED tests/test_constant_time.py::test_constant_time_sig[SLH_DSA_SHA2_224_PREHASH_SHA2_192F] 
2026-01-14T17:07:51.9623638Z tests/test_constant_time.py::test_constant_time_sig[SLH_DSA_SHA2_224_PREHASH_SHA2_256S] 
2026-01-14T17:07:51.9626557Z [gw1] [ 60%] SKIPPED tests/test_constant_time.py::test_constant_time_sig[SLH_DSA_SHA2_224_PREHASH_SHA2_256S] 
2026-01-14T17:07:51.9632600Z tests/test_constant_time.py::test_constant_time_sig[SLH_DSA_SHA2_224_PREHASH_SHA2_256F] 
2026-01-14T17:07:51.9640013Z [gw1] [ 60%] SKIPPED tests/test_constant_time.py::test_constant_time_sig[SLH_DSA_SHA2_224_PREHASH_SHA2_256F] 
2026-01-14T17:07:51.9647013Z tests/test_constant_time.py::test_constant_time_sig[SLH_DSA_SHA2_224_PREHASH_SHAKE_128S] 
2026-01-14T17:07:51.9651637Z [gw1] [ 60%] SKIPPED tests/test_constant_time.py::test_constant_time_sig[SLH_DSA_SHA2_224_PREHASH_SHAKE_128S] 
2026-01-14T17:07:51.9656901Z tests/test_constant_time.py::test_constant_time_sig[SLH_DSA_SHA2_224_PREHASH_SHAKE_128F] 
2026-01-14T17:07:51.9663416Z [gw1] [ 61%] SKIPPED tests/test_constant_time.py::test_constant_time_sig[SLH_DSA_SHA2_224_PREHASH_SHAKE_128F] 
2026-01-14T17:07:51.9667077Z tests/test_constant_time.py::test_constant_time_sig[SLH_DSA_SHA2_224_PREHASH_SHAKE_192S] 
2026-01-14T17:07:51.9672725Z [gw1] [ 61%] SKIPPED tests/test_constant_time.py::test_constant_time_sig[SLH_DSA_SHA2_224_PREHASH_SHAKE_192S] 
2026-01-14T17:07:51.9678198Z tests/test_constant_time.py::test_constant_time_sig[SLH_DSA_SHA2_224_PREHASH_SHAKE_192F] 
2026-01-14T17:07:51.9683307Z [gw1] [ 61%] SKIPPED tests/test_constant_time.py::test_constant_time_sig[SLH_DSA_SHA2_224_PREHASH_SHAKE_192F] 
2026-01-14T17:07:51.9688858Z tests/test_constant_time.py::test_constant_time_sig[SLH_DSA_SHA2_224_PREHASH_SHAKE_256S] 
2026-01-14T17:07:51.9694375Z [gw1] [ 61%] SKIPPED tests/test_constant_time.py::test_constant_time_sig[SLH_DSA_SHA2_224_PREHASH_SHAKE_256S] 
2026-01-14T17:07:51.9700453Z tests/test_constant_time.py::test_constant_time_sig[SLH_DSA_SHA2_224_PREHASH_SHAKE_256F] 
2026-01-14T17:07:51.9705975Z [gw1] [ 61%] SKIPPED tests/test_constant_time.py::test_constant_time_sig[SLH_DSA_SHA2_224_PREHASH_SHAKE_256F] 
2026-01-14T17:07:51.9711152Z tests/test_constant_time.py::test_constant_time_sig[SLH_DSA_SHA2_256_PREHASH_SHA2_128S] 
2026-01-14T17:07:51.9716441Z [gw1] [ 61%] SKIPPED tests/test_constant_time.py::test_constant_time_sig[SLH_DSA_SHA2_256_PREHASH_SHA2_128S] 
2026-01-14T17:07:51.9722315Z tests/test_constant_time.py::test_constant_time_sig[SLH_DSA_SHA2_256_PREHASH_SHA2_128F] 
2026-01-14T17:07:51.9728673Z [gw1] [ 61%] SKIPPED tests/test_constant_time.py::test_constant_time_sig[SLH_DSA_SHA2_256_PREHASH_SHA2_128F] 
2026-01-14T17:07:51.9732617Z tests/test_constant_time.py::test_constant_time_sig[SLH_DSA_SHA2_256_PREHASH_SHA2_192S] 
2026-01-14T17:07:51.9737727Z [gw1] [ 61%] SKIPPED tests/test_constant_time.py::test_constant_time_sig[SLH_DSA_SHA2_256_PREHASH_SHA2_192S] 
2026-01-14T17:07:51.9743524Z tests/test_constant_time.py::test_constant_time_sig[SLH_DSA_SHA2_256_PREHASH_SHA2_192F] 
2026-01-14T17:07:51.9749372Z [gw1] [ 61%] SKIPPED tests/test_constant_time.py::test_constant_time_sig[SLH_DSA_SHA2_256_PREHASH_SHA2_192F] 
2026-01-14T17:07:51.9754352Z tests/test_constant_time.py::test_constant_time_sig[SLH_DSA_SHA2_256_PREHASH_SHA2_256S] 
2026-01-14T17:07:51.9762607Z [gw1] [ 61%] SKIPPED tests/test_constant_time.py::test_constant_time_sig[SLH_DSA_SHA2_256_PREHASH_SHA2_256S] 
2026-01-14T17:07:51.9768057Z tests/test_constant_time.py::test_constant_time_sig[SLH_DSA_SHA2_256_PREHASH_SHA2_256F] 
2026-01-14T17:07:51.9772898Z [gw1] [ 61%] SKIPPED tests/test_constant_time.py::test_constant_time_sig[SLH_DSA_SHA2_256_PREHASH_SHA2_256F] 
2026-01-14T17:07:51.9776826Z tests/test_constant_time.py::test_constant_time_sig[SLH_DSA_SHA2_256_PREHASH_SHAKE_128S] 
2026-01-14T17:07:51.9783601Z [gw1] [ 61%] SKIPPED tests/test_constant_time.py::test_constant_time_sig[SLH_DSA_SHA2_256_PREHASH_SHAKE_128S] 
2026-01-14T17:07:51.9787719Z tests/test_constant_time.py::test_constant_time_sig[SLH_DSA_SHA2_256_PREHASH_SHAKE_128F] 
2026-01-14T17:07:51.9794501Z [gw1] [ 61%] SKIPPED tests/test_constant_time.py::test_constant_time_sig[SLH_DSA_SHA2_256_PREHASH_SHAKE_128F] 
2026-01-14T17:07:51.9798548Z tests/test_constant_time.py::test_constant_time_sig[SLH_DSA_SHA2_256_PREHASH_SHAKE_192S] 
2026-01-14T17:07:51.9804824Z [gw1] [ 61%] SKIPPED tests/test_constant_time.py::test_constant_time_sig[SLH_DSA_SHA2_256_PREHASH_SHAKE_192S] 
2026-01-14T17:07:51.9810885Z tests/test_constant_time.py::test_constant_time_sig[SLH_DSA_SHA2_256_PREHASH_SHAKE_192F] 
2026-01-14T17:07:51.9817612Z [gw1] [ 61%] SKIPPED tests/test_constant_time.py::test_constant_time_sig[SLH_DSA_SHA2_256_PREHASH_SHAKE_192F] 
2026-01-14T17:07:51.9823840Z tests/test_constant_time.py::test_constant_time_sig[SLH_DSA_SHA2_256_PREHASH_SHAKE_256S] 
2026-01-14T17:07:51.9828246Z [gw1] [ 61%] SKIPPED tests/test_constant_time.py::test_constant_time_sig[SLH_DSA_SHA2_256_PREHASH_SHAKE_256S] 
2026-01-14T17:07:51.9833602Z tests/test_constant_time.py::test_constant_time_sig[SLH_DSA_SHA2_256_PREHASH_SHAKE_256F] 
2026-01-14T17:07:51.9839142Z [gw1] [ 61%] SKIPPED tests/test_constant_time.py::test_constant_time_sig[SLH_DSA_SHA2_256_PREHASH_SHAKE_256F] 
2026-01-14T17:07:51.9843304Z tests/test_constant_time.py::test_constant_time_sig[SLH_DSA_SHA2_384_PREHASH_SHA2_128S] 
2026-01-14T17:07:51.9848880Z [gw1] [ 61%] SKIPPED tests/test_constant_time.py::test_constant_time_sig[SLH_DSA_SHA2_384_PREHASH_SHA2_128S] 
2026-01-14T17:07:51.9853941Z tests/test_constant_time.py::test_constant_time_sig[SLH_DSA_SHA2_384_PREHASH_SHA2_128F] 
2026-01-14T17:07:51.9859824Z [gw1] [ 61%] SKIPPED tests/test_constant_time.py::test_constant_time_sig[SLH_DSA_SHA2_384_PREHASH_SHA2_128F] 
2026-01-14T17:07:51.9864797Z tests/test_constant_time.py::test_constant_time_sig[SLH_DSA_SHA2_384_PREHASH_SHA2_192S] 
2026-01-14T17:07:51.9869814Z [gw1] [ 61%] SKIPPED tests/test_constant_time.py::test_constant_time_sig[SLH_DSA_SHA2_384_PREHASH_SHA2_192S] 
2026-01-14T17:07:51.9874632Z tests/test_constant_time.py::test_constant_time_sig[SLH_DSA_SHA2_384_PREHASH_SHA2_192F] 
2026-01-14T17:07:51.9884038Z [gw1] [ 61%] SKIPPED tests/test_constant_time.py::test_constant_time_sig[SLH_DSA_SHA2_384_PREHASH_SHA2_192F] 
2026-01-14T17:07:51.9888584Z tests/test_constant_time.py::test_constant_time_sig[SLH_DSA_SHA2_384_PREHASH_SHA2_256S] 
2026-01-14T17:07:51.9894351Z [gw1] [ 61%] SKIPPED tests/test_constant_time.py::test_constant_time_sig[SLH_DSA_SHA2_384_PREHASH_SHA2_256S] 
2026-01-14T17:07:51.9899948Z tests/test_constant_time.py::test_constant_time_sig[SLH_DSA_SHA2_384_PREHASH_SHA2_256F] 
2026-01-14T17:07:51.9904345Z [gw1] [ 61%] SKIPPED tests/test_constant_time.py::test_constant_time_sig[SLH_DSA_SHA2_384_PREHASH_SHA2_256F] 
2026-01-14T17:07:51.9909933Z tests/test_constant_time.py::test_constant_time_sig[SLH_DSA_SHA2_384_PREHASH_SHAKE_128S] 
2026-01-14T17:07:51.9916631Z [gw1] [ 61%] SKIPPED tests/test_constant_time.py::test_constant_time_sig[SLH_DSA_SHA2_384_PREHASH_SHAKE_128S] 
2026-01-14T17:07:51.9921935Z tests/test_constant_time.py::test_constant_time_sig[SLH_DSA_SHA2_384_PREHASH_SHAKE_128F] 
2026-01-14T17:07:51.9931760Z [gw1] [ 61%] SKIPPED tests/test_constant_time.py::test_constant_time_sig[SLH_DSA_SHA2_384_PREHASH_SHAKE_128F] 
2026-01-14T17:07:51.9937279Z tests/test_constant_time.py::test_constant_time_sig[SLH_DSA_SHA2_384_PREHASH_SHAKE_192S] 
2026-01-14T17:07:51.9943401Z [gw1] [ 61%] SKIPPED tests/test_constant_time.py::test_constant_time_sig[SLH_DSA_SHA2_384_PREHASH_SHAKE_192S] 
2026-01-14T17:07:51.9947336Z tests/test_constant_time.py::test_constant_time_sig[SLH_DSA_SHA2_384_PREHASH_SHAKE_192F] 
2026-01-14T17:07:51.9949428Z [gw1] [ 61%] SKIPPED tests/test_constant_time.py::test_constant_time_sig[SLH_DSA_SHA2_384_PREHASH_SHAKE_192F] 
2026-01-14T17:07:51.9956786Z tests/test_constant_time.py::test_constant_time_sig[SLH_DSA_SHA2_384_PREHASH_SHAKE_256S] 
2026-01-14T17:07:51.9959382Z [gw1] [ 61%] SKIPPED tests/test_constant_time.py::test_constant_time_sig[SLH_DSA_SHA2_384_PREHASH_SHAKE_256S] 
2026-01-14T17:07:51.9964437Z tests/test_constant_time.py::test_constant_time_sig[SLH_DSA_SHA2_384_PREHASH_SHAKE_256F] 
2026-01-14T17:07:51.9969221Z [gw1] [ 61%] SKIPPED tests/test_constant_time.py::test_constant_time_sig[SLH_DSA_SHA2_384_PREHASH_SHAKE_256F] 
2026-01-14T17:07:51.9976579Z tests/test_constant_time.py::test_constant_time_sig[SLH_DSA_SHA2_512_PREHASH_SHA2_128S] 
2026-01-14T17:07:51.9979214Z [gw1] [ 61%] SKIPPED tests/test_constant_time.py::test_constant_time_sig[SLH_DSA_SHA2_512_PREHASH_SHA2_128S] 
2026-01-14T17:07:51.9984186Z tests/test_constant_time.py::test_constant_time_sig[SLH_DSA_SHA2_512_PREHASH_SHA2_128F] 
2026-01-14T17:07:51.9989707Z [gw1] [ 61%] SKIPPED tests/test_constant_time.py::test_constant_time_sig[SLH_DSA_SHA2_512_PREHASH_SHA2_128F] 
2026-01-14T17:07:51.9994536Z tests/test_constant_time.py::test_constant_time_sig[SLH_DSA_SHA2_512_PREHASH_SHA2_192S] 
2026-01-14T17:07:52.0002926Z [gw1] [ 62%] SKIPPED tests/test_constant_time.py::test_constant_time_sig[SLH_DSA_SHA2_512_PREHASH_SHA2_192S] 
2026-01-14T17:07:52.0008425Z tests/test_constant_time.py::test_constant_time_sig[SLH_DSA_SHA2_512_PREHASH_SHA2_192F] 
2026-01-14T17:07:52.0013679Z [gw1] [ 62%] SKIPPED tests/test_constant_time.py::test_constant_time_sig[SLH_DSA_SHA2_512_PREHASH_SHA2_192F] 
2026-01-14T17:07:52.0018598Z tests/test_constant_time.py::test_constant_time_sig[SLH_DSA_SHA2_512_PREHASH_SHA2_256S] 
2026-01-14T17:07:52.0024068Z [gw1] [ 62%] SKIPPED tests/test_constant_time.py::test_constant_time_sig[SLH_DSA_SHA2_512_PREHASH_SHA2_256S] 
2026-01-14T17:07:52.0029527Z tests/test_constant_time.py::test_constant_time_sig[SLH_DSA_SHA2_512_PREHASH_SHA2_256F] 
2026-01-14T17:07:52.0034373Z [gw1] [ 62%] SKIPPED tests/test_constant_time.py::test_constant_time_sig[SLH_DSA_SHA2_512_PREHASH_SHA2_256F] 
2026-01-14T17:07:52.0039823Z tests/test_constant_time.py::test_constant_time_sig[SLH_DSA_SHA2_512_PREHASH_SHAKE_128S] 
2026-01-14T17:07:52.0045381Z [gw1] [ 62%] SKIPPED tests/test_constant_time.py::test_constant_time_sig[SLH_DSA_SHA2_512_PREHASH_SHAKE_128S] 
2026-01-14T17:07:52.0050466Z tests/test_constant_time.py::test_constant_time_sig[SLH_DSA_SHA2_512_PREHASH_SHAKE_128F] 
2026-01-14T17:07:52.0055380Z [gw1] [ 62%] SKIPPED tests/test_constant_time.py::test_constant_time_sig[SLH_DSA_SHA2_512_PREHASH_SHAKE_128F] 
2026-01-14T17:07:52.0061545Z tests/test_constant_time.py::test_constant_time_sig[SLH_DSA_SHA2_512_PREHASH_SHAKE_192S] 
2026-01-14T17:07:52.0066560Z [gw1] [ 62%] SKIPPED tests/test_constant_time.py::test_constant_time_sig[SLH_DSA_SHA2_512_PREHASH_SHAKE_192S] 
2026-01-14T17:07:52.0071739Z tests/test_constant_time.py::test_constant_time_sig[SLH_DSA_SHA2_512_PREHASH_SHAKE_192F] 
2026-01-14T17:07:52.0076587Z [gw1] [ 62%] SKIPPED tests/test_constant_time.py::test_constant_time_sig[SLH_DSA_SHA2_512_PREHASH_SHAKE_192F] 
2026-01-14T17:07:52.0081485Z tests/test_constant_time.py::test_constant_time_sig[SLH_DSA_SHA2_512_PREHASH_SHAKE_256S] 
2026-01-14T17:07:52.0086771Z [gw1] [ 62%] SKIPPED tests/test_constant_time.py::test_constant_time_sig[SLH_DSA_SHA2_512_PREHASH_SHAKE_256S] 
2026-01-14T17:07:52.0095650Z tests/test_constant_time.py::test_constant_time_sig[SLH_DSA_SHA2_512_PREHASH_SHAKE_256F] 
2026-01-14T17:07:52.0097612Z [gw1] [ 62%] SKIPPED tests/test_constant_time.py::test_constant_time_sig[SLH_DSA_SHA2_512_PREHASH_SHAKE_256F] 
2026-01-14T17:07:52.0102287Z tests/test_constant_time.py::test_constant_time_sig[SLH_DSA_SHA2_512_224_PREHASH_SHA2_128S] 
2026-01-14T17:07:52.0107356Z [gw1] [ 62%] SKIPPED tests/test_constant_time.py::test_constant_time_sig[SLH_DSA_SHA2_512_224_PREHASH_SHA2_128S] 
2026-01-14T17:07:52.0113688Z tests/test_constant_time.py::test_constant_time_sig[SLH_DSA_SHA2_512_224_PREHASH_SHA2_128F] 
2026-01-14T17:07:52.0122055Z [gw1] [ 62%] SKIPPED tests/test_constant_time.py::test_constant_time_sig[SLH_DSA_SHA2_512_224_PREHASH_SHA2_128F] 
2026-01-14T17:07:52.0126586Z tests/test_constant_time.py::test_constant_time_sig[SLH_DSA_SHA2_512_224_PREHASH_SHA2_192S] 
2026-01-14T17:07:52.0133109Z [gw1] [ 62%] SKIPPED tests/test_constant_time.py::test_constant_time_sig[SLH_DSA_SHA2_512_224_PREHASH_SHA2_192S] 
2026-01-14T17:07:52.0137977Z tests/test_constant_time.py::test_constant_time_sig[SLH_DSA_SHA2_512_224_PREHASH_SHA2_192F] 
2026-01-14T17:07:52.0143580Z [gw1] [ 62%] SKIPPED tests/test_constant_time.py::test_constant_time_sig[SLH_DSA_SHA2_512_224_PREHASH_SHA2_192F] 
2026-01-14T17:07:52.0150893Z tests/test_constant_time.py::test_constant_time_sig[SLH_DSA_SHA2_512_224_PREHASH_SHA2_256S] 
2026-01-14T17:07:52.0154751Z [gw1] [ 62%] SKIPPED tests/test_constant_time.py::test_constant_time_sig[SLH_DSA_SHA2_512_224_PREHASH_SHA2_256S] 
2026-01-14T17:07:52.0159206Z tests/test_constant_time.py::test_constant_time_sig[SLH_DSA_SHA2_512_224_PREHASH_SHA2_256F] 
2026-01-14T17:07:52.0164111Z [gw1] [ 62%] SKIPPED tests/test_constant_time.py::test_constant_time_sig[SLH_DSA_SHA2_512_224_PREHASH_SHA2_256F] 
2026-01-14T17:07:52.0170262Z tests/test_constant_time.py::test_constant_time_sig[SLH_DSA_SHA2_512_224_PREHASH_SHAKE_128S] 
2026-01-14T17:07:52.0175295Z [gw1] [ 62%] SKIPPED tests/test_constant_time.py::test_constant_time_sig[SLH_DSA_SHA2_512_224_PREHASH_SHAKE_128S] 
2026-01-14T17:07:52.0180908Z tests/test_constant_time.py::test_constant_time_sig[SLH_DSA_SHA2_512_224_PREHASH_SHAKE_128F] 
2026-01-14T17:07:52.0186549Z [gw1] [ 62%] SKIPPED tests/test_constant_time.py::test_constant_time_sig[SLH_DSA_SHA2_512_224_PREHASH_SHAKE_128F] 
2026-01-14T17:07:52.0191475Z tests/test_constant_time.py::test_constant_time_sig[SLH_DSA_SHA2_512_224_PREHASH_SHAKE_192S] 
2026-01-14T17:07:52.0197319Z [gw1] [ 62%] SKIPPED tests/test_constant_time.py::test_constant_time_sig[SLH_DSA_SHA2_512_224_PREHASH_SHAKE_192S] 
2026-01-14T17:07:52.0202363Z tests/test_constant_time.py::test_constant_time_sig[SLH_DSA_SHA2_512_224_PREHASH_SHAKE_192F] 
2026-01-14T17:07:52.0206975Z [gw1] [ 62%] SKIPPED tests/test_constant_time.py::test_constant_time_sig[SLH_DSA_SHA2_512_224_PREHASH_SHAKE_192F] 
2026-01-14T17:07:52.0214252Z tests/test_constant_time.py::test_constant_time_sig[SLH_DSA_SHA2_512_224_PREHASH_SHAKE_256S] 
2026-01-14T17:07:52.0219047Z [gw1] [ 62%] SKIPPED tests/test_constant_time.py::test_constant_time_sig[SLH_DSA_SHA2_512_224_PREHASH_SHAKE_256S] 
2026-01-14T17:07:52.0223782Z tests/test_constant_time.py::test_constant_time_sig[SLH_DSA_SHA2_512_224_PREHASH_SHAKE_256F] 
2026-01-14T17:07:52.0228541Z [gw1] [ 62%] SKIPPED tests/test_constant_time.py::test_constant_time_sig[SLH_DSA_SHA2_512_224_PREHASH_SHAKE_256F] 
2026-01-14T17:07:52.0233285Z tests/test_constant_time.py::test_constant_time_sig[SLH_DSA_SHA2_512_256_PREHASH_SHA2_128S] 
2026-01-14T17:07:52.0241113Z [gw1] [ 62%] SKIPPED tests/test_constant_time.py::test_constant_time_sig[SLH_DSA_SHA2_512_256_PREHASH_SHA2_128S] 
2026-01-14T17:07:52.0247239Z tests/test_constant_time.py::test_constant_time_sig[SLH_DSA_SHA2_512_256_PREHASH_SHA2_128F] 
2026-01-14T17:07:52.0253155Z [gw1] [ 62%] SKIPPED tests/test_constant_time.py::test_constant_time_sig[SLH_DSA_SHA2_512_256_PREHASH_SHA2_128F] 
2026-01-14T17:07:52.0257983Z tests/test_constant_time.py::test_constant_time_sig[SLH_DSA_SHA2_512_256_PREHASH_SHA2_192S] 
2026-01-14T17:07:52.0263733Z [gw1] [ 62%] SKIPPED tests/test_constant_time.py::test_constant_time_sig[SLH_DSA_SHA2_512_256_PREHASH_SHA2_192S] 
2026-01-14T17:07:52.0268407Z tests/test_constant_time.py::test_constant_time_sig[SLH_DSA_SHA2_512_256_PREHASH_SHA2_192F] 
2026-01-14T17:07:52.0274114Z [gw1] [ 62%] SKIPPED tests/test_constant_time.py::test_constant_time_sig[SLH_DSA_SHA2_512_256_PREHASH_SHA2_192F] 
2026-01-14T17:07:52.0278866Z tests/test_constant_time.py::test_constant_time_sig[SLH_DSA_SHA2_512_256_PREHASH_SHA2_256S] 
2026-01-14T17:07:52.0284563Z [gw1] [ 62%] SKIPPED tests/test_constant_time.py::test_constant_time_sig[SLH_DSA_SHA2_512_256_PREHASH_SHA2_256S] 
2026-01-14T17:07:52.0289576Z tests/test_constant_time.py::test_constant_time_sig[SLH_DSA_SHA2_512_256_PREHASH_SHA2_256F] 
2026-01-14T17:07:52.0295448Z [gw1] [ 62%] SKIPPED tests/test_constant_time.py::test_constant_time_sig[SLH_DSA_SHA2_512_256_PREHASH_SHA2_256F] 
2026-01-14T17:07:52.0301332Z tests/test_constant_time.py::test_constant_time_sig[SLH_DSA_SHA2_512_256_PREHASH_SHAKE_128S] 
2026-01-14T17:07:52.0306364Z [gw1] [ 62%] SKIPPED tests/test_constant_time.py::test_constant_time_sig[SLH_DSA_SHA2_512_256_PREHASH_SHAKE_128S] 
2026-01-14T17:07:52.0311399Z tests/test_constant_time.py::test_constant_time_sig[SLH_DSA_SHA2_512_256_PREHASH_SHAKE_128F] 
2026-01-14T17:07:52.0316456Z [gw1] [ 62%] SKIPPED tests/test_constant_time.py::test_constant_time_sig[SLH_DSA_SHA2_512_256_PREHASH_SHAKE_128F] 
2026-01-14T17:07:52.0321229Z tests/test_constant_time.py::test_constant_time_sig[SLH_DSA_SHA2_512_256_PREHASH_SHAKE_192S] 
2026-01-14T17:07:52.0327111Z [gw1] [ 62%] SKIPPED tests/test_constant_time.py::test_constant_time_sig[SLH_DSA_SHA2_512_256_PREHASH_SHAKE_192S] 
2026-01-14T17:07:52.0331460Z tests/test_constant_time.py::test_constant_time_sig[SLH_DSA_SHA2_512_256_PREHASH_SHAKE_192F] 
2026-01-14T17:07:52.0336896Z [gw1] [ 63%] SKIPPED tests/test_constant_time.py::test_constant_time_sig[SLH_DSA_SHA2_512_256_PREHASH_SHAKE_192F] 
2026-01-14T17:07:52.0344847Z tests/test_constant_time.py::test_constant_time_sig[SLH_DSA_SHA2_512_256_PREHASH_SHAKE_256S] 
2026-01-14T17:07:52.0348438Z [gw1] [ 63%] SKIPPED tests/test_constant_time.py::test_constant_time_sig[SLH_DSA_SHA2_512_256_PREHASH_SHAKE_256S] 
2026-01-14T17:07:52.0353439Z tests/test_constant_time.py::test_constant_time_sig[SLH_DSA_SHA2_512_256_PREHASH_SHAKE_256F] 
2026-01-14T17:07:52.0359510Z [gw1] [ 63%] SKIPPED tests/test_constant_time.py::test_constant_time_sig[SLH_DSA_SHA2_512_256_PREHASH_SHAKE_256F] 
2026-01-14T17:07:52.0365718Z tests/test_constant_time.py::test_constant_time_sig[SLH_DSA_SHA3_224_PREHASH_SHA2_128S] 
2026-01-14T17:07:52.0371304Z [gw1] [ 63%] SKIPPED tests/test_constant_time.py::test_constant_time_sig[SLH_DSA_SHA3_224_PREHASH_SHA2_128S] 
2026-01-14T17:07:52.0375821Z tests/test_constant_time.py::test_constant_time_sig[SLH_DSA_SHA3_224_PREHASH_SHA2_128F] 
2026-01-14T17:07:52.0381566Z [gw1] [ 63%] SKIPPED tests/test_constant_time.py::test_constant_time_sig[SLH_DSA_SHA3_224_PREHASH_SHA2_128F] 
2026-01-14T17:07:52.0387240Z tests/test_constant_time.py::test_constant_time_sig[SLH_DSA_SHA3_224_PREHASH_SHA2_192S] 
2026-01-14T17:07:52.0392696Z [gw1] [ 63%] SKIPPED tests/test_constant_time.py::test_constant_time_sig[SLH_DSA_SHA3_224_PREHASH_SHA2_192S] 
2026-01-14T17:07:52.0397531Z tests/test_constant_time.py::test_constant_time_sig[SLH_DSA_SHA3_224_PREHASH_SHA2_192F] 
2026-01-14T17:07:52.0403124Z [gw1] [ 63%] SKIPPED tests/test_constant_time.py::test_constant_time_sig[SLH_DSA_SHA3_224_PREHASH_SHA2_192F] 
2026-01-14T17:07:52.0408695Z tests/test_constant_time.py::test_constant_time_sig[SLH_DSA_SHA3_224_PREHASH_SHA2_256S] 
2026-01-14T17:07:52.0413902Z [gw1] [ 63%] SKIPPED tests/test_constant_time.py::test_constant_time_sig[SLH_DSA_SHA3_224_PREHASH_SHA2_256S] 
2026-01-14T17:07:52.0418754Z tests/test_constant_time.py::test_constant_time_sig[SLH_DSA_SHA3_224_PREHASH_SHA2_256F] 
2026-01-14T17:07:52.0424272Z [gw1] [ 63%] SKIPPED tests/test_constant_time.py::test_constant_time_sig[SLH_DSA_SHA3_224_PREHASH_SHA2_256F] 
2026-01-14T17:07:52.0429495Z tests/test_constant_time.py::test_constant_time_sig[SLH_DSA_SHA3_224_PREHASH_SHAKE_128S] 
2026-01-14T17:07:52.0435471Z [gw1] [ 63%] SKIPPED tests/test_constant_time.py::test_constant_time_sig[SLH_DSA_SHA3_224_PREHASH_SHAKE_128S] 
2026-01-14T17:07:52.0440118Z tests/test_constant_time.py::test_constant_time_sig[SLH_DSA_SHA3_224_PREHASH_SHAKE_128F] 
2026-01-14T17:07:52.0445834Z [gw1] [ 63%] SKIPPED tests/test_constant_time.py::test_constant_time_sig[SLH_DSA_SHA3_224_PREHASH_SHAKE_128F] 
2026-01-14T17:07:52.0450822Z tests/test_constant_time.py::test_constant_time_sig[SLH_DSA_SHA3_224_PREHASH_SHAKE_192S] 
2026-01-14T17:07:52.0456766Z [gw1] [ 63%] SKIPPED tests/test_constant_time.py::test_constant_time_sig[SLH_DSA_SHA3_224_PREHASH_SHAKE_192S] 
2026-01-14T17:07:52.0461724Z tests/test_constant_time.py::test_constant_time_sig[SLH_DSA_SHA3_224_PREHASH_SHAKE_192F] 
2026-01-14T17:07:52.0466212Z [gw1] [ 63%] SKIPPED tests/test_constant_time.py::test_constant_time_sig[SLH_DSA_SHA3_224_PREHASH_SHAKE_192F] 
2026-01-14T17:07:52.0472073Z tests/test_constant_time.py::test_constant_time_sig[SLH_DSA_SHA3_224_PREHASH_SHAKE_256S] 
2026-01-14T17:07:52.0480220Z [gw1] [ 63%] SKIPPED tests/test_constant_time.py::test_constant_time_sig[SLH_DSA_SHA3_224_PREHASH_SHAKE_256S] 
2026-01-14T17:07:52.0484136Z tests/test_constant_time.py::test_constant_time_sig[SLH_DSA_SHA3_224_PREHASH_SHAKE_256F] 
2026-01-14T17:07:52.0489953Z [gw1] [ 63%] SKIPPED tests/test_constant_time.py::test_constant_time_sig[SLH_DSA_SHA3_224_PREHASH_SHAKE_256F] 
2026-01-14T17:07:52.0495431Z tests/test_constant_time.py::test_constant_time_sig[SLH_DSA_SHA3_256_PREHASH_SHA2_128S] 
2026-01-14T17:07:52.0500767Z [gw1] [ 63%] SKIPPED tests/test_constant_time.py::test_constant_time_sig[SLH_DSA_SHA3_256_PREHASH_SHA2_128S] 
2026-01-14T17:07:52.0506642Z tests/test_constant_time.py::test_constant_time_sig[SLH_DSA_SHA3_256_PREHASH_SHA2_128F] 
2026-01-14T17:07:52.0512174Z [gw1] [ 63%] SKIPPED tests/test_constant_time.py::test_constant_time_sig[SLH_DSA_SHA3_256_PREHASH_SHA2_128F] 
2026-01-14T17:07:52.0518076Z tests/test_constant_time.py::test_constant_time_sig[SLH_DSA_SHA3_256_PREHASH_SHA2_192S] 
2026-01-14T17:07:52.0524219Z [gw1] [ 63%] SKIPPED tests/test_constant_time.py::test_constant_time_sig[SLH_DSA_SHA3_256_PREHASH_SHA2_192S] 
2026-01-14T17:07:52.0529640Z tests/test_constant_time.py::test_constant_time_sig[SLH_DSA_SHA3_256_PREHASH_SHA2_192F] 
2026-01-14T17:07:52.0533315Z [gw1] [ 63%] SKIPPED tests/test_constant_time.py::test_constant_time_sig[SLH_DSA_SHA3_256_PREHASH_SHA2_192F] 
2026-01-14T17:07:52.0539090Z tests/test_constant_time.py::test_constant_time_sig[SLH_DSA_SHA3_256_PREHASH_SHA2_256S] 
2026-01-14T17:07:52.0544076Z [gw1] [ 63%] SKIPPED tests/test_constant_time.py::test_constant_time_sig[SLH_DSA_SHA3_256_PREHASH_SHA2_256S] 
2026-01-14T17:07:52.0549594Z tests/test_constant_time.py::test_constant_time_sig[SLH_DSA_SHA3_256_PREHASH_SHA2_256F] 
2026-01-14T17:07:52.0554704Z [gw1] [ 63%] SKIPPED tests/test_constant_time.py::test_constant_time_sig[SLH_DSA_SHA3_256_PREHASH_SHA2_256F] 
2026-01-14T17:07:52.0561460Z tests/test_constant_time.py::test_constant_time_sig[SLH_DSA_SHA3_256_PREHASH_SHAKE_128S] 
2026-01-14T17:07:52.0566434Z [gw1] [ 63%] SKIPPED tests/test_constant_time.py::test_constant_time_sig[SLH_DSA_SHA3_256_PREHASH_SHAKE_128S] 
2026-01-14T17:07:52.0571640Z tests/test_constant_time.py::test_constant_time_sig[SLH_DSA_SHA3_256_PREHASH_SHAKE_128F] 
2026-01-14T17:07:52.0576796Z [gw1] [ 63%] SKIPPED tests/test_constant_time.py::test_constant_time_sig[SLH_DSA_SHA3_256_PREHASH_SHAKE_128F] 
2026-01-14T17:07:52.0582370Z tests/test_constant_time.py::test_constant_time_sig[SLH_DSA_SHA3_256_PREHASH_SHAKE_192S] 
2026-01-14T17:07:52.0588361Z [gw1] [ 63%] SKIPPED tests/test_constant_time.py::test_constant_time_sig[SLH_DSA_SHA3_256_PREHASH_SHAKE_192S] 
2026-01-14T17:07:52.0592831Z tests/test_constant_time.py::test_constant_time_sig[SLH_DSA_SHA3_256_PREHASH_SHAKE_192F] 
2026-01-14T17:07:52.0602519Z [gw1] [ 63%] SKIPPED tests/test_constant_time.py::test_constant_time_sig[SLH_DSA_SHA3_256_PREHASH_SHAKE_192F] 
2026-01-14T17:07:52.0608725Z tests/test_constant_time.py::test_constant_time_sig[SLH_DSA_SHA3_256_PREHASH_SHAKE_256S] 
2026-01-14T17:07:52.0614206Z [gw1] [ 63%] SKIPPED tests/test_constant_time.py::test_constant_time_sig[SLH_DSA_SHA3_256_PREHASH_SHAKE_256S] 
2026-01-14T17:07:52.0619637Z tests/test_constant_time.py::test_constant_time_sig[SLH_DSA_SHA3_256_PREHASH_SHAKE_256F] 
2026-01-14T17:07:52.0624331Z [gw1] [ 63%] SKIPPED tests/test_constant_time.py::test_constant_time_sig[SLH_DSA_SHA3_256_PREHASH_SHAKE_256F] 
2026-01-14T17:07:52.0630389Z tests/test_constant_time.py::test_constant_time_sig[SLH_DSA_SHA3_384_PREHASH_SHA2_128S] 
2026-01-14T17:07:52.0635983Z [gw1] [ 63%] SKIPPED tests/test_constant_time.py::test_constant_time_sig[SLH_DSA_SHA3_384_PREHASH_SHA2_128S] 
2026-01-14T17:07:52.0640887Z tests/test_constant_time.py::test_constant_time_sig[SLH_DSA_SHA3_384_PREHASH_SHA2_128F] 
2026-01-14T17:07:52.0646596Z [gw1] [ 63%] SKIPPED tests/test_constant_time.py::test_constant_time_sig[SLH_DSA_SHA3_384_PREHASH_SHA2_128F] 
2026-01-14T17:07:52.0651743Z tests/test_constant_time.py::test_constant_time_sig[SLH_DSA_SHA3_384_PREHASH_SHA2_192S] 
2026-01-14T17:07:52.0657240Z [gw1] [ 63%] SKIPPED tests/test_constant_time.py::test_constant_time_sig[SLH_DSA_SHA3_384_PREHASH_SHA2_192S] 
2026-01-14T17:07:52.0662786Z tests/test_constant_time.py::test_constant_time_sig[SLH_DSA_SHA3_384_PREHASH_SHA2_192F] 
2026-01-14T17:07:52.0668726Z [gw1] [ 63%] SKIPPED tests/test_constant_time.py::test_constant_time_sig[SLH_DSA_SHA3_384_PREHASH_SHA2_192F] 
2026-01-14T17:07:52.0673542Z tests/test_constant_time.py::test_constant_time_sig[SLH_DSA_SHA3_384_PREHASH_SHA2_256S] 
2026-01-14T17:07:52.0678761Z [gw1] [ 64%] SKIPPED tests/test_constant_time.py::test_constant_time_sig[SLH_DSA_SHA3_384_PREHASH_SHA2_256S] 
2026-01-14T17:07:52.0686037Z tests/test_constant_time.py::test_constant_time_sig[SLH_DSA_SHA3_384_PREHASH_SHA2_256F] 
2026-01-14T17:07:52.0691444Z [gw1] [ 64%] SKIPPED tests/test_constant_time.py::test_constant_time_sig[SLH_DSA_SHA3_384_PREHASH_SHA2_256F] 
2026-01-14T17:07:52.0696387Z tests/test_constant_time.py::test_constant_time_sig[SLH_DSA_SHA3_384_PREHASH_SHAKE_128S] 
2026-01-14T17:07:52.0700530Z [gw1] [ 64%] SKIPPED tests/test_constant_time.py::test_constant_time_sig[SLH_DSA_SHA3_384_PREHASH_SHAKE_128S] 
2026-01-14T17:07:52.0705638Z tests/test_constant_time.py::test_constant_time_sig[SLH_DSA_SHA3_384_PREHASH_SHAKE_128F] 
2026-01-14T17:07:52.0711263Z [gw1] [ 64%] SKIPPED tests/test_constant_time.py::test_constant_time_sig[SLH_DSA_SHA3_384_PREHASH_SHAKE_128F] 
2026-01-14T17:07:52.0716764Z tests/test_constant_time.py::test_constant_time_sig[SLH_DSA_SHA3_384_PREHASH_SHAKE_192S] 
2026-01-14T17:07:52.0724536Z [gw1] [ 64%] SKIPPED tests/test_constant_time.py::test_constant_time_sig[SLH_DSA_SHA3_384_PREHASH_SHAKE_192S] 
2026-01-14T17:07:52.0730792Z tests/test_constant_time.py::test_constant_time_sig[SLH_DSA_SHA3_384_PREHASH_SHAKE_192F] 
2026-01-14T17:07:52.0736014Z [gw1] [ 64%] SKIPPED tests/test_constant_time.py::test_constant_time_sig[SLH_DSA_SHA3_384_PREHASH_SHAKE_192F] 
2026-01-14T17:07:52.0742607Z tests/test_constant_time.py::test_constant_time_sig[SLH_DSA_SHA3_384_PREHASH_SHAKE_256S] 
2026-01-14T17:07:52.0747855Z [gw1] [ 64%] SKIPPED tests/test_constant_time.py::test_constant_time_sig[SLH_DSA_SHA3_384_PREHASH_SHAKE_256S] 
2026-01-14T17:07:52.0752256Z tests/test_constant_time.py::test_constant_time_sig[SLH_DSA_SHA3_384_PREHASH_SHAKE_256F] 
2026-01-14T17:07:52.0757598Z [gw1] [ 64%] SKIPPED tests/test_constant_time.py::test_constant_time_sig[SLH_DSA_SHA3_384_PREHASH_SHAKE_256F] 
2026-01-14T17:07:52.0763413Z tests/test_constant_time.py::test_constant_time_sig[SLH_DSA_SHA3_512_PREHASH_SHA2_128S] 
2026-01-14T17:07:52.0769387Z [gw1] [ 64%] SKIPPED tests/test_constant_time.py::test_constant_time_sig[SLH_DSA_SHA3_512_PREHASH_SHA2_128S] 
2026-01-14T17:07:52.0773976Z tests/test_constant_time.py::test_constant_time_sig[SLH_DSA_SHA3_512_PREHASH_SHA2_128F] 
2026-01-14T17:07:52.0779330Z [gw1] [ 64%] SKIPPED tests/test_constant_time.py::test_constant_time_sig[SLH_DSA_SHA3_512_PREHASH_SHA2_128F] 
2026-01-14T17:07:52.0785657Z tests/test_constant_time.py::test_constant_time_sig[SLH_DSA_SHA3_512_PREHASH_SHA2_192S] 
2026-01-14T17:07:52.0790875Z [gw1] [ 64%] SKIPPED tests/test_constant_time.py::test_constant_time_sig[SLH_DSA_SHA3_512_PREHASH_SHA2_192S] 
2026-01-14T17:07:52.0796803Z tests/test_constant_time.py::test_constant_time_sig[SLH_DSA_SHA3_512_PREHASH_SHA2_192F] 
2026-01-14T17:07:52.0801206Z [gw1] [ 64%] SKIPPED tests/test_constant_time.py::test_constant_time_sig[SLH_DSA_SHA3_512_PREHASH_SHA2_192F] 
2026-01-14T17:07:52.0807611Z tests/test_constant_time.py::test_constant_time_sig[SLH_DSA_SHA3_512_PREHASH_SHA2_256S] 
2026-01-14T17:07:52.0812699Z [gw1] [ 64%] SKIPPED tests/test_constant_time.py::test_constant_time_sig[SLH_DSA_SHA3_512_PREHASH_SHA2_256S] 
2026-01-14T17:07:52.0818874Z tests/test_constant_time.py::test_constant_time_sig[SLH_DSA_SHA3_512_PREHASH_SHA2_256F] 
2026-01-14T17:07:52.0824094Z [gw1] [ 64%] SKIPPED tests/test_constant_time.py::test_constant_time_sig[SLH_DSA_SHA3_512_PREHASH_SHA2_256F] 
2026-01-14T17:07:52.0830262Z tests/test_constant_time.py::test_constant_time_sig[SLH_DSA_SHA3_512_PREHASH_SHAKE_128S] 
2026-01-14T17:07:52.0835585Z [gw1] [ 64%] SKIPPED tests/test_constant_time.py::test_constant_time_sig[SLH_DSA_SHA3_512_PREHASH_SHAKE_128S] 
2026-01-14T17:07:52.0841179Z tests/test_constant_time.py::test_constant_time_sig[SLH_DSA_SHA3_512_PREHASH_SHAKE_128F] 
2026-01-14T17:07:52.0850192Z [gw1] [ 64%] SKIPPED tests/test_constant_time.py::test_constant_time_sig[SLH_DSA_SHA3_512_PREHASH_SHAKE_128F] 
2026-01-14T17:07:52.0854834Z tests/test_constant_time.py::test_constant_time_sig[SLH_DSA_SHA3_512_PREHASH_SHAKE_192S] 
2026-01-14T17:07:52.0860413Z [gw1] [ 64%] SKIPPED tests/test_constant_time.py::test_constant_time_sig[SLH_DSA_SHA3_512_PREHASH_SHAKE_192S] 
2026-01-14T17:07:52.0865994Z tests/test_constant_time.py::test_constant_time_sig[SLH_DSA_SHA3_512_PREHASH_SHAKE_192F] 
2026-01-14T17:07:52.0871711Z [gw1] [ 64%] SKIPPED tests/test_constant_time.py::test_constant_time_sig[SLH_DSA_SHA3_512_PREHASH_SHAKE_192F] 
2026-01-14T17:07:52.0877531Z tests/test_constant_time.py::test_constant_time_sig[SLH_DSA_SHA3_512_PREHASH_SHAKE_256S] 
2026-01-14T17:07:52.0882873Z [gw1] [ 64%] SKIPPED tests/test_constant_time.py::test_constant_time_sig[SLH_DSA_SHA3_512_PREHASH_SHAKE_256S] 
2026-01-14T17:07:52.0887789Z tests/test_constant_time.py::test_constant_time_sig[SLH_DSA_SHA3_512_PREHASH_SHAKE_256F] 
2026-01-14T17:07:52.0893625Z [gw1] [ 64%] SKIPPED tests/test_constant_time.py::test_constant_time_sig[SLH_DSA_SHA3_512_PREHASH_SHAKE_256F] 
2026-01-14T17:07:52.0898487Z tests/test_constant_time.py::test_constant_time_sig[SLH_DSA_SHAKE_128_PREHASH_SHA2_128S] 
2026-01-14T17:07:52.0902695Z [gw1] [ 64%] SKIPPED tests/test_constant_time.py::test_constant_time_sig[SLH_DSA_SHAKE_128_PREHASH_SHA2_128S] 
2026-01-14T17:07:52.0911346Z tests/test_constant_time.py::test_constant_time_sig[SLH_DSA_SHAKE_128_PREHASH_SHA2_128F] 
2026-01-14T17:07:52.0916096Z [gw1] [ 64%] SKIPPED tests/test_constant_time.py::test_constant_time_sig[SLH_DSA_SHAKE_128_PREHASH_SHA2_128F] 
2026-01-14T17:07:52.0920226Z tests/test_constant_time.py::test_constant_time_sig[SLH_DSA_SHAKE_128_PREHASH_SHA2_192S] 
2026-01-14T17:07:52.0924491Z [gw1] [ 64%] SKIPPED tests/test_constant_time.py::test_constant_time_sig[SLH_DSA_SHAKE_128_PREHASH_SHA2_192S] 
2026-01-14T17:07:52.0930762Z tests/test_constant_time.py::test_constant_time_sig[SLH_DSA_SHAKE_128_PREHASH_SHA2_192F] 
2026-01-14T17:07:52.0935201Z [gw1] [ 64%] SKIPPED tests/test_constant_time.py::test_constant_time_sig[SLH_DSA_SHAKE_128_PREHASH_SHA2_192F] 
2026-01-14T17:07:52.0941456Z tests/test_constant_time.py::test_constant_time_sig[SLH_DSA_SHAKE_128_PREHASH_SHA2_256S] 
2026-01-14T17:07:52.0947180Z [gw1] [ 64%] SKIPPED tests/test_constant_time.py::test_constant_time_sig[SLH_DSA_SHAKE_128_PREHASH_SHA2_256S] 
2026-01-14T17:07:52.0951717Z tests/test_constant_time.py::test_constant_time_sig[SLH_DSA_SHAKE_128_PREHASH_SHA2_256F] 
2026-01-14T17:07:52.0957510Z [gw1] [ 64%] SKIPPED tests/test_constant_time.py::test_constant_time_sig[SLH_DSA_SHAKE_128_PREHASH_SHA2_256F] 
2026-01-14T17:07:52.0962579Z tests/test_constant_time.py::test_constant_time_sig[SLH_DSA_SHAKE_128_PREHASH_SHAKE_128S] 
2026-01-14T17:07:52.0970519Z [gw1] [ 64%] SKIPPED tests/test_constant_time.py::test_constant_time_sig[SLH_DSA_SHAKE_128_PREHASH_SHAKE_128S] 
2026-01-14T17:07:52.0976007Z tests/test_constant_time.py::test_constant_time_sig[SLH_DSA_SHAKE_128_PREHASH_SHAKE_128F] 
2026-01-14T17:07:52.0982125Z [gw1] [ 64%] SKIPPED tests/test_constant_time.py::test_constant_time_sig[SLH_DSA_SHAKE_128_PREHASH_SHAKE_128F] 
2026-01-14T17:07:52.0988013Z tests/test_constant_time.py::test_constant_time_sig[SLH_DSA_SHAKE_128_PREHASH_SHAKE_192S] 
2026-01-14T17:07:52.0993714Z [gw1] [ 64%] SKIPPED tests/test_constant_time.py::test_constant_time_sig[SLH_DSA_SHAKE_128_PREHASH_SHAKE_192S] 
2026-01-14T17:07:52.1001302Z tests/test_constant_time.py::test_constant_time_sig[SLH_DSA_SHAKE_128_PREHASH_SHAKE_192F] 
2026-01-14T17:07:52.1003070Z [gw1] [ 64%] SKIPPED tests/test_constant_time.py::test_constant_time_sig[SLH_DSA_SHAKE_128_PREHASH_SHAKE_192F] 
2026-01-14T17:07:52.1010890Z tests/test_constant_time.py::test_constant_time_sig[SLH_DSA_SHAKE_128_PREHASH_SHAKE_256S] 
2026-01-14T17:07:52.1016266Z [gw1] [ 65%] SKIPPED tests/test_constant_time.py::test_constant_time_sig[SLH_DSA_SHAKE_128_PREHASH_SHAKE_256S] 
2026-01-14T17:07:52.1022604Z tests/test_constant_time.py::test_constant_time_sig[SLH_DSA_SHAKE_128_PREHASH_SHAKE_256F] 
2026-01-14T17:07:52.1023813Z [gw1] [ 65%] SKIPPED tests/test_constant_time.py::test_constant_time_sig[SLH_DSA_SHAKE_128_PREHASH_SHAKE_256F] 
2026-01-14T17:07:52.1029641Z tests/test_constant_time.py::test_constant_time_sig[SLH_DSA_SHAKE_256_PREHASH_SHA2_128S] 
2026-01-14T17:07:52.1034036Z [gw1] [ 65%] SKIPPED tests/test_constant_time.py::test_constant_time_sig[SLH_DSA_SHAKE_256_PREHASH_SHA2_128S] 
2026-01-14T17:07:52.1038715Z tests/test_constant_time.py::test_constant_time_sig[SLH_DSA_SHAKE_256_PREHASH_SHA2_128F] 
2026-01-14T17:07:52.1043438Z [gw1] [ 65%] SKIPPED tests/test_constant_time.py::test_constant_time_sig[SLH_DSA_SHAKE_256_PREHASH_SHA2_128F] 
2026-01-14T17:07:52.1049655Z tests/test_constant_time.py::test_constant_time_sig[SLH_DSA_SHAKE_256_PREHASH_SHA2_192S] 
2026-01-14T17:07:52.1054219Z [gw1] [ 65%] SKIPPED tests/test_constant_time.py::test_constant_time_sig[SLH_DSA_SHAKE_256_PREHASH_SHA2_192S] 
2026-01-14T17:07:52.1059864Z tests/test_constant_time.py::test_constant_time_sig[SLH_DSA_SHAKE_256_PREHASH_SHA2_192F] 
2026-01-14T17:07:52.1064184Z [gw1] [ 65%] SKIPPED tests/test_constant_time.py::test_constant_time_sig[SLH_DSA_SHAKE_256_PREHASH_SHA2_192F] 
2026-01-14T17:07:52.1070708Z tests/test_constant_time.py::test_constant_time_sig[SLH_DSA_SHAKE_256_PREHASH_SHA2_256S] 
2026-01-14T17:07:52.1075211Z [gw1] [ 65%] SKIPPED tests/test_constant_time.py::test_constant_time_sig[SLH_DSA_SHAKE_256_PREHASH_SHA2_256S] 
2026-01-14T17:07:52.1080730Z tests/test_constant_time.py::test_constant_time_sig[SLH_DSA_SHAKE_256_PREHASH_SHA2_256F] 
2026-01-14T17:07:52.1088119Z [gw1] [ 65%] SKIPPED tests/test_constant_time.py::test_constant_time_sig[SLH_DSA_SHAKE_256_PREHASH_SHA2_256F] 
2026-01-14T17:07:52.1093275Z tests/test_constant_time.py::test_constant_time_sig[SLH_DSA_SHAKE_256_PREHASH_SHAKE_128S] 
2026-01-14T17:07:52.1098190Z [gw1] [ 65%] SKIPPED tests/test_constant_time.py::test_constant_time_sig[SLH_DSA_SHAKE_256_PREHASH_SHAKE_128S] 
2026-01-14T17:07:52.1103429Z tests/test_constant_time.py::test_constant_time_sig[SLH_DSA_SHAKE_256_PREHASH_SHAKE_128F] 
2026-01-14T17:07:52.1108768Z [gw1] [ 65%] SKIPPED tests/test_constant_time.py::test_constant_time_sig[SLH_DSA_SHAKE_256_PREHASH_SHAKE_128F] 
2026-01-14T17:07:52.1113757Z tests/test_constant_time.py::test_constant_time_sig[SLH_DSA_SHAKE_256_PREHASH_SHAKE_192S] 
2026-01-14T17:07:52.1119197Z [gw1] [ 65%] SKIPPED tests/test_constant_time.py::test_constant_time_sig[SLH_DSA_SHAKE_256_PREHASH_SHAKE_192S] 
2026-01-14T17:07:52.1125393Z tests/test_constant_time.py::test_constant_time_sig[SLH_DSA_SHAKE_256_PREHASH_SHAKE_192F] 
2026-01-14T17:07:52.1131085Z [gw1] [ 65%] SKIPPED tests/test_constant_time.py::test_constant_time_sig[SLH_DSA_SHAKE_256_PREHASH_SHAKE_192F] 
2026-01-14T17:07:52.1135825Z tests/test_constant_time.py::test_constant_time_sig[SLH_DSA_SHAKE_256_PREHASH_SHAKE_256S] 
2026-01-14T17:07:52.1140442Z [gw1] [ 65%] SKIPPED tests/test_constant_time.py::test_constant_time_sig[SLH_DSA_SHAKE_256_PREHASH_SHAKE_256S] 
2026-01-14T17:07:52.1145719Z tests/test_constant_time.py::test_constant_time_sig[SLH_DSA_SHAKE_256_PREHASH_SHAKE_256F] 
2026-01-14T17:07:52.1153780Z [gw1] [ 65%] SKIPPED tests/test_constant_time.py::test_constant_time_sig[SLH_DSA_SHAKE_256_PREHASH_SHAKE_256F] 
2026-01-14T17:07:52.1253041Z tests/test_hash.py::test_aes 
2026-01-14T17:07:52.1258180Z [gw1] [ 65%] PASSED tests/test_hash.py::test_aes 
2026-01-14T17:07:52.1365073Z tests/test_hash.py::test_sha3 
2026-01-14T17:07:52.1369167Z [gw1] [ 65%] PASSED tests/test_hash.py::test_sha3 
2026-01-14T17:08:07.3994480Z tests/test_hash.py::test_hash_sha2_random[sha256] 
2026-01-14T17:08:07.3998767Z [gw0] [ 65%] PASSED tests/test_cmdline.py::test_sig[ML-DSA-65] 
2026-01-14T17:08:31.8915655Z tests/test_cmdline.py::test_sig[ML-DSA-87] 
2026-01-14T17:08:31.8919030Z [gw0] [ 65%] PASSED tests/test_cmdline.py::test_sig[ML-DSA-87] 
2026-01-14T17:08:31.9720995Z tests/test_cmdline.py::test_sig[Falcon-512] 
2026-01-14T17:08:31.9723781Z [gw0] [ 65%] PASSED tests/test_cmdline.py::test_sig[Falcon-512] 
2026-01-14T17:08:32.1472043Z tests/test_cmdline.py::test_sig[Falcon-1024] 
2026-01-14T17:08:32.1477309Z [gw0] [ 65%] PASSED tests/test_cmdline.py::test_sig[Falcon-1024] 
2026-01-14T17:08:32.2323881Z tests/test_cmdline.py::test_sig[Falcon-padded-512] 
2026-01-14T17:08:32.2328786Z [gw0] [ 65%] PASSED tests/test_cmdline.py::test_sig[Falcon-padded-512] 
2026-01-14T17:08:32.4132056Z tests/test_cmdline.py::test_sig[Falcon-padded-1024] 
2026-01-14T17:08:32.4135833Z [gw0] [ 65%] PASSED tests/test_cmdline.py::test_sig[Falcon-padded-1024] 
2026-01-14T17:08:33.4888774Z tests/test_cmdline.py::test_sig[SPHINCS+-SHA2-128f-simple] 
2026-01-14T17:08:33.4892992Z [gw0] [ 65%] PASSED tests/test_cmdline.py::test_sig[SPHINCS+-SHA2-128f-simple] 
2026-01-14T17:08:38.6192979Z tests/test_cmdline.py::test_sig[SPHINCS+-SHA2-128s-simple] 
2026-01-14T17:08:38.6198784Z [gw0] [ 65%] PASSED tests/test_cmdline.py::test_sig[SPHINCS+-SHA2-128s-simple] 
2026-01-14T17:08:40.1878633Z tests/test_cmdline.py::test_sig[SPHINCS+-SHA2-192f-simple] 
2026-01-14T17:08:40.1899035Z [gw0] [ 65%] PASSED tests/test_cmdline.py::test_sig[SPHINCS+-SHA2-192f-simple] 
2026-01-14T17:08:49.9774847Z tests/test_cmdline.py::test_sig[SPHINCS+-SHA2-192s-simple] 
2026-01-14T17:08:49.9779943Z [gw0] [ 65%] PASSED tests/test_cmdline.py::test_sig[SPHINCS+-SHA2-192s-simple] 
2026-01-14T17:08:51.8932943Z tests/test_cmdline.py::test_sig[SPHINCS+-SHA2-256f-simple] 
2026-01-14T17:08:51.8938015Z [gw0] [ 65%] PASSED tests/test_cmdline.py::test_sig[SPHINCS+-SHA2-256f-simple] 
2026-01-14T17:09:00.6897291Z tests/test_cmdline.py::test_sig[SPHINCS+-SHA2-256s-simple] 
2026-01-14T17:09:00.6900868Z [gw0] [ 65%] PASSED tests/test_cmdline.py::test_sig[SPHINCS+-SHA2-256s-simple] 
2026-01-14T17:09:03.6132384Z tests/test_cmdline.py::test_sig[SPHINCS+-SHAKE-128f-simple] 
2026-01-14T17:09:03.6133332Z [gw0] [ 65%] PASSED tests/test_cmdline.py::test_sig[SPHINCS+-SHAKE-128f-simple] 
2026-01-14T17:09:20.4538597Z tests/test_cmdline.py::test_sig[SPHINCS+-SHAKE-128s-simple] 
2026-01-14T17:09:20.4539462Z [gw0] [ 65%] PASSED tests/test_cmdline.py::test_sig[SPHINCS+-SHAKE-128s-simple] 
2026-01-14T17:09:24.9905989Z tests/test_cmdline.py::test_sig[SPHINCS+-SHAKE-192f-simple] 
2026-01-14T17:09:24.9910615Z [gw0] [ 65%] PASSED tests/test_cmdline.py::test_sig[SPHINCS+-SHAKE-192f-simple] 
2026-01-14T17:09:29.7983839Z tests/test_cmdline.py::test_sig[SPHINCS+-SHAKE-192s-simple] 
2026-01-14T17:09:29.7993676Z [gw1] [ 66%] PASSED tests/test_hash.py::test_hash_sha2_random[sha256] 
2026-01-14T17:09:52.1221404Z tests/test_hash.py::test_hash_sha2_random[sha384] 
2026-01-14T17:09:52.1228733Z [gw0] [ 66%] PASSED tests/test_cmdline.py::test_sig[SPHINCS+-SHAKE-192s-simple] 
2026-01-14T17:09:57.9459115Z tests/test_cmdline.py::test_sig[SPHINCS+-SHAKE-256f-simple] 
2026-01-14T17:09:57.9463623Z [gw0] [ 66%] PASSED tests/test_cmdline.py::test_sig[SPHINCS+-SHAKE-256f-simple] 
2026-01-14T17:10:18.0153596Z tests/test_cmdline.py::test_sig[SPHINCS+-SHAKE-256s-simple] 
2026-01-14T17:10:18.0159443Z [gw1] [ 66%] PASSED tests/test_hash.py::test_hash_sha2_random[sha384] 
2026-01-14T17:10:22.3683717Z tests/test_hash.py::test_hash_sha2_random[sha512] 
2026-01-14T17:10:22.3688373Z [gw0] [ 66%] PASSED tests/test_cmdline.py::test_sig[SPHINCS+-SHAKE-256s-simple] 
2026-01-14T17:10:22.5039310Z tests/test_cmdline.py::test_sig[MAYO-1] 
2026-01-14T17:10:22.5045295Z [gw0] [ 66%] PASSED tests/test_cmdline.py::test_sig[MAYO-1] 
2026-01-14T17:10:22.5751083Z tests/test_cmdline.py::test_sig[MAYO-2] 
2026-01-14T17:10:22.5754624Z [gw0] [ 66%] PASSED tests/test_cmdline.py::test_sig[MAYO-2] 
2026-01-14T17:10:22.8490392Z tests/test_cmdline.py::test_sig[MAYO-3] 
2026-01-14T17:10:22.8496021Z [gw0] [ 66%] PASSED tests/test_cmdline.py::test_sig[MAYO-3] 
2026-01-14T17:10:23.5612691Z tests/test_cmdline.py::test_sig[MAYO-5] 
2026-01-14T17:10:23.5616196Z [gw0] [ 66%] PASSED tests/test_cmdline.py::test_sig[MAYO-5] 
2026-01-14T17:10:24.1152119Z tests/test_cmdline.py::test_sig[cross-rsdp-128-balanced] 
2026-01-14T17:10:24.1157608Z [gw0] [ 66%] PASSED tests/test_cmdline.py::test_sig[cross-rsdp-128-balanced] 
2026-01-14T17:10:24.4558889Z tests/test_cmdline.py::test_sig[cross-rsdp-128-fast] 
2026-01-14T17:10:24.4562726Z [gw0] [ 66%] PASSED tests/test_cmdline.py::test_sig[cross-rsdp-128-fast] 
2026-01-14T17:10:25.4636416Z tests/test_cmdline.py::test_sig[cross-rsdp-128-small] 
2026-01-14T17:10:25.4637654Z [gw0] [ 66%] PASSED tests/test_cmdline.py::test_sig[cross-rsdp-128-small] 
2026-01-14T17:10:26.3712092Z tests/test_cmdline.py::test_sig[cross-rsdp-192-balanced] 
2026-01-14T17:10:26.3718069Z [gw0] [ 66%] PASSED tests/test_cmdline.py::test_sig[cross-rsdp-192-balanced] 
2026-01-14T17:10:27.1172777Z tests/test_cmdline.py::test_sig[cross-rsdp-192-fast] 
2026-01-14T17:10:27.1176534Z [gw0] [ 66%] PASSED tests/test_cmdline.py::test_sig[cross-rsdp-192-fast] 
2026-01-14T17:10:28.2880152Z tests/test_cmdline.py::test_sig[cross-rsdp-192-small] 
2026-01-14T17:10:28.2883121Z [gw0] [ 66%] PASSED tests/test_cmdline.py::test_sig[cross-rsdp-192-small] 
2026-01-14T17:10:29.8650891Z tests/test_cmdline.py::test_sig[cross-rsdp-256-balanced] 
2026-01-14T17:10:29.8654380Z [gw0] [ 66%] PASSED tests/test_cmdline.py::test_sig[cross-rsdp-256-balanced] 
2026-01-14T17:10:31.3533642Z tests/test_cmdline.py::test_sig[cross-rsdp-256-fast] 
2026-01-14T17:10:31.3534518Z [gw0] [ 66%] PASSED tests/test_cmdline.py::test_sig[cross-rsdp-256-fast] 
2026-01-14T17:10:33.4775430Z tests/test_cmdline.py::test_sig[cross-rsdp-256-small] 
2026-01-14T17:10:33.4779057Z [gw0] [ 66%] PASSED tests/test_cmdline.py::test_sig[cross-rsdp-256-small] 
2026-01-14T17:10:34.0379286Z tests/test_cmdline.py::test_sig[cross-rsdpg-128-balanced] 
2026-01-14T17:10:34.0383958Z [gw0] [ 66%] PASSED tests/test_cmdline.py::test_sig[cross-rsdpg-128-balanced] 
2026-01-14T17:10:34.2864210Z tests/test_cmdline.py::test_sig[cross-rsdpg-128-fast] 
2026-01-14T17:10:34.2869425Z [gw0] [ 66%] PASSED tests/test_cmdline.py::test_sig[cross-rsdpg-128-fast] 
2026-01-14T17:10:35.3661077Z tests/test_cmdline.py::test_sig[cross-rsdpg-128-small] 
2026-01-14T17:10:35.3666499Z [gw0] [ 66%] PASSED tests/test_cmdline.py::test_sig[cross-rsdpg-128-small] 
2026-01-14T17:10:36.0372033Z tests/test_cmdline.py::test_sig[cross-rsdpg-192-balanced] 
2026-01-14T17:10:36.0377103Z [gw0] [ 66%] PASSED tests/test_cmdline.py::test_sig[cross-rsdpg-192-balanced] 
2026-01-14T17:10:36.5865697Z tests/test_cmdline.py::test_sig[cross-rsdpg-192-fast] 
2026-01-14T17:10:36.5872153Z [gw0] [ 66%] PASSED tests/test_cmdline.py::test_sig[cross-rsdpg-192-fast] 
2026-01-14T17:10:38.0053156Z tests/test_cmdline.py::test_sig[cross-rsdpg-192-small] 
2026-01-14T17:10:38.0056150Z [gw0] [ 66%] PASSED tests/test_cmdline.py::test_sig[cross-rsdpg-192-small] 
2026-01-14T17:10:39.3197370Z tests/test_cmdline.py::test_sig[cross-rsdpg-256-balanced] 
2026-01-14T17:10:39.3202277Z [gw0] [ 66%] PASSED tests/test_cmdline.py::test_sig[cross-rsdpg-256-balanced] 
2026-01-14T17:10:40.3297381Z tests/test_cmdline.py::test_sig[cross-rsdpg-256-fast] 
2026-01-14T17:10:40.3301154Z [gw0] [ 66%] PASSED tests/test_cmdline.py::test_sig[cross-rsdpg-256-fast] 
2026-01-14T17:10:42.4121580Z tests/test_cmdline.py::test_sig[cross-rsdpg-256-small] 
2026-01-14T17:10:42.4126777Z [gw0] [ 66%] PASSED tests/test_cmdline.py::test_sig[cross-rsdpg-256-small] 
2026-01-14T17:10:42.4642743Z tests/test_cmdline.py::test_sig[OV-Is] 
2026-01-14T17:10:42.4645987Z [gw0] [ 66%] PASSED tests/test_cmdline.py::test_sig[OV-Is] 
2026-01-14T17:10:42.5211113Z tests/test_cmdline.py::test_sig[OV-Ip] 
2026-01-14T17:10:42.5215166Z [gw0] [ 66%] PASSED tests/test_cmdline.py::test_sig[OV-Ip] 
2026-01-14T17:10:42.6931155Z tests/test_cmdline.py::test_sig[OV-III] 
2026-01-14T17:10:42.6937363Z [gw0] [ 66%] PASSED tests/test_cmdline.py::test_sig[OV-III] 
2026-01-14T17:10:43.0137771Z tests/test_cmdline.py::test_sig[OV-V] 
2026-01-14T17:10:43.0142714Z [gw0] [ 66%] PASSED tests/test_cmdline.py::test_sig[OV-V] 
2026-01-14T17:10:43.1827126Z tests/test_cmdline.py::test_sig[OV-Is-pkc] 
2026-01-14T17:10:43.1832901Z [gw0] [ 67%] PASSED tests/test_cmdline.py::test_sig[OV-Is-pkc] 
2026-01-14T17:10:43.3180904Z tests/test_cmdline.py::test_sig[OV-Ip-pkc] 
2026-01-14T17:10:43.3184595Z [gw0] [ 67%] PASSED tests/test_cmdline.py::test_sig[OV-Ip-pkc] 
2026-01-14T17:10:43.8371380Z tests/test_cmdline.py::test_sig[OV-III-pkc] 
2026-01-14T17:10:43.8373726Z [gw0] [ 67%] PASSED tests/test_cmdline.py::test_sig[OV-III-pkc] 
2026-01-14T17:10:44.9646594Z tests/test_cmdline.py::test_sig[OV-V-pkc] 
2026-01-14T17:10:44.9651250Z [gw0] [ 67%] PASSED tests/test_cmdline.py::test_sig[OV-V-pkc] 
2026-01-14T17:10:45.1453167Z tests/test_cmdline.py::test_sig[OV-Is-pkc-skc] 
2026-01-14T17:10:45.1458066Z [gw0] [ 67%] PASSED tests/test_cmdline.py::test_sig[OV-Is-pkc-skc] 
2026-01-14T17:10:45.2920971Z tests/test_cmdline.py::test_sig[OV-Ip-pkc-skc] 
2026-01-14T17:10:45.2926487Z [gw0] [ 67%] PASSED tests/test_cmdline.py::test_sig[OV-Ip-pkc-skc] 
2026-01-14T17:10:45.8660100Z tests/test_cmdline.py::test_sig[OV-III-pkc-skc] 
2026-01-14T17:10:45.8662180Z [gw0] [ 67%] PASSED tests/test_cmdline.py::test_sig[OV-III-pkc-skc] 
2026-01-14T17:10:47.0844338Z tests/test_cmdline.py::test_sig[OV-V-pkc-skc] 
2026-01-14T17:10:47.0848495Z [gw0] [ 67%] PASSED tests/test_cmdline.py::test_sig[OV-V-pkc-skc] 
2026-01-14T17:10:47.3944315Z tests/test_cmdline.py::test_sig[SNOVA_24_5_4] 
2026-01-14T17:10:47.3951257Z [gw0] [ 67%] PASSED tests/test_cmdline.py::test_sig[SNOVA_24_5_4] 
2026-01-14T17:10:47.7838967Z tests/test_cmdline.py::test_sig[SNOVA_24_5_4_SHAKE] 
2026-01-14T17:10:47.7842713Z [gw0] [ 67%] PASSED tests/test_cmdline.py::test_sig[SNOVA_24_5_4_SHAKE] 
2026-01-14T17:10:48.0816560Z tests/test_cmdline.py::test_sig[SNOVA_24_5_4_esk] 
2026-01-14T17:10:48.0819469Z [gw0] [ 67%] PASSED tests/test_cmdline.py::test_sig[SNOVA_24_5_4_esk] 
2026-01-14T17:10:48.4592030Z tests/test_cmdline.py::test_sig[SNOVA_24_5_4_SHAKE_esk] 
2026-01-14T17:10:48.4596043Z [gw0] [ 67%] PASSED tests/test_cmdline.py::test_sig[SNOVA_24_5_4_SHAKE_esk] 
2026-01-14T17:10:48.7908383Z tests/test_cmdline.py::test_sig[SNOVA_37_17_2] 
2026-01-14T17:10:48.7912259Z [gw0] [ 67%] PASSED tests/test_cmdline.py::test_sig[SNOVA_37_17_2] 
2026-01-14T17:10:49.0318954Z tests/test_cmdline.py::test_sig[SNOVA_25_8_3] 
2026-01-14T17:10:49.0323467Z [gw0] [ 67%] PASSED tests/test_cmdline.py::test_sig[SNOVA_25_8_3] 
2026-01-14T17:10:50.0144393Z tests/test_cmdline.py::test_sig[SNOVA_56_25_2] 
2026-01-14T17:10:50.0148320Z [gw0] [ 67%] PASSED tests/test_cmdline.py::test_sig[SNOVA_56_25_2] 
2026-01-14T17:10:50.8301392Z tests/test_cmdline.py::test_sig[SNOVA_49_11_3] 
2026-01-14T17:10:50.8303635Z [gw0] [ 67%] PASSED tests/test_cmdline.py::test_sig[SNOVA_49_11_3] 
2026-01-14T17:10:51.7109678Z tests/test_cmdline.py::test_sig[SNOVA_37_8_4] 
2026-01-14T17:10:51.7114076Z [gw0] [ 67%] PASSED tests/test_cmdline.py::test_sig[SNOVA_37_8_4] 
2026-01-14T17:10:52.4573893Z tests/test_cmdline.py::test_sig[SNOVA_24_5_5] 
2026-01-14T17:10:52.4577153Z [gw0] [ 67%] PASSED tests/test_cmdline.py::test_sig[SNOVA_24_5_5] 
2026-01-14T17:10:54.6877029Z tests/test_cmdline.py::test_sig[SNOVA_60_10_4] 
2026-01-14T17:10:54.6882086Z [gw0] [ 67%] PASSED tests/test_cmdline.py::test_sig[SNOVA_60_10_4] 
2026-01-14T17:10:55.8323411Z tests/test_cmdline.py::test_sig[SNOVA_29_6_5] 
2026-01-14T17:10:55.8327691Z [gw0] [ 67%] PASSED tests/test_cmdline.py::test_sig[SNOVA_29_6_5] 
2026-01-14T17:10:55.8340976Z tests/test_cmdline.py::test_sig[SLH_DSA_PURE_SHA2_128S] 
2026-01-14T17:10:55.8347054Z [gw0] [ 67%] SKIPPED tests/test_cmdline.py::test_sig[SLH_DSA_PURE_SHA2_128S] 
2026-01-14T17:10:55.8358194Z tests/test_cmdline.py::test_sig[SLH_DSA_PURE_SHA2_128F] 
2026-01-14T17:10:55.8363591Z [gw0] [ 67%] SKIPPED tests/test_cmdline.py::test_sig[SLH_DSA_PURE_SHA2_128F] 
2026-01-14T17:10:55.8378196Z tests/test_cmdline.py::test_sig[SLH_DSA_PURE_SHA2_192S] 
2026-01-14T17:10:55.8384243Z [gw0] [ 67%] SKIPPED tests/test_cmdline.py::test_sig[SLH_DSA_PURE_SHA2_192S] 
2026-01-14T17:10:55.8397127Z tests/test_cmdline.py::test_sig[SLH_DSA_PURE_SHA2_192F] 
2026-01-14T17:10:55.8401033Z [gw0] [ 67%] SKIPPED tests/test_cmdline.py::test_sig[SLH_DSA_PURE_SHA2_192F] 
2026-01-14T17:10:55.8413353Z tests/test_cmdline.py::test_sig[SLH_DSA_PURE_SHA2_256S] 
2026-01-14T17:10:55.8418953Z [gw0] [ 67%] SKIPPED tests/test_cmdline.py::test_sig[SLH_DSA_PURE_SHA2_256S] 
2026-01-14T17:10:55.8430745Z tests/test_cmdline.py::test_sig[SLH_DSA_PURE_SHA2_256F] 
2026-01-14T17:10:55.8435817Z [gw0] [ 67%] SKIPPED tests/test_cmdline.py::test_sig[SLH_DSA_PURE_SHA2_256F] 
2026-01-14T17:10:55.8448219Z tests/test_cmdline.py::test_sig[SLH_DSA_PURE_SHAKE_128S] 
2026-01-14T17:10:55.8452431Z [gw0] [ 67%] SKIPPED tests/test_cmdline.py::test_sig[SLH_DSA_PURE_SHAKE_128S] 
2026-01-14T17:10:55.8465362Z tests/test_cmdline.py::test_sig[SLH_DSA_PURE_SHAKE_128F] 
2026-01-14T17:10:55.8470891Z [gw0] [ 67%] SKIPPED tests/test_cmdline.py::test_sig[SLH_DSA_PURE_SHAKE_128F] 
2026-01-14T17:10:55.8482873Z tests/test_cmdline.py::test_sig[SLH_DSA_PURE_SHAKE_192S] 
2026-01-14T17:10:55.8487303Z [gw0] [ 67%] SKIPPED tests/test_cmdline.py::test_sig[SLH_DSA_PURE_SHAKE_192S] 
2026-01-14T17:10:55.8501744Z tests/test_cmdline.py::test_sig[SLH_DSA_PURE_SHAKE_192F] 
2026-01-14T17:10:55.8507110Z [gw0] [ 67%] SKIPPED tests/test_cmdline.py::test_sig[SLH_DSA_PURE_SHAKE_192F] 
2026-01-14T17:10:55.8518480Z tests/test_cmdline.py::test_sig[SLH_DSA_PURE_SHAKE_256S] 
2026-01-14T17:10:55.8522601Z [gw0] [ 68%] SKIPPED tests/test_cmdline.py::test_sig[SLH_DSA_PURE_SHAKE_256S] 
2026-01-14T17:10:55.8535759Z tests/test_cmdline.py::test_sig[SLH_DSA_PURE_SHAKE_256F] 
2026-01-14T17:10:55.8541785Z [gw0] [ 68%] SKIPPED tests/test_cmdline.py::test_sig[SLH_DSA_PURE_SHAKE_256F] 
2026-01-14T17:10:55.8552206Z tests/test_cmdline.py::test_sig[SLH_DSA_SHA2_224_PREHASH_SHA2_128S] 
2026-01-14T17:10:55.8557727Z [gw0] [ 68%] SKIPPED tests/test_cmdline.py::test_sig[SLH_DSA_SHA2_224_PREHASH_SHA2_128S] 
2026-01-14T17:10:55.8568670Z tests/test_cmdline.py::test_sig[SLH_DSA_SHA2_224_PREHASH_SHA2_128F] 
2026-01-14T17:10:55.8574763Z [gw0] [ 68%] SKIPPED tests/test_cmdline.py::test_sig[SLH_DSA_SHA2_224_PREHASH_SHA2_128F] 
2026-01-14T17:10:55.8586626Z tests/test_cmdline.py::test_sig[SLH_DSA_SHA2_224_PREHASH_SHA2_192S] 
2026-01-14T17:10:55.8592637Z [gw0] [ 68%] SKIPPED tests/test_cmdline.py::test_sig[SLH_DSA_SHA2_224_PREHASH_SHA2_192S] 
2026-01-14T17:10:55.8603798Z tests/test_cmdline.py::test_sig[SLH_DSA_SHA2_224_PREHASH_SHA2_192F] 
2026-01-14T17:10:55.8609825Z [gw0] [ 68%] SKIPPED tests/test_cmdline.py::test_sig[SLH_DSA_SHA2_224_PREHASH_SHA2_192F] 
2026-01-14T17:10:55.8627247Z tests/test_cmdline.py::test_sig[SLH_DSA_SHA2_224_PREHASH_SHA2_256S] 
2026-01-14T17:10:55.8632361Z [gw0] [ 68%] SKIPPED tests/test_cmdline.py::test_sig[SLH_DSA_SHA2_224_PREHASH_SHA2_256S] 
2026-01-14T17:10:55.8643405Z tests/test_cmdline.py::test_sig[SLH_DSA_SHA2_224_PREHASH_SHA2_256F] 
2026-01-14T17:10:55.8649642Z [gw0] [ 68%] SKIPPED tests/test_cmdline.py::test_sig[SLH_DSA_SHA2_224_PREHASH_SHA2_256F] 
2026-01-14T17:10:55.8659783Z tests/test_cmdline.py::test_sig[SLH_DSA_SHA2_224_PREHASH_SHAKE_128S] 
2026-01-14T17:10:55.8665948Z [gw0] [ 68%] SKIPPED tests/test_cmdline.py::test_sig[SLH_DSA_SHA2_224_PREHASH_SHAKE_128S] 
2026-01-14T17:10:55.8677967Z tests/test_cmdline.py::test_sig[SLH_DSA_SHA2_224_PREHASH_SHAKE_128F] 
2026-01-14T17:10:55.8682600Z [gw0] [ 68%] SKIPPED tests/test_cmdline.py::test_sig[SLH_DSA_SHA2_224_PREHASH_SHAKE_128F] 
2026-01-14T17:10:55.8693382Z tests/test_cmdline.py::test_sig[SLH_DSA_SHA2_224_PREHASH_SHAKE_192S] 
2026-01-14T17:10:55.8699621Z [gw0] [ 68%] SKIPPED tests/test_cmdline.py::test_sig[SLH_DSA_SHA2_224_PREHASH_SHAKE_192S] 
2026-01-14T17:10:55.8710225Z tests/test_cmdline.py::test_sig[SLH_DSA_SHA2_224_PREHASH_SHAKE_192F] 
2026-01-14T17:10:55.8715914Z [gw0] [ 68%] SKIPPED tests/test_cmdline.py::test_sig[SLH_DSA_SHA2_224_PREHASH_SHAKE_192F] 
2026-01-14T17:10:55.8727364Z tests/test_cmdline.py::test_sig[SLH_DSA_SHA2_224_PREHASH_SHAKE_256S] 
2026-01-14T17:10:55.8732237Z [gw0] [ 68%] SKIPPED tests/test_cmdline.py::test_sig[SLH_DSA_SHA2_224_PREHASH_SHAKE_256S] 
2026-01-14T17:10:55.8746299Z tests/test_cmdline.py::test_sig[SLH_DSA_SHA2_224_PREHASH_SHAKE_256F] 
2026-01-14T17:10:55.8752355Z [gw0] [ 68%] SKIPPED tests/test_cmdline.py::test_sig[SLH_DSA_SHA2_224_PREHASH_SHAKE_256F] 
2026-01-14T17:10:55.8763747Z tests/test_cmdline.py::test_sig[SLH_DSA_SHA2_256_PREHASH_SHA2_128S] 
2026-01-14T17:10:55.8768440Z [gw0] [ 68%] SKIPPED tests/test_cmdline.py::test_sig[SLH_DSA_SHA2_256_PREHASH_SHA2_128S] 
2026-01-14T17:10:55.8781263Z tests/test_cmdline.py::test_sig[SLH_DSA_SHA2_256_PREHASH_SHA2_128F] 
2026-01-14T17:10:55.8784843Z [gw0] [ 68%] SKIPPED tests/test_cmdline.py::test_sig[SLH_DSA_SHA2_256_PREHASH_SHA2_128F] 
2026-01-14T17:10:55.8796432Z tests/test_cmdline.py::test_sig[SLH_DSA_SHA2_256_PREHASH_SHA2_192S] 
2026-01-14T17:10:55.8801638Z [gw0] [ 68%] SKIPPED tests/test_cmdline.py::test_sig[SLH_DSA_SHA2_256_PREHASH_SHA2_192S] 
2026-01-14T17:10:55.8813695Z tests/test_cmdline.py::test_sig[SLH_DSA_SHA2_256_PREHASH_SHA2_192F] 
2026-01-14T17:10:55.8818864Z [gw0] [ 68%] SKIPPED tests/test_cmdline.py::test_sig[SLH_DSA_SHA2_256_PREHASH_SHA2_192F] 
2026-01-14T17:10:55.8830637Z tests/test_cmdline.py::test_sig[SLH_DSA_SHA2_256_PREHASH_SHA2_256S] 
2026-01-14T17:10:55.8836289Z [gw0] [ 68%] SKIPPED tests/test_cmdline.py::test_sig[SLH_DSA_SHA2_256_PREHASH_SHA2_256S] 
2026-01-14T17:10:55.8847930Z tests/test_cmdline.py::test_sig[SLH_DSA_SHA2_256_PREHASH_SHA2_256F] 
2026-01-14T17:10:55.8853097Z [gw0] [ 68%] SKIPPED tests/test_cmdline.py::test_sig[SLH_DSA_SHA2_256_PREHASH_SHA2_256F] 
2026-01-14T17:10:55.8867339Z tests/test_cmdline.py::test_sig[SLH_DSA_SHA2_256_PREHASH_SHAKE_128S] 
2026-01-14T17:10:55.8873096Z [gw0] [ 68%] SKIPPED tests/test_cmdline.py::test_sig[SLH_DSA_SHA2_256_PREHASH_SHAKE_128S] 
2026-01-14T17:10:55.8884440Z tests/test_cmdline.py::test_sig[SLH_DSA_SHA2_256_PREHASH_SHAKE_128F] 
2026-01-14T17:10:55.8891750Z [gw0] [ 68%] SKIPPED tests/test_cmdline.py::test_sig[SLH_DSA_SHA2_256_PREHASH_SHAKE_128F] 
2026-01-14T17:10:55.8903390Z tests/test_cmdline.py::test_sig[SLH_DSA_SHA2_256_PREHASH_SHAKE_192S] 
2026-01-14T17:10:55.8907665Z [gw0] [ 68%] SKIPPED tests/test_cmdline.py::test_sig[SLH_DSA_SHA2_256_PREHASH_SHAKE_192S] 
2026-01-14T17:10:55.8919341Z tests/test_cmdline.py::test_sig[SLH_DSA_SHA2_256_PREHASH_SHAKE_192F] 
2026-01-14T17:10:55.8925536Z [gw0] [ 68%] SKIPPED tests/test_cmdline.py::test_sig[SLH_DSA_SHA2_256_PREHASH_SHAKE_192F] 
2026-01-14T17:10:55.8935695Z tests/test_cmdline.py::test_sig[SLH_DSA_SHA2_256_PREHASH_SHAKE_256S] 
2026-01-14T17:10:55.8943338Z [gw0] [ 68%] SKIPPED tests/test_cmdline.py::test_sig[SLH_DSA_SHA2_256_PREHASH_SHAKE_256S] 
2026-01-14T17:10:55.8953523Z tests/test_cmdline.py::test_sig[SLH_DSA_SHA2_256_PREHASH_SHAKE_256F] 
2026-01-14T17:10:55.8958535Z [gw0] [ 68%] SKIPPED tests/test_cmdline.py::test_sig[SLH_DSA_SHA2_256_PREHASH_SHAKE_256F] 
2026-01-14T17:10:55.8970267Z tests/test_cmdline.py::test_sig[SLH_DSA_SHA2_384_PREHASH_SHA2_128S] 
2026-01-14T17:10:55.8975935Z [gw0] [ 68%] SKIPPED tests/test_cmdline.py::test_sig[SLH_DSA_SHA2_384_PREHASH_SHA2_128S] 
2026-01-14T17:10:55.8986721Z tests/test_cmdline.py::test_sig[SLH_DSA_SHA2_384_PREHASH_SHA2_128F] 
2026-01-14T17:10:55.8993090Z [gw0] [ 68%] SKIPPED tests/test_cmdline.py::test_sig[SLH_DSA_SHA2_384_PREHASH_SHA2_128F] 
2026-01-14T17:10:55.9006904Z tests/test_cmdline.py::test_sig[SLH_DSA_SHA2_384_PREHASH_SHA2_192S] 
2026-01-14T17:10:55.9012248Z [gw0] [ 68%] SKIPPED tests/test_cmdline.py::test_sig[SLH_DSA_SHA2_384_PREHASH_SHA2_192S] 
2026-01-14T17:10:55.9024724Z tests/test_cmdline.py::test_sig[SLH_DSA_SHA2_384_PREHASH_SHA2_192F] 
2026-01-14T17:10:55.9029769Z [gw0] [ 68%] SKIPPED tests/test_cmdline.py::test_sig[SLH_DSA_SHA2_384_PREHASH_SHA2_192F] 
2026-01-14T17:10:55.9041466Z tests/test_cmdline.py::test_sig[SLH_DSA_SHA2_384_PREHASH_SHA2_256S] 
2026-01-14T17:10:55.9048067Z [gw0] [ 68%] SKIPPED tests/test_cmdline.py::test_sig[SLH_DSA_SHA2_384_PREHASH_SHA2_256S] 
2026-01-14T17:10:55.9057783Z tests/test_cmdline.py::test_sig[SLH_DSA_SHA2_384_PREHASH_SHA2_256F] 
2026-01-14T17:10:55.9062779Z [gw0] [ 69%] SKIPPED tests/test_cmdline.py::test_sig[SLH_DSA_SHA2_384_PREHASH_SHA2_256F] 
2026-01-14T17:10:55.9074628Z tests/test_cmdline.py::test_sig[SLH_DSA_SHA2_384_PREHASH_SHAKE_128S] 
2026-01-14T17:10:55.9081445Z [gw0] [ 69%] SKIPPED tests/test_cmdline.py::test_sig[SLH_DSA_SHA2_384_PREHASH_SHAKE_128S] 
2026-01-14T17:10:55.9091597Z tests/test_cmdline.py::test_sig[SLH_DSA_SHA2_384_PREHASH_SHAKE_128F] 
2026-01-14T17:10:55.9096913Z [gw0] [ 69%] SKIPPED tests/test_cmdline.py::test_sig[SLH_DSA_SHA2_384_PREHASH_SHAKE_128F] 
2026-01-14T17:10:55.9107748Z tests/test_cmdline.py::test_sig[SLH_DSA_SHA2_384_PREHASH_SHAKE_192S] 
2026-01-14T17:10:55.9114513Z [gw0] [ 69%] SKIPPED tests/test_cmdline.py::test_sig[SLH_DSA_SHA2_384_PREHASH_SHAKE_192S] 
2026-01-14T17:10:55.9130242Z tests/test_cmdline.py::test_sig[SLH_DSA_SHA2_384_PREHASH_SHAKE_192F] 
2026-01-14T17:10:55.9135133Z [gw0] [ 69%] SKIPPED tests/test_cmdline.py::test_sig[SLH_DSA_SHA2_384_PREHASH_SHAKE_192F] 
2026-01-14T17:10:55.9144361Z tests/test_cmdline.py::test_sig[SLH_DSA_SHA2_384_PREHASH_SHAKE_256S] 
2026-01-14T17:10:55.9148546Z [gw0] [ 69%] SKIPPED tests/test_cmdline.py::test_sig[SLH_DSA_SHA2_384_PREHASH_SHAKE_256S] 
2026-01-14T17:10:55.9161766Z tests/test_cmdline.py::test_sig[SLH_DSA_SHA2_384_PREHASH_SHAKE_256F] 
2026-01-14T17:10:55.9167485Z [gw0] [ 69%] SKIPPED tests/test_cmdline.py::test_sig[SLH_DSA_SHA2_384_PREHASH_SHAKE_256F] 
2026-01-14T17:10:55.9178792Z tests/test_cmdline.py::test_sig[SLH_DSA_SHA2_512_PREHASH_SHA2_128S] 
2026-01-14T17:10:55.9183434Z [gw0] [ 69%] SKIPPED tests/test_cmdline.py::test_sig[SLH_DSA_SHA2_512_PREHASH_SHA2_128S] 
2026-01-14T17:10:55.9194843Z tests/test_cmdline.py::test_sig[SLH_DSA_SHA2_512_PREHASH_SHA2_128F] 
2026-01-14T17:10:55.9201373Z [gw0] [ 69%] SKIPPED tests/test_cmdline.py::test_sig[SLH_DSA_SHA2_512_PREHASH_SHA2_128F] 
2026-01-14T17:10:55.9211357Z tests/test_cmdline.py::test_sig[SLH_DSA_SHA2_512_PREHASH_SHA2_192S] 
2026-01-14T17:10:55.9217977Z [gw0] [ 69%] SKIPPED tests/test_cmdline.py::test_sig[SLH_DSA_SHA2_512_PREHASH_SHA2_192S] 
2026-01-14T17:10:55.9226646Z tests/test_cmdline.py::test_sig[SLH_DSA_SHA2_512_PREHASH_SHA2_192F] 
2026-01-14T17:10:55.9232774Z [gw0] [ 69%] SKIPPED tests/test_cmdline.py::test_sig[SLH_DSA_SHA2_512_PREHASH_SHA2_192F] 
2026-01-14T17:10:55.9244438Z tests/test_cmdline.py::test_sig[SLH_DSA_SHA2_512_PREHASH_SHA2_256S] 
2026-01-14T17:10:55.9249192Z [gw0] [ 69%] SKIPPED tests/test_cmdline.py::test_sig[SLH_DSA_SHA2_512_PREHASH_SHA2_256S] 
2026-01-14T17:10:55.9262771Z tests/test_cmdline.py::test_sig[SLH_DSA_SHA2_512_PREHASH_SHA2_256F] 
2026-01-14T17:10:55.9267979Z [gw0] [ 69%] SKIPPED tests/test_cmdline.py::test_sig[SLH_DSA_SHA2_512_PREHASH_SHA2_256F] 
2026-01-14T17:10:55.9280230Z tests/test_cmdline.py::test_sig[SLH_DSA_SHA2_512_PREHASH_SHAKE_128S] 
2026-01-14T17:10:55.9286140Z [gw0] [ 69%] SKIPPED tests/test_cmdline.py::test_sig[SLH_DSA_SHA2_512_PREHASH_SHAKE_128S] 
2026-01-14T17:10:55.9298893Z tests/test_cmdline.py::test_sig[SLH_DSA_SHA2_512_PREHASH_SHAKE_128F] 
2026-01-14T17:10:55.9306156Z [gw0] [ 69%] SKIPPED tests/test_cmdline.py::test_sig[SLH_DSA_SHA2_512_PREHASH_SHAKE_128F] 
2026-01-14T17:10:55.9315309Z tests/test_cmdline.py::test_sig[SLH_DSA_SHA2_512_PREHASH_SHAKE_192S] 
2026-01-14T17:10:55.9321692Z [gw0] [ 69%] SKIPPED tests/test_cmdline.py::test_sig[SLH_DSA_SHA2_512_PREHASH_SHAKE_192S] 
2026-01-14T17:10:55.9331932Z tests/test_cmdline.py::test_sig[SLH_DSA_SHA2_512_PREHASH_SHAKE_192F] 
2026-01-14T17:10:55.9334206Z [gw0] [ 69%] SKIPPED tests/test_cmdline.py::test_sig[SLH_DSA_SHA2_512_PREHASH_SHAKE_192F] 
2026-01-14T17:10:55.9345501Z tests/test_cmdline.py::test_sig[SLH_DSA_SHA2_512_PREHASH_SHAKE_256S] 
2026-01-14T17:10:55.9352674Z [gw0] [ 69%] SKIPPED tests/test_cmdline.py::test_sig[SLH_DSA_SHA2_512_PREHASH_SHAKE_256S] 
2026-01-14T17:10:55.9365850Z tests/test_cmdline.py::test_sig[SLH_DSA_SHA2_512_PREHASH_SHAKE_256F] 
2026-01-14T17:10:55.9369190Z [gw0] [ 69%] SKIPPED tests/test_cmdline.py::test_sig[SLH_DSA_SHA2_512_PREHASH_SHAKE_256F] 
2026-01-14T17:10:55.9381132Z tests/test_cmdline.py::test_sig[SLH_DSA_SHA2_512_224_PREHASH_SHA2_128S] 
2026-01-14T17:10:55.9387633Z [gw0] [ 69%] SKIPPED tests/test_cmdline.py::test_sig[SLH_DSA_SHA2_512_224_PREHASH_SHA2_128S] 
2026-01-14T17:10:55.9399356Z tests/test_cmdline.py::test_sig[SLH_DSA_SHA2_512_224_PREHASH_SHA2_128F] 
2026-01-14T17:10:55.9404848Z [gw0] [ 69%] SKIPPED tests/test_cmdline.py::test_sig[SLH_DSA_SHA2_512_224_PREHASH_SHA2_128F] 
2026-01-14T17:10:55.9415545Z tests/test_cmdline.py::test_sig[SLH_DSA_SHA2_512_224_PREHASH_SHA2_192S] 
2026-01-14T17:10:55.9421647Z [gw0] [ 69%] SKIPPED tests/test_cmdline.py::test_sig[SLH_DSA_SHA2_512_224_PREHASH_SHA2_192S] 
2026-01-14T17:10:55.9431901Z tests/test_cmdline.py::test_sig[SLH_DSA_SHA2_512_224_PREHASH_SHA2_192F] 
2026-01-14T17:10:55.9438474Z [gw0] [ 69%] SKIPPED tests/test_cmdline.py::test_sig[SLH_DSA_SHA2_512_224_PREHASH_SHA2_192F] 
2026-01-14T17:10:55.9449723Z tests/test_cmdline.py::test_sig[SLH_DSA_SHA2_512_224_PREHASH_SHA2_256S] 
2026-01-14T17:10:55.9453877Z [gw0] [ 69%] SKIPPED tests/test_cmdline.py::test_sig[SLH_DSA_SHA2_512_224_PREHASH_SHA2_256S] 
2026-01-14T17:10:55.9465389Z tests/test_cmdline.py::test_sig[SLH_DSA_SHA2_512_224_PREHASH_SHA2_256F] 
2026-01-14T17:10:55.9471035Z [gw0] [ 69%] SKIPPED tests/test_cmdline.py::test_sig[SLH_DSA_SHA2_512_224_PREHASH_SHA2_256F] 
2026-01-14T17:10:55.9483768Z tests/test_cmdline.py::test_sig[SLH_DSA_SHA2_512_224_PREHASH_SHAKE_128S] 
2026-01-14T17:10:55.9488444Z [gw0] [ 69%] SKIPPED tests/test_cmdline.py::test_sig[SLH_DSA_SHA2_512_224_PREHASH_SHAKE_128S] 
2026-01-14T17:10:55.9500344Z tests/test_cmdline.py::test_sig[SLH_DSA_SHA2_512_224_PREHASH_SHAKE_128F] 
2026-01-14T17:10:55.9507845Z [gw0] [ 69%] SKIPPED tests/test_cmdline.py::test_sig[SLH_DSA_SHA2_512_224_PREHASH_SHAKE_128F] 
2026-01-14T17:10:55.9519940Z tests/test_cmdline.py::test_sig[SLH_DSA_SHA2_512_224_PREHASH_SHAKE_192S] 
2026-01-14T17:10:55.9525492Z [gw0] [ 69%] SKIPPED tests/test_cmdline.py::test_sig[SLH_DSA_SHA2_512_224_PREHASH_SHAKE_192S] 
2026-01-14T17:10:55.9538414Z tests/test_cmdline.py::test_sig[SLH_DSA_SHA2_512_224_PREHASH_SHAKE_192F] 
2026-01-14T17:10:55.9543674Z [gw0] [ 69%] SKIPPED tests/test_cmdline.py::test_sig[SLH_DSA_SHA2_512_224_PREHASH_SHAKE_192F] 
2026-01-14T17:10:55.9557624Z tests/test_cmdline.py::test_sig[SLH_DSA_SHA2_512_224_PREHASH_SHAKE_256S] 
2026-01-14T17:10:55.9561445Z [gw0] [ 69%] SKIPPED tests/test_cmdline.py::test_sig[SLH_DSA_SHA2_512_224_PREHASH_SHAKE_256S] 
2026-01-14T17:10:55.9572689Z tests/test_cmdline.py::test_sig[SLH_DSA_SHA2_512_224_PREHASH_SHAKE_256F] 
2026-01-14T17:10:55.9577138Z [gw0] [ 69%] SKIPPED tests/test_cmdline.py::test_sig[SLH_DSA_SHA2_512_224_PREHASH_SHAKE_256F] 
2026-01-14T17:10:55.9590544Z tests/test_cmdline.py::test_sig[SLH_DSA_SHA2_512_256_PREHASH_SHA2_128S] 
2026-01-14T17:10:55.9596852Z [gw0] [ 70%] SKIPPED tests/test_cmdline.py::test_sig[SLH_DSA_SHA2_512_256_PREHASH_SHA2_128S] 
2026-01-14T17:10:55.9609115Z tests/test_cmdline.py::test_sig[SLH_DSA_SHA2_512_256_PREHASH_SHA2_128F] 
2026-01-14T17:10:55.9613025Z [gw0] [ 70%] SKIPPED tests/test_cmdline.py::test_sig[SLH_DSA_SHA2_512_256_PREHASH_SHA2_128F] 
2026-01-14T17:10:55.9624423Z tests/test_cmdline.py::test_sig[SLH_DSA_SHA2_512_256_PREHASH_SHA2_192S] 
2026-01-14T17:10:55.9631261Z [gw0] [ 70%] SKIPPED tests/test_cmdline.py::test_sig[SLH_DSA_SHA2_512_256_PREHASH_SHA2_192S] 
2026-01-14T17:10:55.9641457Z tests/test_cmdline.py::test_sig[SLH_DSA_SHA2_512_256_PREHASH_SHA2_192F] 
2026-01-14T17:10:55.9649379Z [gw0] [ 70%] SKIPPED tests/test_cmdline.py::test_sig[SLH_DSA_SHA2_512_256_PREHASH_SHA2_192F] 
2026-01-14T17:10:55.9660477Z tests/test_cmdline.py::test_sig[SLH_DSA_SHA2_512_256_PREHASH_SHA2_256S] 
2026-01-14T17:10:55.9665703Z [gw0] [ 70%] SKIPPED tests/test_cmdline.py::test_sig[SLH_DSA_SHA2_512_256_PREHASH_SHA2_256S] 
2026-01-14T17:10:55.9679635Z tests/test_cmdline.py::test_sig[SLH_DSA_SHA2_512_256_PREHASH_SHA2_256F] 
2026-01-14T17:10:55.9685373Z [gw0] [ 70%] SKIPPED tests/test_cmdline.py::test_sig[SLH_DSA_SHA2_512_256_PREHASH_SHA2_256F] 
2026-01-14T17:10:55.9695795Z tests/test_cmdline.py::test_sig[SLH_DSA_SHA2_512_256_PREHASH_SHAKE_128S] 
2026-01-14T17:10:55.9700246Z [gw0] [ 70%] SKIPPED tests/test_cmdline.py::test_sig[SLH_DSA_SHA2_512_256_PREHASH_SHAKE_128S] 
2026-01-14T17:10:55.9711396Z tests/test_cmdline.py::test_sig[SLH_DSA_SHA2_512_256_PREHASH_SHAKE_128F] 
2026-01-14T17:10:55.9719348Z [gw0] [ 70%] SKIPPED tests/test_cmdline.py::test_sig[SLH_DSA_SHA2_512_256_PREHASH_SHAKE_128F] 
2026-01-14T17:10:55.9730946Z tests/test_cmdline.py::test_sig[SLH_DSA_SHA2_512_256_PREHASH_SHAKE_192S] 
2026-01-14T17:10:55.9735741Z [gw0] [ 70%] SKIPPED tests/test_cmdline.py::test_sig[SLH_DSA_SHA2_512_256_PREHASH_SHAKE_192S] 
2026-01-14T17:10:55.9747247Z tests/test_cmdline.py::test_sig[SLH_DSA_SHA2_512_256_PREHASH_SHAKE_192F] 
2026-01-14T17:10:55.9752046Z [gw0] [ 70%] SKIPPED tests/test_cmdline.py::test_sig[SLH_DSA_SHA2_512_256_PREHASH_SHAKE_192F] 
2026-01-14T17:10:55.9779364Z tests/test_cmdline.py::test_sig[SLH_DSA_SHA2_512_256_PREHASH_SHAKE_256S] 
2026-01-14T17:10:55.9781041Z [gw0] [ 70%] SKIPPED tests/test_cmdline.py::test_sig[SLH_DSA_SHA2_512_256_PREHASH_SHAKE_256S] 
2026-01-14T17:10:55.9783930Z tests/test_cmdline.py::test_sig[SLH_DSA_SHA2_512_256_PREHASH_SHAKE_256F] 
2026-01-14T17:10:55.9784851Z [gw0] [ 70%] SKIPPED tests/test_cmdline.py::test_sig[SLH_DSA_SHA2_512_256_PREHASH_SHAKE_256F] 
2026-01-14T17:10:55.9795591Z tests/test_cmdline.py::test_sig[SLH_DSA_SHA3_224_PREHASH_SHA2_128S] 
2026-01-14T17:10:55.9799002Z [gw0] [ 70%] SKIPPED tests/test_cmdline.py::test_sig[SLH_DSA_SHA3_224_PREHASH_SHA2_128S] 
2026-01-14T17:10:55.9811308Z tests/test_cmdline.py::test_sig[SLH_DSA_SHA3_224_PREHASH_SHA2_128F] 
2026-01-14T17:10:55.9816697Z [gw0] [ 70%] SKIPPED tests/test_cmdline.py::test_sig[SLH_DSA_SHA3_224_PREHASH_SHA2_128F] 
2026-01-14T17:10:55.9829283Z tests/test_cmdline.py::test_sig[SLH_DSA_SHA3_224_PREHASH_SHA2_192S] 
2026-01-14T17:10:55.9835468Z [gw0] [ 70%] SKIPPED tests/test_cmdline.py::test_sig[SLH_DSA_SHA3_224_PREHASH_SHA2_192S] 
2026-01-14T17:10:55.9849019Z tests/test_cmdline.py::test_sig[SLH_DSA_SHA3_224_PREHASH_SHA2_192F] 
2026-01-14T17:10:55.9853176Z [gw0] [ 70%] SKIPPED tests/test_cmdline.py::test_sig[SLH_DSA_SHA3_224_PREHASH_SHA2_192F] 
2026-01-14T17:10:55.9864166Z tests/test_cmdline.py::test_sig[SLH_DSA_SHA3_224_PREHASH_SHA2_256S] 
2026-01-14T17:10:55.9870383Z [gw0] [ 70%] SKIPPED tests/test_cmdline.py::test_sig[SLH_DSA_SHA3_224_PREHASH_SHA2_256S] 
2026-01-14T17:10:55.9882437Z tests/test_cmdline.py::test_sig[SLH_DSA_SHA3_224_PREHASH_SHA2_256F] 
2026-01-14T17:10:55.9887441Z [gw0] [ 70%] SKIPPED tests/test_cmdline.py::test_sig[SLH_DSA_SHA3_224_PREHASH_SHA2_256F] 
2026-01-14T17:10:55.9899727Z tests/test_cmdline.py::test_sig[SLH_DSA_SHA3_224_PREHASH_SHAKE_128S] 
2026-01-14T17:10:55.9903823Z [gw0] [ 70%] SKIPPED tests/test_cmdline.py::test_sig[SLH_DSA_SHA3_224_PREHASH_SHAKE_128S] 
2026-01-14T17:10:55.9915721Z tests/test_cmdline.py::test_sig[SLH_DSA_SHA3_224_PREHASH_SHAKE_128F] 
2026-01-14T17:10:55.9919525Z [gw0] [ 70%] SKIPPED tests/test_cmdline.py::test_sig[SLH_DSA_SHA3_224_PREHASH_SHAKE_128F] 
2026-01-14T17:10:55.9932595Z tests/test_cmdline.py::test_sig[SLH_DSA_SHA3_224_PREHASH_SHAKE_192S] 
2026-01-14T17:10:55.9936474Z [gw0] [ 70%] SKIPPED tests/test_cmdline.py::test_sig[SLH_DSA_SHA3_224_PREHASH_SHAKE_192S] 
2026-01-14T17:10:55.9948208Z tests/test_cmdline.py::test_sig[SLH_DSA_SHA3_224_PREHASH_SHAKE_192F] 
2026-01-14T17:10:55.9955804Z [gw0] [ 70%] SKIPPED tests/test_cmdline.py::test_sig[SLH_DSA_SHA3_224_PREHASH_SHAKE_192F] 
2026-01-14T17:10:55.9967627Z tests/test_cmdline.py::test_sig[SLH_DSA_SHA3_224_PREHASH_SHAKE_256S] 
2026-01-14T17:10:55.9971917Z [gw0] [ 70%] SKIPPED tests/test_cmdline.py::test_sig[SLH_DSA_SHA3_224_PREHASH_SHAKE_256S] 
2026-01-14T17:10:55.9983999Z tests/test_cmdline.py::test_sig[SLH_DSA_SHA3_224_PREHASH_SHAKE_256F] 
2026-01-14T17:10:55.9989550Z [gw0] [ 70%] SKIPPED tests/test_cmdline.py::test_sig[SLH_DSA_SHA3_224_PREHASH_SHAKE_256F] 
2026-01-14T17:10:56.0001895Z tests/test_cmdline.py::test_sig[SLH_DSA_SHA3_256_PREHASH_SHA2_128S] 
2026-01-14T17:10:56.0005225Z [gw0] [ 70%] SKIPPED tests/test_cmdline.py::test_sig[SLH_DSA_SHA3_256_PREHASH_SHA2_128S] 
2026-01-14T17:10:56.0017991Z tests/test_cmdline.py::test_sig[SLH_DSA_SHA3_256_PREHASH_SHA2_128F] 
2026-01-14T17:10:56.0023038Z [gw0] [ 70%] SKIPPED tests/test_cmdline.py::test_sig[SLH_DSA_SHA3_256_PREHASH_SHA2_128F] 
2026-01-14T17:10:56.0034458Z tests/test_cmdline.py::test_sig[SLH_DSA_SHA3_256_PREHASH_SHA2_192S] 
2026-01-14T17:10:56.0039645Z [gw0] [ 70%] SKIPPED tests/test_cmdline.py::test_sig[SLH_DSA_SHA3_256_PREHASH_SHA2_192S] 
2026-01-14T17:10:56.0052161Z tests/test_cmdline.py::test_sig[SLH_DSA_SHA3_256_PREHASH_SHA2_192F] 
2026-01-14T17:10:56.0057725Z [gw0] [ 70%] SKIPPED tests/test_cmdline.py::test_sig[SLH_DSA_SHA3_256_PREHASH_SHA2_192F] 
2026-01-14T17:10:56.0069417Z tests/test_cmdline.py::test_sig[SLH_DSA_SHA3_256_PREHASH_SHA2_256S] 
2026-01-14T17:10:56.0079317Z [gw0] [ 70%] SKIPPED tests/test_cmdline.py::test_sig[SLH_DSA_SHA3_256_PREHASH_SHA2_256S] 
2026-01-14T17:10:56.0091362Z tests/test_cmdline.py::test_sig[SLH_DSA_SHA3_256_PREHASH_SHA2_256F] 
2026-01-14T17:10:56.0095876Z [gw0] [ 70%] SKIPPED tests/test_cmdline.py::test_sig[SLH_DSA_SHA3_256_PREHASH_SHA2_256F] 
2026-01-14T17:10:56.0110037Z tests/test_cmdline.py::test_sig[SLH_DSA_SHA3_256_PREHASH_SHAKE_128S] 
2026-01-14T17:10:56.0114180Z [gw0] [ 70%] SKIPPED tests/test_cmdline.py::test_sig[SLH_DSA_SHA3_256_PREHASH_SHAKE_128S] 
2026-01-14T17:10:56.0128739Z tests/test_cmdline.py::test_sig[SLH_DSA_SHA3_256_PREHASH_SHAKE_128F] 
2026-01-14T17:10:56.0131111Z [gw0] [ 71%] SKIPPED tests/test_cmdline.py::test_sig[SLH_DSA_SHA3_256_PREHASH_SHAKE_128F] 
2026-01-14T17:10:56.0144353Z tests/test_cmdline.py::test_sig[SLH_DSA_SHA3_256_PREHASH_SHAKE_192S] 
2026-01-14T17:10:56.0146754Z [gw0] [ 71%] SKIPPED tests/test_cmdline.py::test_sig[SLH_DSA_SHA3_256_PREHASH_SHAKE_192S] 
2026-01-14T17:10:56.0161325Z tests/test_cmdline.py::test_sig[SLH_DSA_SHA3_256_PREHASH_SHAKE_192F] 
2026-01-14T17:10:56.0165576Z [gw0] [ 71%] SKIPPED tests/test_cmdline.py::test_sig[SLH_DSA_SHA3_256_PREHASH_SHAKE_192F] 
2026-01-14T17:10:56.0179138Z tests/test_cmdline.py::test_sig[SLH_DSA_SHA3_256_PREHASH_SHAKE_256S] 
2026-01-14T17:10:56.0183366Z [gw0] [ 71%] SKIPPED tests/test_cmdline.py::test_sig[SLH_DSA_SHA3_256_PREHASH_SHAKE_256S] 
2026-01-14T17:10:56.0194787Z tests/test_cmdline.py::test_sig[SLH_DSA_SHA3_256_PREHASH_SHAKE_256F] 
2026-01-14T17:10:56.0199174Z [gw0] [ 71%] SKIPPED tests/test_cmdline.py::test_sig[SLH_DSA_SHA3_256_PREHASH_SHAKE_256F] 
2026-01-14T17:10:56.0212834Z tests/test_cmdline.py::test_sig[SLH_DSA_SHA3_384_PREHASH_SHA2_128S] 
2026-01-14T17:10:56.0217890Z [gw0] [ 71%] SKIPPED tests/test_cmdline.py::test_sig[SLH_DSA_SHA3_384_PREHASH_SHA2_128S] 
2026-01-14T17:10:56.0230195Z tests/test_cmdline.py::test_sig[SLH_DSA_SHA3_384_PREHASH_SHA2_128F] 
2026-01-14T17:10:56.0234166Z [gw0] [ 71%] SKIPPED tests/test_cmdline.py::test_sig[SLH_DSA_SHA3_384_PREHASH_SHA2_128F] 
2026-01-14T17:10:56.0247916Z tests/test_cmdline.py::test_sig[SLH_DSA_SHA3_384_PREHASH_SHA2_192S] 
2026-01-14T17:10:56.0250455Z [gw0] [ 71%] SKIPPED tests/test_cmdline.py::test_sig[SLH_DSA_SHA3_384_PREHASH_SHA2_192S] 
2026-01-14T17:10:56.0262504Z tests/test_cmdline.py::test_sig[SLH_DSA_SHA3_384_PREHASH_SHA2_192F] 
2026-01-14T17:10:56.0267164Z [gw0] [ 71%] SKIPPED tests/test_cmdline.py::test_sig[SLH_DSA_SHA3_384_PREHASH_SHA2_192F] 
2026-01-14T17:10:56.0280087Z tests/test_cmdline.py::test_sig[SLH_DSA_SHA3_384_PREHASH_SHA2_256S] 
2026-01-14T17:10:56.0283878Z [gw0] [ 71%] SKIPPED tests/test_cmdline.py::test_sig[SLH_DSA_SHA3_384_PREHASH_SHA2_256S] 
2026-01-14T17:10:56.0298829Z tests/test_cmdline.py::test_sig[SLH_DSA_SHA3_384_PREHASH_SHA2_256F] 
2026-01-14T17:10:56.0301378Z [gw0] [ 71%] SKIPPED tests/test_cmdline.py::test_sig[SLH_DSA_SHA3_384_PREHASH_SHA2_256F] 
2026-01-14T17:10:56.0313750Z tests/test_cmdline.py::test_sig[SLH_DSA_SHA3_384_PREHASH_SHAKE_128S] 
2026-01-14T17:10:56.0318550Z [gw0] [ 71%] SKIPPED tests/test_cmdline.py::test_sig[SLH_DSA_SHA3_384_PREHASH_SHAKE_128S] 
2026-01-14T17:10:56.0334145Z tests/test_cmdline.py::test_sig[SLH_DSA_SHA3_384_PREHASH_SHAKE_128F] 
2026-01-14T17:10:56.0337875Z [gw0] [ 71%] SKIPPED tests/test_cmdline.py::test_sig[SLH_DSA_SHA3_384_PREHASH_SHAKE_128F] 
2026-01-14T17:10:56.0351576Z tests/test_cmdline.py::test_sig[SLH_DSA_SHA3_384_PREHASH_SHAKE_192S] 
2026-01-14T17:10:56.0354708Z [gw0] [ 71%] SKIPPED tests/test_cmdline.py::test_sig[SLH_DSA_SHA3_384_PREHASH_SHAKE_192S] 
2026-01-14T17:10:56.0367380Z tests/test_cmdline.py::test_sig[SLH_DSA_SHA3_384_PREHASH_SHAKE_192F] 
2026-01-14T17:10:56.0371870Z [gw0] [ 71%] SKIPPED tests/test_cmdline.py::test_sig[SLH_DSA_SHA3_384_PREHASH_SHAKE_192F] 
2026-01-14T17:10:56.0576828Z tests/test_cmdline.py::test_sig[SLH_DSA_SHA3_384_PREHASH_SHAKE_256S] 
2026-01-14T17:10:56.0578344Z [gw0] [ 71%] SKIPPED tests/test_cmdline.py::test_sig[SLH_DSA_SHA3_384_PREHASH_SHAKE_256S] 
2026-01-14T17:10:56.0579257Z tests/test_cmdline.py::test_sig[SLH_DSA_SHA3_384_PREHASH_SHAKE_256F] 
2026-01-14T17:10:56.0580552Z [gw0] [ 71%] SKIPPED tests/test_cmdline.py::test_sig[SLH_DSA_SHA3_384_PREHASH_SHAKE_256F] 
2026-01-14T17:10:56.0581493Z tests/test_cmdline.py::test_sig[SLH_DSA_SHA3_512_PREHASH_SHA2_128S] 
2026-01-14T17:10:56.0582358Z [gw0] [ 71%] SKIPPED tests/test_cmdline.py::test_sig[SLH_DSA_SHA3_512_PREHASH_SHA2_128S] 
2026-01-14T17:10:56.0654387Z tests/test_cmdline.py::test_sig[SLH_DSA_SHA3_512_PREHASH_SHA2_128F] 
2026-01-14T17:10:56.0662631Z [gw0] [ 71%] SKIPPED tests/test_cmdline.py::test_sig[SLH_DSA_SHA3_512_PREHASH_SHA2_128F] 
2026-01-14T17:10:56.0663488Z tests/test_cmdline.py::test_sig[SLH_DSA_SHA3_512_PREHASH_SHA2_192S] 
2026-01-14T17:10:56.0668249Z [gw0] [ 71%] SKIPPED tests/test_cmdline.py::test_sig[SLH_DSA_SHA3_512_PREHASH_SHA2_192S] 
2026-01-14T17:10:56.0669172Z tests/test_cmdline.py::test_sig[SLH_DSA_SHA3_512_PREHASH_SHA2_192F] 
2026-01-14T17:10:56.0670061Z [gw0] [ 71%] SKIPPED tests/test_cmdline.py::test_sig[SLH_DSA_SHA3_512_PREHASH_SHA2_192F] 
2026-01-14T17:10:56.0671612Z tests/test_cmdline.py::test_sig[SLH_DSA_SHA3_512_PREHASH_SHA2_256S] 
2026-01-14T17:10:56.0676147Z [gw0] [ 71%] SKIPPED tests/test_cmdline.py::test_sig[SLH_DSA_SHA3_512_PREHASH_SHA2_256S] 
2026-01-14T17:10:56.0677057Z tests/test_cmdline.py::test_sig[SLH_DSA_SHA3_512_PREHASH_SHA2_256F] 
2026-01-14T17:10:56.0677908Z [gw0] [ 71%] SKIPPED tests/test_cmdline.py::test_sig[SLH_DSA_SHA3_512_PREHASH_SHA2_256F] 
2026-01-14T17:10:56.0678771Z tests/test_cmdline.py::test_sig[SLH_DSA_SHA3_512_PREHASH_SHAKE_128S] 
2026-01-14T17:10:56.0679631Z [gw0] [ 71%] SKIPPED tests/test_cmdline.py::test_sig[SLH_DSA_SHA3_512_PREHASH_SHAKE_128S] 
2026-01-14T17:10:56.0680490Z tests/test_cmdline.py::test_sig[SLH_DSA_SHA3_512_PREHASH_SHAKE_128F] 
2026-01-14T17:10:56.0681350Z [gw0] [ 71%] SKIPPED tests/test_cmdline.py::test_sig[SLH_DSA_SHA3_512_PREHASH_SHAKE_128F] 
2026-01-14T17:10:56.0682230Z tests/test_cmdline.py::test_sig[SLH_DSA_SHA3_512_PREHASH_SHAKE_192S] 
2026-01-14T17:10:56.0683115Z [gw0] [ 71%] SKIPPED tests/test_cmdline.py::test_sig[SLH_DSA_SHA3_512_PREHASH_SHAKE_192S] 
2026-01-14T17:10:56.0684022Z tests/test_cmdline.py::test_sig[SLH_DSA_SHA3_512_PREHASH_SHAKE_192F] 
2026-01-14T17:10:56.0685064Z [gw0] [ 71%] SKIPPED tests/test_cmdline.py::test_sig[SLH_DSA_SHA3_512_PREHASH_SHAKE_192F] 
2026-01-14T17:10:56.0685970Z tests/test_cmdline.py::test_sig[SLH_DSA_SHA3_512_PREHASH_SHAKE_256S] 
2026-01-14T17:10:56.0687164Z [gw0] [ 71%] SKIPPED tests/test_cmdline.py::test_sig[SLH_DSA_SHA3_512_PREHASH_SHAKE_256S] 
2026-01-14T17:10:56.0695656Z tests/test_cmdline.py::test_sig[SLH_DSA_SHA3_512_PREHASH_SHAKE_256F] 
2026-01-14T17:10:56.0696565Z [gw0] [ 71%] SKIPPED tests/test_cmdline.py::test_sig[SLH_DSA_SHA3_512_PREHASH_SHAKE_256F] 
2026-01-14T17:10:56.0697444Z tests/test_cmdline.py::test_sig[SLH_DSA_SHAKE_128_PREHASH_SHA2_128S] 
2026-01-14T17:10:56.0698281Z [gw0] [ 71%] SKIPPED tests/test_cmdline.py::test_sig[SLH_DSA_SHAKE_128_PREHASH_SHA2_128S] 
2026-01-14T17:10:56.0699136Z tests/test_cmdline.py::test_sig[SLH_DSA_SHAKE_128_PREHASH_SHA2_128F] 
2026-01-14T17:10:56.0699978Z [gw0] [ 72%] SKIPPED tests/test_cmdline.py::test_sig[SLH_DSA_SHAKE_128_PREHASH_SHA2_128F] 
2026-01-14T17:10:56.0700830Z tests/test_cmdline.py::test_sig[SLH_DSA_SHAKE_128_PREHASH_SHA2_192S] 
2026-01-14T17:10:56.0701675Z [gw0] [ 72%] SKIPPED tests/test_cmdline.py::test_sig[SLH_DSA_SHAKE_128_PREHASH_SHA2_192S] 
2026-01-14T17:10:56.0702572Z tests/test_cmdline.py::test_sig[SLH_DSA_SHAKE_128_PREHASH_SHA2_192F] 
2026-01-14T17:10:56.0703453Z [gw0] [ 72%] SKIPPED tests/test_cmdline.py::test_sig[SLH_DSA_SHAKE_128_PREHASH_SHA2_192F] 
2026-01-14T17:10:56.0704353Z tests/test_cmdline.py::test_sig[SLH_DSA_SHAKE_128_PREHASH_SHA2_256S] 
2026-01-14T17:10:56.0705399Z [gw0] [ 72%] SKIPPED tests/test_cmdline.py::test_sig[SLH_DSA_SHAKE_128_PREHASH_SHA2_256S] 
2026-01-14T17:10:56.0706274Z tests/test_cmdline.py::test_sig[SLH_DSA_SHAKE_128_PREHASH_SHA2_256F] 
2026-01-14T17:10:56.0710119Z [gw0] [ 72%] SKIPPED tests/test_cmdline.py::test_sig[SLH_DSA_SHAKE_128_PREHASH_SHA2_256F] 
2026-01-14T17:10:56.0711071Z tests/test_cmdline.py::test_sig[SLH_DSA_SHAKE_128_PREHASH_SHAKE_128S] 
2026-01-14T17:10:56.0714770Z [gw0] [ 72%] SKIPPED tests/test_cmdline.py::test_sig[SLH_DSA_SHAKE_128_PREHASH_SHAKE_128S] 
2026-01-14T17:10:56.0728620Z tests/test_cmdline.py::test_sig[SLH_DSA_SHAKE_128_PREHASH_SHAKE_128F] 
2026-01-14T17:10:56.0731113Z [gw0] [ 72%] SKIPPED tests/test_cmdline.py::test_sig[SLH_DSA_SHAKE_128_PREHASH_SHAKE_128F] 
2026-01-14T17:10:56.0743577Z tests/test_cmdline.py::test_sig[SLH_DSA_SHAKE_128_PREHASH_SHAKE_192S] 
2026-01-14T17:10:56.0748512Z [gw0] [ 72%] SKIPPED tests/test_cmdline.py::test_sig[SLH_DSA_SHAKE_128_PREHASH_SHAKE_192S] 
2026-01-14T17:10:56.0760423Z tests/test_cmdline.py::test_sig[SLH_DSA_SHAKE_128_PREHASH_SHAKE_192F] 
2026-01-14T17:10:56.0765229Z [gw0] [ 72%] SKIPPED tests/test_cmdline.py::test_sig[SLH_DSA_SHAKE_128_PREHASH_SHAKE_192F] 
2026-01-14T17:10:56.0776488Z tests/test_cmdline.py::test_sig[SLH_DSA_SHAKE_128_PREHASH_SHAKE_256S] 
2026-01-14T17:10:56.0782262Z [gw0] [ 72%] SKIPPED tests/test_cmdline.py::test_sig[SLH_DSA_SHAKE_128_PREHASH_SHAKE_256S] 
2026-01-14T17:10:56.0792862Z tests/test_cmdline.py::test_sig[SLH_DSA_SHAKE_128_PREHASH_SHAKE_256F] 
2026-01-14T17:10:56.0800266Z [gw0] [ 72%] SKIPPED tests/test_cmdline.py::test_sig[SLH_DSA_SHAKE_128_PREHASH_SHAKE_256F] 
2026-01-14T17:10:56.0813205Z tests/test_cmdline.py::test_sig[SLH_DSA_SHAKE_256_PREHASH_SHA2_128S] 
2026-01-14T17:10:56.0817100Z [gw0] [ 72%] SKIPPED tests/test_cmdline.py::test_sig[SLH_DSA_SHAKE_256_PREHASH_SHA2_128S] 
2026-01-14T17:10:56.0827500Z tests/test_cmdline.py::test_sig[SLH_DSA_SHAKE_256_PREHASH_SHA2_128F] 
2026-01-14T17:10:56.0833607Z [gw0] [ 72%] SKIPPED tests/test_cmdline.py::test_sig[SLH_DSA_SHAKE_256_PREHASH_SHA2_128F] 
2026-01-14T17:10:56.0843547Z tests/test_cmdline.py::test_sig[SLH_DSA_SHAKE_256_PREHASH_SHA2_192S] 
2026-01-14T17:10:56.0849514Z [gw0] [ 72%] SKIPPED tests/test_cmdline.py::test_sig[SLH_DSA_SHAKE_256_PREHASH_SHA2_192S] 
2026-01-14T17:10:56.0859922Z tests/test_cmdline.py::test_sig[SLH_DSA_SHAKE_256_PREHASH_SHA2_192F] 
2026-01-14T17:10:56.0867015Z [gw0] [ 72%] SKIPPED tests/test_cmdline.py::test_sig[SLH_DSA_SHAKE_256_PREHASH_SHA2_192F] 
2026-01-14T17:10:56.0877810Z tests/test_cmdline.py::test_sig[SLH_DSA_SHAKE_256_PREHASH_SHA2_256S] 
2026-01-14T17:10:56.0882001Z [gw0] [ 72%] SKIPPED tests/test_cmdline.py::test_sig[SLH_DSA_SHAKE_256_PREHASH_SHA2_256S] 
2026-01-14T17:10:56.0895108Z tests/test_cmdline.py::test_sig[SLH_DSA_SHAKE_256_PREHASH_SHA2_256F] 
2026-01-14T17:10:56.0899681Z [gw0] [ 72%] SKIPPED tests/test_cmdline.py::test_sig[SLH_DSA_SHAKE_256_PREHASH_SHA2_256F] 
2026-01-14T17:10:56.0912026Z tests/test_cmdline.py::test_sig[SLH_DSA_SHAKE_256_PREHASH_SHAKE_128S] 
2026-01-14T17:10:56.0916898Z [gw0] [ 72%] SKIPPED tests/test_cmdline.py::test_sig[SLH_DSA_SHAKE_256_PREHASH_SHAKE_128S] 
2026-01-14T17:10:56.0928227Z tests/test_cmdline.py::test_sig[SLH_DSA_SHAKE_256_PREHASH_SHAKE_128F] 
2026-01-14T17:10:56.0933982Z [gw0] [ 72%] SKIPPED tests/test_cmdline.py::test_sig[SLH_DSA_SHAKE_256_PREHASH_SHAKE_128F] 
2026-01-14T17:10:56.0945093Z tests/test_cmdline.py::test_sig[SLH_DSA_SHAKE_256_PREHASH_SHAKE_192S] 
2026-01-14T17:10:56.0953223Z [gw0] [ 72%] SKIPPED tests/test_cmdline.py::test_sig[SLH_DSA_SHAKE_256_PREHASH_SHAKE_192S] 
2026-01-14T17:10:56.0967830Z tests/test_cmdline.py::test_sig[SLH_DSA_SHAKE_256_PREHASH_SHAKE_192F] 
2026-01-14T17:10:56.0969591Z [gw0] [ 72%] SKIPPED tests/test_cmdline.py::test_sig[SLH_DSA_SHAKE_256_PREHASH_SHAKE_192F] 
2026-01-14T17:10:56.0982270Z tests/test_cmdline.py::test_sig[SLH_DSA_SHAKE_256_PREHASH_SHAKE_256S] 
2026-01-14T17:10:56.0987607Z [gw0] [ 72%] SKIPPED tests/test_cmdline.py::test_sig[SLH_DSA_SHAKE_256_PREHASH_SHAKE_256S] 
2026-01-14T17:10:56.0999804Z tests/test_cmdline.py::test_sig[SLH_DSA_SHAKE_256_PREHASH_SHAKE_256F] 
2026-01-14T17:10:56.1004144Z [gw0] [ 72%] SKIPPED tests/test_cmdline.py::test_sig[SLH_DSA_SHAKE_256_PREHASH_SHAKE_256F] 
2026-01-14T17:11:05.1862925Z tests/test_cmdline.py::test_sig_stfl[XMSS-SHA2_10_256] 
2026-01-14T17:11:05.1868032Z [gw0] [ 72%] PASSED tests/test_cmdline.py::test_sig_stfl[XMSS-SHA2_10_256] 
2026-01-14T17:11:05.4231755Z tests/test_cmdline.py::test_sig_stfl[XMSS-SHA2_16_256] 
2026-01-14T17:11:05.4236023Z [gw0] [ 72%] PASSED tests/test_cmdline.py::test_sig_stfl[XMSS-SHA2_16_256] 
2026-01-14T17:11:05.7000370Z tests/test_cmdline.py::test_sig_stfl[XMSS-SHA2_20_256] 
2026-01-14T17:11:05.7006099Z [gw0] [ 72%] PASSED tests/test_cmdline.py::test_sig_stfl[XMSS-SHA2_20_256] 
2026-01-14T17:11:13.3772599Z tests/test_cmdline.py::test_sig_stfl[XMSS-SHAKE_10_256] 
2026-01-14T17:11:13.3779091Z [gw0] [ 72%] PASSED tests/test_cmdline.py::test_sig_stfl[XMSS-SHAKE_10_256] 
2026-01-14T17:11:13.6011079Z tests/test_cmdline.py::test_sig_stfl[XMSS-SHAKE_16_256] 
2026-01-14T17:11:13.6012084Z [gw0] [ 72%] PASSED tests/test_cmdline.py::test_sig_stfl[XMSS-SHAKE_16_256] 
2026-01-14T17:11:13.8615993Z tests/test_cmdline.py::test_sig_stfl[XMSS-SHAKE_20_256] 
2026-01-14T17:11:13.8619833Z [gw0] [ 72%] PASSED tests/test_cmdline.py::test_sig_stfl[XMSS-SHAKE_20_256] 
2026-01-14T17:11:37.0438725Z tests/test_cmdline.py::test_sig_stfl[XMSS-SHA2_10_512] 
2026-01-14T17:11:37.0445138Z [gw0] [ 72%] PASSED tests/test_cmdline.py::test_sig_stfl[XMSS-SHA2_10_512] 
2026-01-14T17:11:37.7527710Z tests/test_cmdline.py::test_sig_stfl[XMSS-SHA2_16_512] 
2026-01-14T17:11:37.7535147Z [gw0] [ 72%] PASSED tests/test_cmdline.py::test_sig_stfl[XMSS-SHA2_16_512] 
2026-01-14T17:11:38.6065721Z tests/test_cmdline.py::test_sig_stfl[XMSS-SHA2_20_512] 
2026-01-14T17:11:38.6069975Z [gw0] [ 73%] PASSED tests/test_cmdline.py::test_sig_stfl[XMSS-SHA2_20_512] 
2026-01-14T17:11:54.2443616Z tests/test_cmdline.py::test_sig_stfl[XMSS-SHAKE_10_512] 
2026-01-14T17:11:54.2451993Z [gw1] [ 73%] PASSED tests/test_hash.py::test_hash_sha2_random[sha512] 
2026-01-14T17:12:01.2782252Z tests/test_hash.py::test_hash_sha2_random[sha3_256] 
2026-01-14T17:12:01.2785778Z [gw0] [ 73%] PASSED tests/test_cmdline.py::test_sig_stfl[XMSS-SHAKE_10_512] 
2026-01-14T17:12:01.9470673Z tests/test_cmdline.py::test_sig_stfl[XMSS-SHAKE_16_512] 
2026-01-14T17:12:01.9474817Z [gw0] [ 73%] PASSED tests/test_cmdline.py::test_sig_stfl[XMSS-SHAKE_16_512] 
2026-01-14T17:12:02.7461031Z tests/test_cmdline.py::test_sig_stfl[XMSS-SHAKE_20_512] 
2026-01-14T17:12:02.7464611Z [gw0] [ 73%] PASSED tests/test_cmdline.py::test_sig_stfl[XMSS-SHAKE_20_512] 
2026-01-14T17:12:09.1940707Z tests/test_cmdline.py::test_sig_stfl[XMSS-SHA2_10_192] 
2026-01-14T17:12:09.1947700Z [gw0] [ 73%] PASSED tests/test_cmdline.py::test_sig_stfl[XMSS-SHA2_10_192] 
2026-01-14T17:12:09.3672078Z tests/test_cmdline.py::test_sig_stfl[XMSS-SHA2_16_192] 
2026-01-14T17:12:09.3676079Z [gw0] [ 73%] PASSED tests/test_cmdline.py::test_sig_stfl[XMSS-SHA2_16_192] 
2026-01-14T17:12:09.5619043Z tests/test_cmdline.py::test_sig_stfl[XMSS-SHA2_20_192] 
2026-01-14T17:12:09.5623220Z [gw0] [ 73%] PASSED tests/test_cmdline.py::test_sig_stfl[XMSS-SHA2_20_192] 
2026-01-14T17:12:15.1820414Z tests/test_cmdline.py::test_sig_stfl[XMSS-SHAKE256_10_192] 
2026-01-14T17:12:15.1823861Z [gw0] [ 73%] PASSED tests/test_cmdline.py::test_sig_stfl[XMSS-SHAKE256_10_192] 
2026-01-14T17:12:15.3483715Z tests/test_cmdline.py::test_sig_stfl[XMSS-SHAKE256_16_192] 
2026-01-14T17:12:15.3488806Z [gw0] [ 73%] PASSED tests/test_cmdline.py::test_sig_stfl[XMSS-SHAKE256_16_192] 
2026-01-14T17:12:15.5320252Z tests/test_cmdline.py::test_sig_stfl[XMSS-SHAKE256_20_192] 
2026-01-14T17:12:15.5324172Z [gw0] [ 73%] PASSED tests/test_cmdline.py::test_sig_stfl[XMSS-SHAKE256_20_192] 
2026-01-14T17:12:17.7169199Z tests/test_cmdline.py::test_sig_stfl[XMSS-SHAKE256_10_256] 
2026-01-14T17:12:17.7172015Z [gw1] [ 73%] PASSED tests/test_hash.py::test_hash_sha2_random[sha3_256] 
2026-01-14T17:12:23.4002610Z tests/test_hash.py::test_hash_sha2_random[sha3_384] 
2026-01-14T17:12:23.4006922Z [gw0] [ 73%] PASSED tests/test_cmdline.py::test_sig_stfl[XMSS-SHAKE256_10_256] 
2026-01-14T17:12:23.6277600Z tests/test_cmdline.py::test_sig_stfl[XMSS-SHAKE256_16_256] 
2026-01-14T17:12:23.6281104Z [gw0] [ 73%] PASSED tests/test_cmdline.py::test_sig_stfl[XMSS-SHAKE256_16_256] 
2026-01-14T17:12:23.8985495Z tests/test_cmdline.py::test_sig_stfl[XMSS-SHAKE256_20_256] 
2026-01-14T17:12:23.8991109Z [gw0] [ 73%] PASSED tests/test_cmdline.py::test_sig_stfl[XMSS-SHAKE256_20_256] 
2026-01-14T17:12:41.2888262Z tests/test_cmdline.py::test_sig_stfl[XMSSMT-SHA2_20/2_256] 
2026-01-14T17:12:41.2889784Z [gw0] [ 73%] PASSED tests/test_cmdline.py::test_sig_stfl[XMSSMT-SHA2_20/2_256] 
2026-01-14T17:12:42.3933442Z tests/test_cmdline.py::test_sig_stfl[XMSSMT-SHA2_20/4_256] 
2026-01-14T17:12:42.3952406Z [gw1] [ 73%] PASSED tests/test_hash.py::test_hash_sha2_random[sha3_384] 
2026-01-14T17:12:43.1692039Z tests/test_hash.py::test_hash_sha2_random[sha3_512] 
2026-01-14T17:12:43.1697378Z [gw0] [ 73%] PASSED tests/test_cmdline.py::test_sig_stfl[XMSSMT-SHA2_20/4_256] 
2026-01-14T17:12:45.0901161Z tests/test_cmdline.py::test_sig_stfl[XMSSMT-SHA2_40/2_256] 
2026-01-14T17:12:45.0907718Z [gw0] [ 73%] PASSED tests/test_cmdline.py::test_sig_stfl[XMSSMT-SHA2_40/2_256] 
2026-01-14T17:13:06.0298147Z tests/test_cmdline.py::test_sig_stfl[XMSSMT-SHA2_40/4_256] 
2026-01-14T17:13:06.0306262Z [gw1] [ 73%] PASSED tests/test_hash.py::test_hash_sha2_random[sha3_512] 
2026-01-14T17:13:06.0721668Z tests/test_kat.py::test_kem[BIKE-L1] 
2026-01-14T17:13:06.0726356Z [gw1] [ 73%] PASSED tests/test_kat.py::test_kem[BIKE-L1] 
2026-01-14T17:13:06.1476571Z tests/test_kat.py::test_kem[BIKE-L3] 
2026-01-14T17:13:06.1481347Z [gw1] [ 73%] PASSED tests/test_kat.py::test_kem[BIKE-L3] 
2026-01-14T17:13:06.2952914Z tests/test_kat.py::test_kem[BIKE-L5] 
2026-01-14T17:13:06.2957733Z [gw1] [ 73%] PASSED tests/test_kat.py::test_kem[BIKE-L5] 
2026-01-14T17:13:06.3972641Z tests/test_kat.py::test_kem[Classic-McEliece-348864] 
2026-01-14T17:13:06.3977218Z [gw1] [ 73%] PASSED tests/test_kat.py::test_kem[Classic-McEliece-348864] 
2026-01-14T17:13:06.4871056Z tests/test_kat.py::test_kem[Classic-McEliece-348864f] 
2026-01-14T17:13:06.4872473Z [gw1] [ 73%] PASSED tests/test_kat.py::test_kem[Classic-McEliece-348864f] 
2026-01-14T17:13:06.7453767Z tests/test_kat.py::test_kem[Classic-McEliece-460896] 
2026-01-14T17:13:06.7458650Z [gw1] [ 73%] PASSED tests/test_kat.py::test_kem[Classic-McEliece-460896] 
2026-01-14T17:13:06.9430982Z tests/test_kat.py::test_kem[Classic-McEliece-460896f] 
2026-01-14T17:13:06.9431915Z [gw1] [ 73%] PASSED tests/test_kat.py::test_kem[Classic-McEliece-460896f] 
2026-01-14T17:13:07.3399975Z tests/test_kat.py::test_kem[Classic-McEliece-6688128] 
2026-01-14T17:13:07.3404341Z [gw1] [ 73%] PASSED tests/test_kat.py::test_kem[Classic-McEliece-6688128] 
2026-01-14T17:13:07.6483119Z tests/test_kat.py::test_kem[Classic-McEliece-6688128f] 
2026-01-14T17:13:07.6485492Z [gw1] [ 73%] PASSED tests/test_kat.py::test_kem[Classic-McEliece-6688128f] 
2026-01-14T17:13:07.9701669Z tests/test_kat.py::test_kem[Classic-McEliece-6960119] 
2026-01-14T17:13:07.9706341Z [gw1] [ 73%] PASSED tests/test_kat.py::test_kem[Classic-McEliece-6960119] 
2026-01-14T17:13:08.2617115Z tests/test_kat.py::test_kem[Classic-McEliece-6960119f] 
2026-01-14T17:13:08.2621469Z [gw1] [ 73%] PASSED tests/test_kat.py::test_kem[Classic-McEliece-6960119f] 
2026-01-14T17:13:08.7368718Z tests/test_kat.py::test_kem[Classic-McEliece-8192128] 
2026-01-14T17:13:08.7373417Z [gw1] [ 74%] PASSED tests/test_kat.py::test_kem[Classic-McEliece-8192128] 
2026-01-14T17:13:09.0849318Z tests/test_kat.py::test_kem[Classic-McEliece-8192128f] 
2026-01-14T17:13:09.0853940Z [gw1] [ 74%] PASSED tests/test_kat.py::test_kem[Classic-McEliece-8192128f] 
2026-01-14T17:13:09.0867418Z tests/test_kat.py::test_kem[HQC-128] 
2026-01-14T17:13:09.0872451Z [gw1] [ 74%] SKIPPED tests/test_kat.py::test_kem[HQC-128] 
2026-01-14T17:13:09.0884738Z tests/test_kat.py::test_kem[HQC-192] 
2026-01-14T17:13:09.0890588Z [gw1] [ 74%] SKIPPED tests/test_kat.py::test_kem[HQC-192] 
2026-01-14T17:13:09.0902641Z tests/test_kat.py::test_kem[HQC-256] 
2026-01-14T17:13:09.0909507Z [gw1] [ 74%] SKIPPED tests/test_kat.py::test_kem[HQC-256] 
2026-01-14T17:13:09.1124373Z tests/test_kat.py::test_kem[Kyber512] 
2026-01-14T17:13:09.1129342Z [gw1] [ 74%] PASSED tests/test_kat.py::test_kem[Kyber512] 
2026-01-14T17:13:09.1355262Z tests/test_kat.py::test_kem[Kyber768] 
2026-01-14T17:13:09.1360194Z [gw1] [ 74%] PASSED tests/test_kat.py::test_kem[Kyber768] 
2026-01-14T17:13:09.1598633Z tests/test_kat.py::test_kem[Kyber1024] 
2026-01-14T17:13:09.1602965Z [gw1] [ 74%] PASSED tests/test_kat.py::test_kem[Kyber1024] 
2026-01-14T17:13:09.1827328Z tests/test_kat.py::test_kem[ML-KEM-512] 
2026-01-14T17:13:09.1831195Z [gw1] [ 74%] PASSED tests/test_kat.py::test_kem[ML-KEM-512] 
2026-01-14T17:13:09.2056963Z tests/test_kat.py::test_kem[ML-KEM-768] 
2026-01-14T17:13:09.2062388Z [gw1] [ 74%] PASSED tests/test_kat.py::test_kem[ML-KEM-768] 
2026-01-14T17:13:09.2294113Z tests/test_kat.py::test_kem[ML-KEM-1024] 
2026-01-14T17:13:09.2298429Z [gw1] [ 74%] PASSED tests/test_kat.py::test_kem[ML-KEM-1024] 
2026-01-14T17:13:09.2524376Z tests/test_kat.py::test_kem[NTRU-HPS-2048-509] 
2026-01-14T17:13:09.2528896Z [gw1] [ 74%] PASSED tests/test_kat.py::test_kem[NTRU-HPS-2048-509] 
2026-01-14T17:13:09.2757292Z tests/test_kat.py::test_kem[NTRU-HPS-2048-677] 
2026-01-14T17:13:09.2761735Z [gw1] [ 74%] PASSED tests/test_kat.py::test_kem[NTRU-HPS-2048-677] 
2026-01-14T17:13:09.2994512Z tests/test_kat.py::test_kem[NTRU-HPS-4096-821] 
2026-01-14T17:13:09.2999084Z [gw1] [ 74%] PASSED tests/test_kat.py::test_kem[NTRU-HPS-4096-821] 
2026-01-14T17:13:09.5672623Z tests/test_kat.py::test_kem[NTRU-HPS-4096-1229] 
2026-01-14T17:13:09.5676848Z [gw1] [ 74%] PASSED tests/test_kat.py::test_kem[NTRU-HPS-4096-1229] 
2026-01-14T17:13:09.5897819Z tests/test_kat.py::test_kem[NTRU-HRSS-701] 
2026-01-14T17:13:09.5902094Z [gw1] [ 74%] PASSED tests/test_kat.py::test_kem[NTRU-HRSS-701] 
2026-01-14T17:13:09.9233867Z tests/test_kat.py::test_kem[NTRU-HRSS-1373] 
2026-01-14T17:13:09.9238617Z [gw1] [ 74%] PASSED tests/test_kat.py::test_kem[NTRU-HRSS-1373] 
2026-01-14T17:13:09.9551961Z tests/test_kat.py::test_kem[sntrup761] 
2026-01-14T17:13:09.9556655Z [gw1] [ 74%] PASSED tests/test_kat.py::test_kem[sntrup761] 
2026-01-14T17:13:10.0146288Z tests/test_kat.py::test_kem[FrodoKEM-640-AES] 
2026-01-14T17:13:10.0150569Z [gw1] [ 74%] PASSED tests/test_kat.py::test_kem[FrodoKEM-640-AES] 
2026-01-14T17:13:10.0961678Z tests/test_kat.py::test_kem[FrodoKEM-640-SHAKE] 
2026-01-14T17:13:10.0966151Z [gw1] [ 74%] PASSED tests/test_kat.py::test_kem[FrodoKEM-640-SHAKE] 
2026-01-14T17:13:10.2002964Z tests/test_kat.py::test_kem[FrodoKEM-976-AES] 
2026-01-14T17:13:10.2007108Z [gw1] [ 74%] PASSED tests/test_kat.py::test_kem[FrodoKEM-976-AES] 
2026-01-14T17:13:10.4041460Z tests/test_kat.py::test_kem[FrodoKEM-976-SHAKE] 
2026-01-14T17:13:10.4044576Z [gw1] [ 74%] PASSED tests/test_kat.py::test_kem[FrodoKEM-976-SHAKE] 
2026-01-14T17:13:10.5756900Z tests/test_kat.py::test_kem[FrodoKEM-1344-AES] 
2026-01-14T17:13:10.5761630Z [gw1] [ 74%] PASSED tests/test_kat.py::test_kem[FrodoKEM-1344-AES] 
2026-01-14T17:13:10.8837920Z tests/test_kat.py::test_kem[FrodoKEM-1344-SHAKE] 
2026-01-14T17:13:10.8840368Z [gw1] [ 74%] PASSED tests/test_kat.py::test_kem[FrodoKEM-1344-SHAKE] 
2026-01-14T17:13:10.9075151Z tests/test_kat.py::test_sig[Dilithium2] 
2026-01-14T17:13:10.9079784Z [gw1] [ 74%] PASSED tests/test_kat.py::test_sig[Dilithium2] 
2026-01-14T17:13:10.9341804Z tests/test_kat.py::test_sig[Dilithium3] 
2026-01-14T17:13:10.9346615Z [gw1] [ 74%] PASSED tests/test_kat.py::test_sig[Dilithium3] 
2026-01-14T17:13:10.9612816Z tests/test_kat.py::test_sig[Dilithium5] 
2026-01-14T17:13:10.9618073Z [gw1] [ 74%] PASSED tests/test_kat.py::test_sig[Dilithium5] 
2026-01-14T17:13:10.9855995Z tests/test_kat.py::test_sig[ML-DSA-44] 
2026-01-14T17:13:10.9859832Z [gw1] [ 74%] PASSED tests/test_kat.py::test_sig[ML-DSA-44] 
2026-01-14T17:13:11.0108389Z tests/test_kat.py::test_sig[ML-DSA-65] 
2026-01-14T17:13:11.0111390Z [gw1] [ 74%] PASSED tests/test_kat.py::test_sig[ML-DSA-65] 
2026-01-14T17:13:11.0381872Z tests/test_kat.py::test_sig[ML-DSA-87] 
2026-01-14T17:13:11.0385904Z [gw1] [ 74%] PASSED tests/test_kat.py::test_sig[ML-DSA-87] 
2026-01-14T17:13:11.0931253Z tests/test_kat.py::test_sig[Falcon-512] 
2026-01-14T17:13:11.0933462Z [gw1] [ 75%] PASSED tests/test_kat.py::test_sig[Falcon-512] 
2026-01-14T17:13:11.2043302Z tests/test_kat.py::test_sig[Falcon-1024] 
2026-01-14T17:13:11.2046425Z [gw1] [ 75%] PASSED tests/test_kat.py::test_sig[Falcon-1024] 
2026-01-14T17:13:11.2566001Z tests/test_kat.py::test_sig[Falcon-padded-512] 
2026-01-14T17:13:11.2569918Z [gw1] [ 75%] PASSED tests/test_kat.py::test_sig[Falcon-padded-512] 
2026-01-14T17:13:11.3684507Z tests/test_kat.py::test_sig[Falcon-padded-1024] 
2026-01-14T17:13:11.3688305Z [gw1] [ 75%] PASSED tests/test_kat.py::test_sig[Falcon-padded-1024] 
2026-01-14T17:13:11.5113230Z tests/test_kat.py::test_sig[SPHINCS+-SHA2-128f-simple] 
2026-01-14T17:13:11.5114804Z [gw1] [ 75%] PASSED tests/test_kat.py::test_sig[SPHINCS+-SHA2-128f-simple] 
2026-01-14T17:13:14.5021084Z tests/test_kat.py::test_sig[SPHINCS+-SHA2-128s-simple] 
2026-01-14T17:13:14.5022469Z [gw1] [ 75%] PASSED tests/test_kat.py::test_sig[SPHINCS+-SHA2-128s-simple] 
2026-01-14T17:13:14.8736630Z tests/test_kat.py::test_sig[SPHINCS+-SHA2-192f-simple] 
2026-01-14T17:13:14.8743854Z [gw1] [ 75%] PASSED tests/test_kat.py::test_sig[SPHINCS+-SHA2-192f-simple] 
2026-01-14T17:13:19.1112158Z tests/test_kat.py::test_sig[SPHINCS+-SHA2-192s-simple] 
2026-01-14T17:13:19.1117487Z [gw0] [ 75%] PASSED tests/test_cmdline.py::test_sig_stfl[XMSSMT-SHA2_40/4_256] 
2026-01-14T17:13:19.6192583Z tests/test_cmdline.py::test_sig_stfl[XMSSMT-SHA2_40/8_256] 
2026-01-14T17:13:19.6196785Z [gw1] [ 75%] PASSED tests/test_kat.py::test_sig[SPHINCS+-SHA2-192s-simple] 
2026-01-14T17:13:20.0560066Z tests/test_kat.py::test_sig[SPHINCS+-SHA2-256f-simple] 
2026-01-14T17:13:20.0563832Z [gw1] [ 75%] PASSED tests/test_kat.py::test_sig[SPHINCS+-SHA2-256f-simple] 
2026-01-14T17:13:22.3710909Z tests/test_kat.py::test_sig[SPHINCS+-SHA2-256s-simple] 
2026-01-14T17:13:22.3717070Z [gw0] [ 75%] PASSED tests/test_cmdline.py::test_sig_stfl[XMSSMT-SHA2_40/8_256] 
2026-01-14T17:13:24.1867162Z tests/test_cmdline.py::test_sig_stfl[XMSSMT-SHA2_60/3_256] 
2026-01-14T17:13:24.1870391Z [gw1] [ 75%] PASSED tests/test_kat.py::test_sig[SPHINCS+-SHA2-256s-simple] 
2026-01-14T17:13:24.5099053Z tests/test_kat.py::test_sig[SPHINCS+-SHAKE-128f-simple] 
2026-01-14T17:13:24.5102759Z [gw1] [ 75%] PASSED tests/test_kat.py::test_sig[SPHINCS+-SHAKE-128f-simple] 
2026-01-14T17:13:27.4139779Z tests/test_kat.py::test_sig[SPHINCS+-SHAKE-128s-simple] 
2026-01-14T17:13:27.4145162Z [gw0] [ 75%] PASSED tests/test_cmdline.py::test_sig_stfl[XMSSMT-SHA2_60/3_256] 
2026-01-14T17:13:34.7453763Z tests/test_cmdline.py::test_sig_stfl[XMSSMT-SHA2_60/6_256] 
2026-01-14T17:13:34.7458113Z [gw1] [ 75%] PASSED tests/test_kat.py::test_sig[SPHINCS+-SHAKE-128s-simple] 
2026-01-14T17:13:35.2310159Z tests/test_kat.py::test_sig[SPHINCS+-SHAKE-192f-simple] 
2026-01-14T17:13:35.2313490Z [gw1] [ 75%] PASSED tests/test_kat.py::test_sig[SPHINCS+-SHAKE-192f-simple] 
2026-01-14T17:13:52.7388482Z tests/test_kat.py::test_sig[SPHINCS+-SHAKE-192s-simple] 
2026-01-14T17:13:52.7397314Z [gw1] [ 75%] PASSED tests/test_kat.py::test_sig[SPHINCS+-SHAKE-192s-simple] 
2026-01-14T17:13:53.7711443Z tests/test_kat.py::test_sig[SPHINCS+-SHAKE-256f-simple] 
2026-01-14T17:13:53.7715075Z [gw1] [ 75%] PASSED tests/test_kat.py::test_sig[SPHINCS+-SHAKE-256f-simple] 
2026-01-14T17:14:08.5748518Z tests/test_kat.py::test_sig[SPHINCS+-SHAKE-256s-simple] 
2026-01-14T17:14:08.5751712Z [gw1] [ 75%] PASSED tests/test_kat.py::test_sig[SPHINCS+-SHAKE-256s-simple] 
2026-01-14T17:14:08.6009870Z tests/test_kat.py::test_sig[MAYO-1] 
2026-01-14T17:14:08.6013943Z [gw1] [ 75%] PASSED tests/test_kat.py::test_sig[MAYO-1] 
2026-01-14T17:14:08.6256139Z tests/test_kat.py::test_sig[MAYO-2] 
2026-01-14T17:14:08.6260185Z [gw1] [ 75%] PASSED tests/test_kat.py::test_sig[MAYO-2] 
2026-01-14T17:14:08.6572799Z tests/test_kat.py::test_sig[MAYO-3] 
2026-01-14T17:14:08.6576682Z [gw1] [ 75%] PASSED tests/test_kat.py::test_sig[MAYO-3] 
2026-01-14T17:14:08.7072503Z tests/test_kat.py::test_sig[MAYO-5] 
2026-01-14T17:14:08.7076799Z [gw1] [ 75%] PASSED tests/test_kat.py::test_sig[MAYO-5] 
2026-01-14T17:14:08.7485600Z tests/test_kat.py::test_sig[cross-rsdp-128-balanced] 
2026-01-14T17:14:08.7490090Z [gw1] [ 75%] PASSED tests/test_kat.py::test_sig[cross-rsdp-128-balanced] 
2026-01-14T17:14:08.7803714Z tests/test_kat.py::test_sig[cross-rsdp-128-fast] 
2026-01-14T17:14:08.7807734Z [gw1] [ 75%] PASSED tests/test_kat.py::test_sig[cross-rsdp-128-fast] 
2026-01-14T17:14:08.8325372Z tests/test_kat.py::test_sig[cross-rsdp-128-small] 
2026-01-14T17:14:08.8328807Z [gw1] [ 75%] PASSED tests/test_kat.py::test_sig[cross-rsdp-128-small] 
2026-01-14T17:14:08.8889878Z tests/test_kat.py::test_sig[cross-rsdp-192-balanced] 
2026-01-14T17:14:08.8893949Z [gw1] [ 75%] PASSED tests/test_kat.py::test_sig[cross-rsdp-192-balanced] 
2026-01-14T17:14:08.9358730Z tests/test_kat.py::test_sig[cross-rsdp-192-fast] 
2026-01-14T17:14:08.9362793Z [gw1] [ 75%] PASSED tests/test_kat.py::test_sig[cross-rsdp-192-fast] 
2026-01-14T17:14:09.0087660Z tests/test_kat.py::test_sig[cross-rsdp-192-small] 
2026-01-14T17:14:09.0090377Z [gw1] [ 75%] PASSED tests/test_kat.py::test_sig[cross-rsdp-192-small] 
2026-01-14T17:14:09.0988389Z tests/test_kat.py::test_sig[cross-rsdp-256-balanced] 
2026-01-14T17:14:09.0992998Z [gw1] [ 75%] PASSED tests/test_kat.py::test_sig[cross-rsdp-256-balanced] 
2026-01-14T17:14:09.1694382Z tests/test_kat.py::test_sig[cross-rsdp-256-fast] 
2026-01-14T17:14:09.1695877Z [gw1] [ 75%] PASSED tests/test_kat.py::test_sig[cross-rsdp-256-fast] 
2026-01-14T17:14:09.2925640Z tests/test_kat.py::test_sig[cross-rsdp-256-small] 
2026-01-14T17:14:09.2929726Z [gw1] [ 76%] PASSED tests/test_kat.py::test_sig[cross-rsdp-256-small] 
2026-01-14T17:14:09.3286873Z tests/test_kat.py::test_sig[cross-rsdpg-128-balanced] 
2026-01-14T17:14:09.3290019Z [gw1] [ 76%] PASSED tests/test_kat.py::test_sig[cross-rsdpg-128-balanced] 
2026-01-14T17:14:09.3564741Z tests/test_kat.py::test_sig[cross-rsdpg-128-fast] 
2026-01-14T17:14:09.3569201Z [gw1] [ 76%] PASSED tests/test_kat.py::test_sig[cross-rsdpg-128-fast] 
2026-01-14T17:14:09.4048375Z tests/test_kat.py::test_sig[cross-rsdpg-128-small] 
2026-01-14T17:14:09.4051809Z [gw1] [ 76%] PASSED tests/test_kat.py::test_sig[cross-rsdpg-128-small] 
2026-01-14T17:14:09.4484562Z tests/test_kat.py::test_sig[cross-rsdpg-192-balanced] 
2026-01-14T17:14:09.4488370Z [gw1] [ 76%] PASSED tests/test_kat.py::test_sig[cross-rsdpg-192-balanced] 
2026-01-14T17:14:09.4868583Z tests/test_kat.py::test_sig[cross-rsdpg-192-fast] 
2026-01-14T17:14:09.4872394Z [gw1] [ 76%] PASSED tests/test_kat.py::test_sig[cross-rsdpg-192-fast] 
2026-01-14T17:14:09.5492691Z tests/test_kat.py::test_sig[cross-rsdpg-192-small] 
2026-01-14T17:14:09.5497173Z [gw1] [ 76%] PASSED tests/test_kat.py::test_sig[cross-rsdpg-192-small] 
2026-01-14T17:14:09.6063842Z tests/test_kat.py::test_sig[cross-rsdpg-256-balanced] 
2026-01-14T17:14:09.6067412Z [gw1] [ 76%] PASSED tests/test_kat.py::test_sig[cross-rsdpg-256-balanced] 
2026-01-14T17:14:09.6582690Z tests/test_kat.py::test_sig[cross-rsdpg-256-fast] 
2026-01-14T17:14:09.6586627Z [gw1] [ 76%] PASSED tests/test_kat.py::test_sig[cross-rsdpg-256-fast] 
2026-01-14T17:14:09.7432120Z tests/test_kat.py::test_sig[cross-rsdpg-256-small] 
2026-01-14T17:14:09.7436810Z [gw1] [ 76%] PASSED tests/test_kat.py::test_sig[cross-rsdpg-256-small] 
2026-01-14T17:14:09.8550840Z tests/test_kat.py::test_sig[OV-Is] 
2026-01-14T17:14:09.8554262Z [gw1] [ 76%] PASSED tests/test_kat.py::test_sig[OV-Is] 
2026-01-14T17:14:09.9383227Z tests/test_kat.py::test_sig[OV-Ip] 
2026-01-14T17:14:09.9402171Z [gw1] [ 76%] PASSED tests/test_kat.py::test_sig[OV-Ip] 
2026-01-14T17:14:10.2561624Z tests/test_kat.py::test_sig[OV-III] 
2026-01-14T17:14:10.2563109Z [gw1] [ 76%] PASSED tests/test_kat.py::test_sig[OV-III] 
2026-01-14T17:14:10.9784072Z tests/test_kat.py::test_sig[OV-V] 
2026-01-14T17:14:10.9789991Z [gw1] [ 76%] PASSED tests/test_kat.py::test_sig[OV-V] 
2026-01-14T17:14:11.0591614Z tests/test_kat.py::test_sig[OV-Is-pkc] 
2026-01-14T17:14:11.0593218Z [gw1] [ 76%] PASSED tests/test_kat.py::test_sig[OV-Is-pkc] 
2026-01-14T17:14:11.1210287Z tests/test_kat.py::test_sig[OV-Ip-pkc] 
2026-01-14T17:14:11.1213332Z [gw1] [ 76%] PASSED tests/test_kat.py::test_sig[OV-Ip-pkc] 
2026-01-14T17:14:11.3276929Z tests/test_kat.py::test_sig[OV-III-pkc] 
2026-01-14T17:14:11.3280648Z [gw1] [ 76%] PASSED tests/test_kat.py::test_sig[OV-III-pkc] 
2026-01-14T17:14:11.7928856Z tests/test_kat.py::test_sig[OV-V-pkc] 
2026-01-14T17:14:11.7932709Z [gw1] [ 76%] PASSED tests/test_kat.py::test_sig[OV-V-pkc] 
2026-01-14T17:14:11.8425868Z tests/test_kat.py::test_sig[OV-Is-pkc-skc] 
2026-01-14T17:14:11.8429260Z [gw1] [ 76%] PASSED tests/test_kat.py::test_sig[OV-Is-pkc-skc] 
2026-01-14T17:14:11.8833031Z tests/test_kat.py::test_sig[OV-Ip-pkc-skc] 
2026-01-14T17:14:11.8834679Z [gw1] [ 76%] PASSED tests/test_kat.py::test_sig[OV-Ip-pkc-skc] 
2026-01-14T17:14:12.0042533Z tests/test_kat.py::test_sig[OV-III-pkc-skc] 
2026-01-14T17:14:12.0045876Z [gw1] [ 76%] PASSED tests/test_kat.py::test_sig[OV-III-pkc-skc] 
2026-01-14T17:14:12.2634680Z tests/test_kat.py::test_sig[OV-V-pkc-skc] 
2026-01-14T17:14:12.2638970Z [gw1] [ 76%] PASSED tests/test_kat.py::test_sig[OV-V-pkc-skc] 
2026-01-14T17:14:12.2995944Z tests/test_kat.py::test_sig[SNOVA_24_5_4] 
2026-01-14T17:14:12.2998868Z [gw1] [ 76%] PASSED tests/test_kat.py::test_sig[SNOVA_24_5_4] 
2026-01-14T17:14:12.3373048Z tests/test_kat.py::test_sig[SNOVA_24_5_4_SHAKE] 
2026-01-14T17:14:12.3377390Z [gw1] [ 76%] PASSED tests/test_kat.py::test_sig[SNOVA_24_5_4_SHAKE] 
2026-01-14T17:14:12.3764524Z tests/test_kat.py::test_sig[SNOVA_24_5_4_esk] 
2026-01-14T17:14:12.3768334Z [gw1] [ 76%] PASSED tests/test_kat.py::test_sig[SNOVA_24_5_4_esk] 
2026-01-14T17:14:12.4180347Z tests/test_kat.py::test_sig[SNOVA_24_5_4_SHAKE_esk] 
2026-01-14T17:14:12.4183844Z [gw1] [ 76%] PASSED tests/test_kat.py::test_sig[SNOVA_24_5_4_SHAKE_esk] 
2026-01-14T17:14:12.4574773Z tests/test_kat.py::test_sig[SNOVA_37_17_2] 
2026-01-14T17:14:12.4578752Z [gw1] [ 76%] PASSED tests/test_kat.py::test_sig[SNOVA_37_17_2] 
2026-01-14T17:14:12.4900727Z tests/test_kat.py::test_sig[SNOVA_25_8_3] 
2026-01-14T17:14:12.4903294Z [gw1] [ 76%] PASSED tests/test_kat.py::test_sig[SNOVA_25_8_3] 
2026-01-14T17:14:12.5700057Z tests/test_kat.py::test_sig[SNOVA_56_25_2] 
2026-01-14T17:14:12.5704495Z [gw1] [ 76%] PASSED tests/test_kat.py::test_sig[SNOVA_56_25_2] 
2026-01-14T17:14:12.6329082Z tests/test_kat.py::test_sig[SNOVA_49_11_3] 
2026-01-14T17:14:12.6336532Z [gw1] [ 76%] PASSED tests/test_kat.py::test_sig[SNOVA_49_11_3] 
2026-01-14T17:14:12.6997695Z tests/test_kat.py::test_sig[SNOVA_37_8_4] 
2026-01-14T17:14:12.7001554Z [gw1] [ 76%] PASSED tests/test_kat.py::test_sig[SNOVA_37_8_4] 
2026-01-14T17:14:12.7552619Z tests/test_kat.py::test_sig[SNOVA_24_5_5] 
2026-01-14T17:14:12.7556037Z [gw1] [ 77%] PASSED tests/test_kat.py::test_sig[SNOVA_24_5_5] 
2026-01-14T17:14:12.8930928Z tests/test_kat.py::test_sig[SNOVA_60_10_4] 
2026-01-14T17:14:12.8932161Z [gw1] [ 77%] PASSED tests/test_kat.py::test_sig[SNOVA_60_10_4] 
2026-01-14T17:14:12.9661620Z tests/test_kat.py::test_sig[SNOVA_29_6_5] 
2026-01-14T17:14:12.9666280Z [gw1] [ 77%] PASSED tests/test_kat.py::test_sig[SNOVA_29_6_5] 
2026-01-14T17:14:12.9676638Z tests/test_kat.py::test_sig[SLH_DSA_PURE_SHA2_128S] 
2026-01-14T17:14:12.9681363Z [gw1] [ 77%] SKIPPED tests/test_kat.py::test_sig[SLH_DSA_PURE_SHA2_128S] 
2026-01-14T17:14:12.9690894Z tests/test_kat.py::test_sig[SLH_DSA_PURE_SHA2_128F] 
2026-01-14T17:14:12.9695246Z [gw1] [ 77%] SKIPPED tests/test_kat.py::test_sig[SLH_DSA_PURE_SHA2_128F] 
2026-01-14T17:14:12.9704592Z tests/test_kat.py::test_sig[SLH_DSA_PURE_SHA2_192S] 
2026-01-14T17:14:12.9710897Z [gw1] [ 77%] SKIPPED tests/test_kat.py::test_sig[SLH_DSA_PURE_SHA2_192S] 
2026-01-14T17:14:12.9720143Z tests/test_kat.py::test_sig[SLH_DSA_PURE_SHA2_192F] 
2026-01-14T17:14:12.9725773Z [gw1] [ 77%] SKIPPED tests/test_kat.py::test_sig[SLH_DSA_PURE_SHA2_192F] 
2026-01-14T17:14:12.9735520Z tests/test_kat.py::test_sig[SLH_DSA_PURE_SHA2_256S] 
2026-01-14T17:14:12.9739878Z [gw1] [ 77%] SKIPPED tests/test_kat.py::test_sig[SLH_DSA_PURE_SHA2_256S] 
2026-01-14T17:14:12.9748381Z tests/test_kat.py::test_sig[SLH_DSA_PURE_SHA2_256F] 
2026-01-14T17:14:12.9753537Z [gw1] [ 77%] SKIPPED tests/test_kat.py::test_sig[SLH_DSA_PURE_SHA2_256F] 
2026-01-14T17:14:12.9762670Z tests/test_kat.py::test_sig[SLH_DSA_PURE_SHAKE_128S] 
2026-01-14T17:14:12.9767851Z [gw1] [ 77%] SKIPPED tests/test_kat.py::test_sig[SLH_DSA_PURE_SHAKE_128S] 
2026-01-14T17:14:12.9777295Z tests/test_kat.py::test_sig[SLH_DSA_PURE_SHAKE_128F] 
2026-01-14T17:14:12.9782741Z [gw1] [ 77%] SKIPPED tests/test_kat.py::test_sig[SLH_DSA_PURE_SHAKE_128F] 
2026-01-14T17:14:12.9791920Z tests/test_kat.py::test_sig[SLH_DSA_PURE_SHAKE_192S] 
2026-01-14T17:14:12.9796499Z [gw1] [ 77%] SKIPPED tests/test_kat.py::test_sig[SLH_DSA_PURE_SHAKE_192S] 
2026-01-14T17:14:12.9806301Z tests/test_kat.py::test_sig[SLH_DSA_PURE_SHAKE_192F] 
2026-01-14T17:14:12.9811855Z [gw1] [ 77%] SKIPPED tests/test_kat.py::test_sig[SLH_DSA_PURE_SHAKE_192F] 
2026-01-14T17:14:12.9820062Z tests/test_kat.py::test_sig[SLH_DSA_PURE_SHAKE_256S] 
2026-01-14T17:14:12.9823872Z [gw1] [ 77%] SKIPPED tests/test_kat.py::test_sig[SLH_DSA_PURE_SHAKE_256S] 
2026-01-14T17:14:12.9832856Z tests/test_kat.py::test_sig[SLH_DSA_PURE_SHAKE_256F] 
2026-01-14T17:14:12.9838493Z [gw1] [ 77%] SKIPPED tests/test_kat.py::test_sig[SLH_DSA_PURE_SHAKE_256F] 
2026-01-14T17:14:12.9847485Z tests/test_kat.py::test_sig[SLH_DSA_SHA2_224_PREHASH_SHA2_128S] 
2026-01-14T17:14:12.9853218Z [gw1] [ 77%] SKIPPED tests/test_kat.py::test_sig[SLH_DSA_SHA2_224_PREHASH_SHA2_128S] 
2026-01-14T17:14:12.9860708Z tests/test_kat.py::test_sig[SLH_DSA_SHA2_224_PREHASH_SHA2_128F] 
2026-01-14T17:14:12.9866106Z [gw1] [ 77%] SKIPPED tests/test_kat.py::test_sig[SLH_DSA_SHA2_224_PREHASH_SHA2_128F] 
2026-01-14T17:14:12.9875173Z tests/test_kat.py::test_sig[SLH_DSA_SHA2_224_PREHASH_SHA2_192S] 
2026-01-14T17:14:12.9880223Z [gw1] [ 77%] SKIPPED tests/test_kat.py::test_sig[SLH_DSA_SHA2_224_PREHASH_SHA2_192S] 
2026-01-14T17:14:12.9889920Z tests/test_kat.py::test_sig[SLH_DSA_SHA2_224_PREHASH_SHA2_192F] 
2026-01-14T17:14:12.9895636Z [gw1] [ 77%] SKIPPED tests/test_kat.py::test_sig[SLH_DSA_SHA2_224_PREHASH_SHA2_192F] 
2026-01-14T17:14:12.9903531Z tests/test_kat.py::test_sig[SLH_DSA_SHA2_224_PREHASH_SHA2_256S] 
2026-01-14T17:14:12.9907799Z [gw1] [ 77%] SKIPPED tests/test_kat.py::test_sig[SLH_DSA_SHA2_224_PREHASH_SHA2_256S] 
2026-01-14T17:14:12.9916844Z tests/test_kat.py::test_sig[SLH_DSA_SHA2_224_PREHASH_SHA2_256F] 
2026-01-14T17:14:12.9921945Z [gw1] [ 77%] SKIPPED tests/test_kat.py::test_sig[SLH_DSA_SHA2_224_PREHASH_SHA2_256F] 
2026-01-14T17:14:12.9932987Z tests/test_kat.py::test_sig[SLH_DSA_SHA2_224_PREHASH_SHAKE_128S] 
2026-01-14T17:14:12.9935217Z [gw1] [ 77%] SKIPPED tests/test_kat.py::test_sig[SLH_DSA_SHA2_224_PREHASH_SHAKE_128S] 
2026-01-14T17:14:12.9943331Z tests/test_kat.py::test_sig[SLH_DSA_SHA2_224_PREHASH_SHAKE_128F] 
2026-01-14T17:14:12.9948491Z [gw1] [ 77%] SKIPPED tests/test_kat.py::test_sig[SLH_DSA_SHA2_224_PREHASH_SHAKE_128F] 
2026-01-14T17:14:12.9956395Z tests/test_kat.py::test_sig[SLH_DSA_SHA2_224_PREHASH_SHAKE_192S] 
2026-01-14T17:14:12.9960717Z [gw1] [ 77%] SKIPPED tests/test_kat.py::test_sig[SLH_DSA_SHA2_224_PREHASH_SHAKE_192S] 
2026-01-14T17:14:12.9969206Z tests/test_kat.py::test_sig[SLH_DSA_SHA2_224_PREHASH_SHAKE_192F] 
2026-01-14T17:14:12.9976036Z [gw1] [ 77%] SKIPPED tests/test_kat.py::test_sig[SLH_DSA_SHA2_224_PREHASH_SHAKE_192F] 
2026-01-14T17:14:12.9984511Z tests/test_kat.py::test_sig[SLH_DSA_SHA2_224_PREHASH_SHAKE_256S] 
2026-01-14T17:14:12.9988930Z [gw1] [ 77%] SKIPPED tests/test_kat.py::test_sig[SLH_DSA_SHA2_224_PREHASH_SHAKE_256S] 
2026-01-14T17:14:12.9997829Z tests/test_kat.py::test_sig[SLH_DSA_SHA2_224_PREHASH_SHAKE_256F] 
2026-01-14T17:14:13.0002348Z [gw1] [ 77%] SKIPPED tests/test_kat.py::test_sig[SLH_DSA_SHA2_224_PREHASH_SHAKE_256F] 
2026-01-14T17:14:13.0011101Z tests/test_kat.py::test_sig[SLH_DSA_SHA2_256_PREHASH_SHA2_128S] 
2026-01-14T17:14:13.0015672Z [gw1] [ 77%] SKIPPED tests/test_kat.py::test_sig[SLH_DSA_SHA2_256_PREHASH_SHA2_128S] 
2026-01-14T17:14:13.0023646Z tests/test_kat.py::test_sig[SLH_DSA_SHA2_256_PREHASH_SHA2_128F] 
2026-01-14T17:14:13.0027788Z [gw1] [ 77%] SKIPPED tests/test_kat.py::test_sig[SLH_DSA_SHA2_256_PREHASH_SHA2_128F] 
2026-01-14T17:14:13.0037337Z tests/test_kat.py::test_sig[SLH_DSA_SHA2_256_PREHASH_SHA2_192S] 
2026-01-14T17:14:13.0042132Z [gw1] [ 77%] SKIPPED tests/test_kat.py::test_sig[SLH_DSA_SHA2_256_PREHASH_SHA2_192S] 
2026-01-14T17:14:13.0049663Z tests/test_kat.py::test_sig[SLH_DSA_SHA2_256_PREHASH_SHA2_192F] 
2026-01-14T17:14:13.0053998Z [gw1] [ 77%] SKIPPED tests/test_kat.py::test_sig[SLH_DSA_SHA2_256_PREHASH_SHA2_192F] 
2026-01-14T17:14:13.0062883Z tests/test_kat.py::test_sig[SLH_DSA_SHA2_256_PREHASH_SHA2_256S] 
2026-01-14T17:14:13.0068180Z [gw1] [ 78%] SKIPPED tests/test_kat.py::test_sig[SLH_DSA_SHA2_256_PREHASH_SHA2_256S] 
2026-01-14T17:14:13.0083581Z tests/test_kat.py::test_sig[SLH_DSA_SHA2_256_PREHASH_SHA2_256F] 
2026-01-14T17:14:13.0088573Z [gw1] [ 78%] SKIPPED tests/test_kat.py::test_sig[SLH_DSA_SHA2_256_PREHASH_SHA2_256F] 
2026-01-14T17:14:13.0095729Z tests/test_kat.py::test_sig[SLH_DSA_SHA2_256_PREHASH_SHAKE_128S] 
2026-01-14T17:14:13.0100953Z [gw1] [ 78%] SKIPPED tests/test_kat.py::test_sig[SLH_DSA_SHA2_256_PREHASH_SHAKE_128S] 
2026-01-14T17:14:13.0109497Z tests/test_kat.py::test_sig[SLH_DSA_SHA2_256_PREHASH_SHAKE_128F] 
2026-01-14T17:14:13.0115093Z [gw1] [ 78%] SKIPPED tests/test_kat.py::test_sig[SLH_DSA_SHA2_256_PREHASH_SHAKE_128F] 
2026-01-14T17:14:13.0123018Z tests/test_kat.py::test_sig[SLH_DSA_SHA2_256_PREHASH_SHAKE_192S] 
2026-01-14T17:14:13.0126575Z [gw1] [ 78%] SKIPPED tests/test_kat.py::test_sig[SLH_DSA_SHA2_256_PREHASH_SHAKE_192S] 
2026-01-14T17:14:13.0135503Z tests/test_kat.py::test_sig[SLH_DSA_SHA2_256_PREHASH_SHAKE_192F] 
2026-01-14T17:14:13.0140028Z [gw1] [ 78%] SKIPPED tests/test_kat.py::test_sig[SLH_DSA_SHA2_256_PREHASH_SHAKE_192F] 
2026-01-14T17:14:13.0148298Z tests/test_kat.py::test_sig[SLH_DSA_SHA2_256_PREHASH_SHAKE_256S] 
2026-01-14T17:14:13.0152756Z [gw1] [ 78%] SKIPPED tests/test_kat.py::test_sig[SLH_DSA_SHA2_256_PREHASH_SHAKE_256S] 
2026-01-14T17:14:13.0161174Z tests/test_kat.py::test_sig[SLH_DSA_SHA2_256_PREHASH_SHAKE_256F] 
2026-01-14T17:14:13.0166117Z [gw1] [ 78%] SKIPPED tests/test_kat.py::test_sig[SLH_DSA_SHA2_256_PREHASH_SHAKE_256F] 
2026-01-14T17:14:13.0173940Z tests/test_kat.py::test_sig[SLH_DSA_SHA2_384_PREHASH_SHA2_128S] 
2026-01-14T17:14:13.0179718Z [gw1] [ 78%] SKIPPED tests/test_kat.py::test_sig[SLH_DSA_SHA2_384_PREHASH_SHA2_128S] 
2026-01-14T17:14:13.0188419Z tests/test_kat.py::test_sig[SLH_DSA_SHA2_384_PREHASH_SHA2_128F] 
2026-01-14T17:14:13.0194532Z [gw1] [ 78%] SKIPPED tests/test_kat.py::test_sig[SLH_DSA_SHA2_384_PREHASH_SHA2_128F] 
2026-01-14T17:14:13.0202339Z tests/test_kat.py::test_sig[SLH_DSA_SHA2_384_PREHASH_SHA2_192S] 
2026-01-14T17:14:13.0207933Z [gw1] [ 78%] SKIPPED tests/test_kat.py::test_sig[SLH_DSA_SHA2_384_PREHASH_SHA2_192S] 
2026-01-14T17:14:13.0216038Z tests/test_kat.py::test_sig[SLH_DSA_SHA2_384_PREHASH_SHA2_192F] 
2026-01-14T17:14:13.0220499Z [gw1] [ 78%] SKIPPED tests/test_kat.py::test_sig[SLH_DSA_SHA2_384_PREHASH_SHA2_192F] 
2026-01-14T17:14:13.0228207Z tests/test_kat.py::test_sig[SLH_DSA_SHA2_384_PREHASH_SHA2_256S] 
2026-01-14T17:14:13.0233325Z [gw1] [ 78%] SKIPPED tests/test_kat.py::test_sig[SLH_DSA_SHA2_384_PREHASH_SHA2_256S] 
2026-01-14T17:14:13.0240573Z tests/test_kat.py::test_sig[SLH_DSA_SHA2_384_PREHASH_SHA2_256F] 
2026-01-14T17:14:13.0245436Z [gw1] [ 78%] SKIPPED tests/test_kat.py::test_sig[SLH_DSA_SHA2_384_PREHASH_SHA2_256F] 
2026-01-14T17:14:13.0253398Z tests/test_kat.py::test_sig[SLH_DSA_SHA2_384_PREHASH_SHAKE_128S] 
2026-01-14T17:14:13.0258001Z [gw1] [ 78%] SKIPPED tests/test_kat.py::test_sig[SLH_DSA_SHA2_384_PREHASH_SHAKE_128S] 
2026-01-14T17:14:13.0265985Z tests/test_kat.py::test_sig[SLH_DSA_SHA2_384_PREHASH_SHAKE_128F] 
2026-01-14T17:14:13.0272236Z [gw1] [ 78%] SKIPPED tests/test_kat.py::test_sig[SLH_DSA_SHA2_384_PREHASH_SHAKE_128F] 
2026-01-14T17:14:13.0280566Z tests/test_kat.py::test_sig[SLH_DSA_SHA2_384_PREHASH_SHAKE_192S] 
2026-01-14T17:14:13.0284588Z [gw1] [ 78%] SKIPPED tests/test_kat.py::test_sig[SLH_DSA_SHA2_384_PREHASH_SHAKE_192S] 
2026-01-14T17:14:13.0293364Z tests/test_kat.py::test_sig[SLH_DSA_SHA2_384_PREHASH_SHAKE_192F] 
2026-01-14T17:14:13.0298750Z [gw1] [ 78%] SKIPPED tests/test_kat.py::test_sig[SLH_DSA_SHA2_384_PREHASH_SHAKE_192F] 
2026-01-14T17:14:13.0307053Z tests/test_kat.py::test_sig[SLH_DSA_SHA2_384_PREHASH_SHAKE_256S] 
2026-01-14T17:14:13.0311105Z [gw1] [ 78%] SKIPPED tests/test_kat.py::test_sig[SLH_DSA_SHA2_384_PREHASH_SHAKE_256S] 
2026-01-14T17:14:13.0319558Z tests/test_kat.py::test_sig[SLH_DSA_SHA2_384_PREHASH_SHAKE_256F] 
2026-01-14T17:14:13.0324716Z [gw1] [ 78%] SKIPPED tests/test_kat.py::test_sig[SLH_DSA_SHA2_384_PREHASH_SHAKE_256F] 
2026-01-14T17:14:13.0332463Z tests/test_kat.py::test_sig[SLH_DSA_SHA2_512_PREHASH_SHA2_128S] 
2026-01-14T17:14:13.0336610Z [gw1] [ 78%] SKIPPED tests/test_kat.py::test_sig[SLH_DSA_SHA2_512_PREHASH_SHA2_128S] 
2026-01-14T17:14:13.0345103Z tests/test_kat.py::test_sig[SLH_DSA_SHA2_512_PREHASH_SHA2_128F] 
2026-01-14T17:14:13.0349732Z [gw1] [ 78%] SKIPPED tests/test_kat.py::test_sig[SLH_DSA_SHA2_512_PREHASH_SHA2_128F] 
2026-01-14T17:14:13.0358701Z tests/test_kat.py::test_sig[SLH_DSA_SHA2_512_PREHASH_SHA2_192S] 
2026-01-14T17:14:13.0365354Z [gw1] [ 78%] SKIPPED tests/test_kat.py::test_sig[SLH_DSA_SHA2_512_PREHASH_SHA2_192S] 
2026-01-14T17:14:13.0373923Z tests/test_kat.py::test_sig[SLH_DSA_SHA2_512_PREHASH_SHA2_192F] 
2026-01-14T17:14:13.0379762Z [gw1] [ 78%] SKIPPED tests/test_kat.py::test_sig[SLH_DSA_SHA2_512_PREHASH_SHA2_192F] 
2026-01-14T17:14:13.0386123Z tests/test_kat.py::test_sig[SLH_DSA_SHA2_512_PREHASH_SHA2_256S] 
2026-01-14T17:14:13.0391230Z [gw1] [ 78%] SKIPPED tests/test_kat.py::test_sig[SLH_DSA_SHA2_512_PREHASH_SHA2_256S] 
2026-01-14T17:14:13.0398938Z tests/test_kat.py::test_sig[SLH_DSA_SHA2_512_PREHASH_SHA2_256F] 
2026-01-14T17:14:13.0404079Z [gw1] [ 78%] SKIPPED tests/test_kat.py::test_sig[SLH_DSA_SHA2_512_PREHASH_SHA2_256F] 
2026-01-14T17:14:13.0411812Z tests/test_kat.py::test_sig[SLH_DSA_SHA2_512_PREHASH_SHAKE_128S] 
2026-01-14T17:14:13.0416763Z [gw1] [ 78%] SKIPPED tests/test_kat.py::test_sig[SLH_DSA_SHA2_512_PREHASH_SHAKE_128S] 
2026-01-14T17:14:13.0424291Z tests/test_kat.py::test_sig[SLH_DSA_SHA2_512_PREHASH_SHAKE_128F] 
2026-01-14T17:14:13.0428542Z [gw1] [ 78%] SKIPPED tests/test_kat.py::test_sig[SLH_DSA_SHA2_512_PREHASH_SHAKE_128F] 
2026-01-14T17:14:13.0436756Z tests/test_kat.py::test_sig[SLH_DSA_SHA2_512_PREHASH_SHAKE_192S] 
2026-01-14T17:14:13.0441269Z [gw1] [ 78%] SKIPPED tests/test_kat.py::test_sig[SLH_DSA_SHA2_512_PREHASH_SHAKE_192S] 
2026-01-14T17:14:13.0449010Z tests/test_kat.py::test_sig[SLH_DSA_SHA2_512_PREHASH_SHAKE_192F] 
2026-01-14T17:14:13.0455442Z [gw1] [ 78%] SKIPPED tests/test_kat.py::test_sig[SLH_DSA_SHA2_512_PREHASH_SHAKE_192F] 
2026-01-14T17:14:13.0463770Z tests/test_kat.py::test_sig[SLH_DSA_SHA2_512_PREHASH_SHAKE_256S] 
2026-01-14T17:14:13.0468632Z [gw1] [ 79%] SKIPPED tests/test_kat.py::test_sig[SLH_DSA_SHA2_512_PREHASH_SHAKE_256S] 
2026-01-14T17:14:13.0476042Z tests/test_kat.py::test_sig[SLH_DSA_SHA2_512_PREHASH_SHAKE_256F] 
2026-01-14T17:14:13.0480664Z [gw1] [ 79%] SKIPPED tests/test_kat.py::test_sig[SLH_DSA_SHA2_512_PREHASH_SHAKE_256F] 
2026-01-14T17:14:13.0488573Z tests/test_kat.py::test_sig[SLH_DSA_SHAKE_128_PREHASH_SHA2_256S] 
2026-01-14T17:14:13.0493521Z [gw1] [ 79%] SKIPPED tests/test_kat.py::test_sig[SLH_DSA_SHAKE_128_PREHASH_SHA2_256S] 
2026-01-14T17:14:13.0501838Z tests/test_kat.py::test_sig[SLH_DSA_SHAKE_128_PREHASH_SHA2_256F] 
2026-01-14T17:14:13.0506755Z [gw1] [ 79%] SKIPPED tests/test_kat.py::test_sig[SLH_DSA_SHAKE_128_PREHASH_SHA2_256F] 
2026-01-14T17:14:13.0514473Z tests/test_kat.py::test_sig[SLH_DSA_SHAKE_128_PREHASH_SHAKE_128S] 
2026-01-14T17:14:13.0519662Z [gw1] [ 79%] SKIPPED tests/test_kat.py::test_sig[SLH_DSA_SHAKE_128_PREHASH_SHAKE_128S] 
2026-01-14T17:14:13.0526488Z tests/test_kat.py::test_sig[SLH_DSA_SHAKE_128_PREHASH_SHAKE_128F] 
2026-01-14T17:14:13.0531226Z [gw1] [ 79%] SKIPPED tests/test_kat.py::test_sig[SLH_DSA_SHAKE_128_PREHASH_SHAKE_128F] 
2026-01-14T17:14:13.0539759Z tests/test_kat.py::test_sig[SLH_DSA_SHAKE_128_PREHASH_SHAKE_192S] 
2026-01-14T17:14:13.0545930Z [gw1] [ 79%] SKIPPED tests/test_kat.py::test_sig[SLH_DSA_SHAKE_128_PREHASH_SHAKE_192S] 
2026-01-14T17:14:13.0553448Z tests/test_kat.py::test_sig[SLH_DSA_SHAKE_128_PREHASH_SHAKE_192F] 
2026-01-14T17:14:13.0561240Z [gw1] [ 79%] SKIPPED tests/test_kat.py::test_sig[SLH_DSA_SHAKE_128_PREHASH_SHAKE_192F] 
2026-01-14T17:14:13.0569131Z tests/test_kat.py::test_sig[SLH_DSA_SHAKE_128_PREHASH_SHAKE_256S] 
2026-01-14T17:14:13.0573894Z [gw1] [ 79%] SKIPPED tests/test_kat.py::test_sig[SLH_DSA_SHAKE_128_PREHASH_SHAKE_256S] 
2026-01-14T17:14:13.0580655Z tests/test_kat.py::test_sig[SLH_DSA_SHAKE_128_PREHASH_SHAKE_256F] 
2026-01-14T17:14:13.0587991Z [gw1] [ 79%] SKIPPED tests/test_kat.py::test_sig[SLH_DSA_SHAKE_128_PREHASH_SHAKE_256F] 
2026-01-14T17:14:13.0606197Z tests/test_kat.py::test_sig[SLH_DSA_SHAKE_256_PREHASH_SHA2_128S] 
2026-01-14T17:14:13.0614241Z [gw1] [ 79%] SKIPPED tests/test_kat.py::test_sig[SLH_DSA_SHAKE_256_PREHASH_SHA2_128S] 
2026-01-14T17:14:13.0622730Z tests/test_kat.py::test_sig[SLH_DSA_SHAKE_256_PREHASH_SHA2_128F] 
2026-01-14T17:14:13.0623830Z [gw1] [ 79%] SKIPPED tests/test_kat.py::test_sig[SLH_DSA_SHAKE_256_PREHASH_SHA2_128F] 
2026-01-14T17:14:13.0625279Z tests/test_kat.py::test_sig[SLH_DSA_SHAKE_256_PREHASH_SHA2_192S] 
2026-01-14T17:14:13.0627637Z [gw1] [ 79%] SKIPPED tests/test_kat.py::test_sig[SLH_DSA_SHAKE_256_PREHASH_SHA2_192S] 
2026-01-14T17:14:13.0635629Z tests/test_kat.py::test_sig[SLH_DSA_SHAKE_256_PREHASH_SHA2_192F] 
2026-01-14T17:14:13.0636492Z [gw1] [ 79%] SKIPPED tests/test_kat.py::test_sig[SLH_DSA_SHAKE_256_PREHASH_SHA2_192F] 
2026-01-14T17:14:13.0649681Z tests/test_kat.py::test_sig[SLH_DSA_SHAKE_256_PREHASH_SHA2_256S] 
2026-01-14T17:14:13.0659636Z [gw1] [ 79%] SKIPPED tests/test_kat.py::test_sig[SLH_DSA_SHAKE_256_PREHASH_SHA2_256S] 
2026-01-14T17:14:13.0688555Z tests/test_kat.py::test_sig[SLH_DSA_SHAKE_256_PREHASH_SHA2_256F] 
2026-01-14T17:14:13.0689387Z [gw1] [ 79%] SKIPPED tests/test_kat.py::test_sig[SLH_DSA_SHAKE_256_PREHASH_SHA2_256F] 
2026-01-14T17:14:13.0690387Z tests/test_kat.py::test_sig[SLH_DSA_SHAKE_256_PREHASH_SHAKE_128S] 
2026-01-14T17:14:13.0691150Z [gw1] [ 79%] SKIPPED tests/test_kat.py::test_sig[SLH_DSA_SHAKE_256_PREHASH_SHAKE_128S] 
2026-01-14T17:14:13.0691956Z tests/test_kat.py::test_sig[SLH_DSA_SHAKE_256_PREHASH_SHAKE_128F] 
2026-01-14T17:14:13.0692743Z [gw1] [ 79%] SKIPPED tests/test_kat.py::test_sig[SLH_DSA_SHAKE_256_PREHASH_SHAKE_128F] 
2026-01-14T17:14:13.0704487Z tests/test_kat.py::test_sig[SLH_DSA_SHAKE_256_PREHASH_SHAKE_192S] 
2026-01-14T17:14:13.0707067Z [gw1] [ 79%] SKIPPED tests/test_kat.py::test_sig[SLH_DSA_SHAKE_256_PREHASH_SHAKE_192S] 
2026-01-14T17:14:13.0707955Z tests/test_kat.py::test_sig[SLH_DSA_SHAKE_256_PREHASH_SHAKE_192F] 
2026-01-14T17:14:13.0711985Z [gw1] [ 79%] SKIPPED tests/test_kat.py::test_sig[SLH_DSA_SHAKE_256_PREHASH_SHAKE_192F] 
2026-01-14T17:14:13.0717020Z tests/test_kat.py::test_sig[SLH_DSA_SHAKE_256_PREHASH_SHAKE_256S] 
2026-01-14T17:14:13.0722692Z [gw1] [ 79%] SKIPPED tests/test_kat.py::test_sig[SLH_DSA_SHAKE_256_PREHASH_SHAKE_256S] 
2026-01-14T17:14:13.0728895Z tests/test_kat.py::test_sig[SLH_DSA_SHAKE_256_PREHASH_SHAKE_256F] 
2026-01-14T17:14:13.0733083Z [gw1] [ 79%] SKIPPED tests/test_kat.py::test_sig[SLH_DSA_SHAKE_256_PREHASH_SHAKE_256F] 
2026-01-14T17:14:13.1939313Z tests/test_kat.py::test_sig_stfl[XMSS-SHA2_10_256] 
2026-01-14T17:14:13.1940513Z [gw1] [ 79%] PASSED tests/test_kat.py::test_sig_stfl[XMSS-SHA2_10_256] 
2026-01-14T17:14:13.3237446Z tests/test_kat.py::test_sig_stfl[XMSS-SHA2_16_256] 
2026-01-14T17:14:13.3240212Z [gw1] [ 79%] PASSED tests/test_kat.py::test_sig_stfl[XMSS-SHA2_16_256] 
2026-01-14T17:14:13.4807068Z tests/test_kat.py::test_sig_stfl[XMSS-SHA2_20_256] 
2026-01-14T17:14:13.4811189Z [gw1] [ 79%] PASSED tests/test_kat.py::test_sig_stfl[XMSS-SHA2_20_256] 
2026-01-14T17:14:13.5810707Z tests/test_kat.py::test_sig_stfl[XMSS-SHAKE_10_256] 
2026-01-14T17:14:13.5816186Z [gw1] [ 79%] PASSED tests/test_kat.py::test_sig_stfl[XMSS-SHAKE_10_256] 
2026-01-14T17:14:13.7114418Z tests/test_kat.py::test_sig_stfl[XMSS-SHAKE_16_256] 
2026-01-14T17:14:13.7115811Z [gw1] [ 79%] PASSED tests/test_kat.py::test_sig_stfl[XMSS-SHAKE_16_256] 
2026-01-14T17:14:13.8681782Z tests/test_kat.py::test_sig_stfl[XMSS-SHAKE_20_256] 
2026-01-14T17:14:13.8686348Z [gw1] [ 79%] PASSED tests/test_kat.py::test_sig_stfl[XMSS-SHAKE_20_256] 
2026-01-14T17:14:14.6760460Z tests/test_kat.py::test_sig_stfl[XMSS-SHA2_10_512] 
2026-01-14T17:14:14.6764069Z [gw1] [ 79%] PASSED tests/test_kat.py::test_sig_stfl[XMSS-SHA2_10_512] 
2026-01-14T17:14:15.6230107Z tests/test_kat.py::test_sig_stfl[XMSS-SHA2_16_512] 
2026-01-14T17:14:15.6232945Z [gw1] [ 79%] PASSED tests/test_kat.py::test_sig_stfl[XMSS-SHA2_16_512] 
2026-01-14T17:14:16.3234292Z tests/test_kat.py::test_sig_stfl[XMSS-SHA2_20_512] 
2026-01-14T17:14:16.3238991Z [gw0] [ 79%] PASSED tests/test_cmdline.py::test_sig_stfl[XMSSMT-SHA2_60/6_256] 
2026-01-14T17:14:16.6838861Z tests/test_cmdline.py::test_sig_stfl[XMSSMT-SHA2_60/12_256] 
2026-01-14T17:14:16.6842601Z [gw1] [ 80%] PASSED tests/test_kat.py::test_sig_stfl[XMSS-SHA2_20_512] 
2026-01-14T17:14:17.4989345Z tests/test_kat.py::test_sig_stfl[XMSS-SHAKE_10_512] 
2026-01-14T17:14:17.4991526Z [gw1] [ 80%] PASSED tests/test_kat.py::test_sig_stfl[XMSS-SHAKE_10_512] 
2026-01-14T17:14:18.4451553Z tests/test_kat.py::test_sig_stfl[XMSS-SHAKE_16_512] 
2026-01-14T17:14:18.4454687Z [gw1] [ 80%] PASSED tests/test_kat.py::test_sig_stfl[XMSS-SHAKE_16_512] 
2026-01-14T17:14:19.5079497Z tests/test_kat.py::test_sig_stfl[XMSS-SHAKE_20_512] 
2026-01-14T17:14:19.5083109Z [gw1] [ 80%] PASSED tests/test_kat.py::test_sig_stfl[XMSS-SHAKE_20_512] 
2026-01-14T17:14:19.5651861Z tests/test_kat.py::test_sig_stfl[XMSS-SHA2_10_192] 
2026-01-14T17:14:19.5654421Z [gw1] [ 80%] PASSED tests/test_kat.py::test_sig_stfl[XMSS-SHA2_10_192] 
2026-01-14T17:14:19.6382296Z tests/test_kat.py::test_sig_stfl[XMSS-SHA2_16_192] 
2026-01-14T17:14:19.6384838Z [gw1] [ 80%] PASSED tests/test_kat.py::test_sig_stfl[XMSS-SHA2_16_192] 
2026-01-14T17:14:19.7257965Z tests/test_kat.py::test_sig_stfl[XMSS-SHA2_20_192] 
2026-01-14T17:14:19.7262491Z [gw1] [ 80%] PASSED tests/test_kat.py::test_sig_stfl[XMSS-SHA2_20_192] 
2026-01-14T17:14:19.7820919Z tests/test_kat.py::test_sig_stfl[XMSS-SHAKE256_10_192] 
2026-01-14T17:14:19.7823526Z [gw1] [ 80%] PASSED tests/test_kat.py::test_sig_stfl[XMSS-SHAKE256_10_192] 
2026-01-14T17:14:19.8546935Z tests/test_kat.py::test_sig_stfl[XMSS-SHAKE256_16_192] 
2026-01-14T17:14:19.8550439Z [gw1] [ 80%] PASSED tests/test_kat.py::test_sig_stfl[XMSS-SHAKE256_16_192] 
2026-01-14T17:14:19.9411292Z tests/test_kat.py::test_sig_stfl[XMSS-SHAKE256_20_192] 
2026-01-14T17:14:19.9412333Z [gw1] [ 80%] PASSED tests/test_kat.py::test_sig_stfl[XMSS-SHAKE256_20_192] 
2026-01-14T17:14:20.0407586Z tests/test_kat.py::test_sig_stfl[XMSS-SHAKE256_10_256] 
2026-01-14T17:14:20.0409805Z [gw1] [ 80%] PASSED tests/test_kat.py::test_sig_stfl[XMSS-SHAKE256_10_256] 
2026-01-14T17:14:20.1701929Z tests/test_kat.py::test_sig_stfl[XMSS-SHAKE256_16_256] 
2026-01-14T17:14:20.1702756Z [gw1] [ 80%] PASSED tests/test_kat.py::test_sig_stfl[XMSS-SHAKE256_16_256] 
2026-01-14T17:14:20.3257279Z tests/test_kat.py::test_sig_stfl[XMSS-SHAKE256_20_256] 
2026-01-14T17:14:20.3258119Z [gw1] [ 80%] PASSED tests/test_kat.py::test_sig_stfl[XMSS-SHAKE256_20_256] 
2026-01-14T17:14:20.8789741Z tests/test_kat.py::test_sig_stfl[XMSSMT-SHA2_20/2_256] 
2026-01-14T17:14:20.8790587Z [gw1] [ 80%] PASSED tests/test_kat.py::test_sig_stfl[XMSSMT-SHA2_20/2_256] 
2026-01-14T17:14:21.0117790Z tests/test_kat.py::test_sig_stfl[XMSSMT-SHA2_20/4_256] 
2026-01-14T17:14:21.0122138Z [gw0] [ 80%] PASSED tests/test_cmdline.py::test_sig_stfl[XMSSMT-SHA2_60/12_256] 
2026-01-14T17:14:22.6800494Z tests/test_cmdline.py::test_sig_stfl[XMSSMT-SHAKE_20/2_256] 
2026-01-14T17:14:22.6802383Z [gw1] [ 80%] PASSED tests/test_kat.py::test_sig_stfl[XMSSMT-SHA2_20/4_256] 
2026-01-14T17:14:23.7645877Z tests/test_kat.py::test_sig_stfl[XMSSMT-SHA2_40/2_256] 
2026-01-14T17:14:23.7649746Z [gw1] [ 80%] PASSED tests/test_kat.py::test_sig_stfl[XMSSMT-SHA2_40/2_256] 
2026-01-14T17:14:26.9028497Z tests/test_kat.py::test_sig_stfl[XMSSMT-SHA2_40/4_256] 
2026-01-14T17:14:26.9031746Z [gw1] [ 80%] PASSED tests/test_kat.py::test_sig_stfl[XMSSMT-SHA2_40/4_256] 
2026-01-14T17:14:34.9650825Z tests/test_kat.py::test_sig_stfl[XMSSMT-SHA2_40/8_256] 
2026-01-14T17:14:34.9653157Z [gw1] [ 80%] PASSED tests/test_kat.py::test_sig_stfl[XMSSMT-SHA2_40/8_256] 
2026-01-14T17:14:36.3239073Z tests/test_kat.py::test_sig_stfl[XMSSMT-SHA2_60/3_256] 
2026-01-14T17:14:36.3243941Z [gw0] [ 80%] PASSED tests/test_cmdline.py::test_sig_stfl[XMSSMT-SHAKE_20/2_256] 
2026-01-14T17:14:37.9447973Z tests/test_cmdline.py::test_sig_stfl[XMSSMT-SHAKE_20/4_256] 
2026-01-14T17:14:37.9452191Z [gw0] [ 80%] PASSED tests/test_cmdline.py::test_sig_stfl[XMSSMT-SHAKE_20/4_256] 
2026-01-14T17:14:37.9725830Z tests/test_cmdline.py::test_sig_stfl[XMSSMT-SHAKE_40/2_256] 
2026-01-14T17:14:37.9729318Z [gw1] [ 80%] PASSED tests/test_kat.py::test_sig_stfl[XMSSMT-SHA2_60/3_256] 
2026-01-14T17:14:39.7603572Z tests/test_kat.py::test_sig_stfl[XMSSMT-SHA2_60/6_256] 
2026-01-14T17:14:39.7606700Z [gw0] [ 80%] PASSED tests/test_cmdline.py::test_sig_stfl[XMSSMT-SHAKE_40/2_256] 
2026-01-14T17:14:44.9948427Z tests/test_cmdline.py::test_sig_stfl[XMSSMT-SHAKE_40/4_256] 
2026-01-14T17:14:44.9950171Z [gw1] [ 80%] PASSED tests/test_kat.py::test_sig_stfl[XMSSMT-SHA2_60/6_256] 
2026-01-14T17:15:03.8100642Z tests/test_kat.py::test_sig_stfl[XMSSMT-SHA2_60/12_256] 
2026-01-14T17:15:03.8106192Z [gw1] [ 80%] PASSED tests/test_kat.py::test_sig_stfl[XMSSMT-SHA2_60/12_256] 
2026-01-14T17:15:04.3610647Z tests/test_kat.py::test_sig_stfl[XMSSMT-SHAKE_20/2_256] 
2026-01-14T17:15:04.3615673Z [gw1] [ 80%] PASSED tests/test_kat.py::test_sig_stfl[XMSSMT-SHAKE_20/2_256] 
2026-01-14T17:15:06.1540141Z tests/test_kat.py::test_sig_stfl[XMSSMT-SHAKE_20/4_256] 
2026-01-14T17:15:06.1541712Z [gw1] [ 80%] PASSED tests/test_kat.py::test_sig_stfl[XMSSMT-SHAKE_20/4_256] 
2026-01-14T17:15:07.2423915Z tests/test_kat.py::test_sig_stfl[XMSSMT-SHAKE_40/2_256] 
2026-01-14T17:15:07.2430190Z [gw1] [ 80%] PASSED tests/test_kat.py::test_sig_stfl[XMSSMT-SHAKE_40/2_256] 
2026-01-14T17:15:09.7746519Z tests/test_kat.py::test_sig_stfl[XMSSMT-SHAKE_40/4_256] 
2026-01-14T17:15:09.7750082Z [gw0] [ 80%] PASSED tests/test_cmdline.py::test_sig_stfl[XMSSMT-SHAKE_40/4_256] 
2026-01-14T17:15:10.0883398Z tests/test_cmdline.py::test_sig_stfl[XMSSMT-SHAKE_40/8_256] 
2026-01-14T17:15:10.0886238Z [gw1] [ 80%] PASSED tests/test_kat.py::test_sig_stfl[XMSSMT-SHAKE_40/4_256] 
2026-01-14T17:15:12.7180614Z tests/test_kat.py::test_sig_stfl[XMSSMT-SHAKE_40/8_256] 
2026-01-14T17:15:12.7190897Z [gw0] [ 80%] PASSED tests/test_cmdline.py::test_sig_stfl[XMSSMT-SHAKE_40/8_256] 
2026-01-14T17:15:17.7254068Z tests/test_cmdline.py::test_sig_stfl[XMSSMT-SHAKE_60/3_256] 
2026-01-14T17:15:17.7257019Z [gw0] [ 81%] PASSED tests/test_cmdline.py::test_sig_stfl[XMSSMT-SHAKE_60/3_256] 
2026-01-14T17:15:18.1477916Z tests/test_cmdline.py::test_sig_stfl[XMSSMT-SHAKE_60/6_256] 
2026-01-14T17:15:18.1485398Z [gw1] [ 81%] PASSED tests/test_kat.py::test_sig_stfl[XMSSMT-SHAKE_40/8_256] 
2026-01-14T17:15:21.1434086Z tests/test_kat.py::test_sig_stfl[XMSSMT-SHAKE_60/3_256] 
2026-01-14T17:15:21.1437343Z [gw1] [ 81%] PASSED tests/test_kat.py::test_sig_stfl[XMSSMT-SHAKE_60/3_256] 
2026-01-14T17:15:28.1392434Z tests/test_kat.py::test_sig_stfl[XMSSMT-SHAKE_60/6_256] 
2026-01-14T17:15:28.1393411Z [gw1] [ 81%] PASSED tests/test_kat.py::test_sig_stfl[XMSSMT-SHAKE_60/6_256] 
2026-01-14T17:15:47.0215456Z tests/test_kat.py::test_sig_stfl[XMSSMT-SHAKE_60/12_256] 
2026-01-14T17:15:47.0222351Z [gw1] [ 81%] PASSED tests/test_kat.py::test_sig_stfl[XMSSMT-SHAKE_60/12_256] 
2026-01-14T17:15:47.6791909Z tests/test_kat.py::test_sig_stfl[LMS_SHA256_H5_W1] 
2026-01-14T17:15:47.6796887Z [gw1] [ 81%] PASSED tests/test_kat.py::test_sig_stfl[LMS_SHA256_H5_W1] 
2026-01-14T17:15:47.8675542Z tests/test_kat.py::test_sig_stfl[LMS_SHA256_H5_W2] 
2026-01-14T17:15:47.8678765Z [gw1] [ 81%] PASSED tests/test_kat.py::test_sig_stfl[LMS_SHA256_H5_W2] 
2026-01-14T17:15:47.9347842Z tests/test_kat.py::test_sig_stfl[LMS_SHA256_H5_W4] 
2026-01-14T17:15:47.9348941Z [gw1] [ 81%] PASSED tests/test_kat.py::test_sig_stfl[LMS_SHA256_H5_W4] 
2026-01-14T17:15:47.9740169Z tests/test_kat.py::test_sig_stfl[LMS_SHA256_H5_W8] 
2026-01-14T17:15:47.9744047Z [gw1] [ 81%] PASSED tests/test_kat.py::test_sig_stfl[LMS_SHA256_H5_W8] 
2026-01-14T17:15:48.6553425Z tests/test_kat.py::test_sig_stfl[LMS_SHA256_H10_W1] 
2026-01-14T17:15:48.6556272Z [gw1] [ 81%] PASSED tests/test_kat.py::test_sig_stfl[LMS_SHA256_H10_W1] 
2026-01-14T17:15:48.8568427Z tests/test_kat.py::test_sig_stfl[LMS_SHA256_H10_W2] 
2026-01-14T17:15:48.8572138Z [gw1] [ 81%] PASSED tests/test_kat.py::test_sig_stfl[LMS_SHA256_H10_W2] 
2026-01-14T17:15:48.9313212Z tests/test_kat.py::test_sig_stfl[LMS_SHA256_H10_W4] 
2026-01-14T17:15:48.9317723Z [gw1] [ 81%] PASSED tests/test_kat.py::test_sig_stfl[LMS_SHA256_H10_W4] 
2026-01-14T17:15:48.9742223Z tests/test_kat.py::test_sig_stfl[LMS_SHA256_H10_W8] 
2026-01-14T17:15:48.9747706Z [gw1] [ 81%] PASSED tests/test_kat.py::test_sig_stfl[LMS_SHA256_H10_W8] 
2026-01-14T17:15:49.6810614Z tests/test_kat.py::test_sig_stfl[LMS_SHA256_H15_W1] 
2026-01-14T17:15:49.6813412Z [gw1] [ 81%] PASSED tests/test_kat.py::test_sig_stfl[LMS_SHA256_H15_W1] 
2026-01-14T17:15:49.8948738Z tests/test_kat.py::test_sig_stfl[LMS_SHA256_H15_W2] 
2026-01-14T17:15:49.8951337Z [gw1] [ 81%] PASSED tests/test_kat.py::test_sig_stfl[LMS_SHA256_H15_W2] 
2026-01-14T17:15:49.9766322Z tests/test_kat.py::test_sig_stfl[LMS_SHA256_H15_W4] 
2026-01-14T17:15:49.9769946Z [gw1] [ 81%] PASSED tests/test_kat.py::test_sig_stfl[LMS_SHA256_H15_W4] 
2026-01-14T17:15:49.9781500Z tests/test_kat.py::test_sig_stfl[LMS_SHA256_H15_W8] 
2026-01-14T17:15:49.9787215Z [gw1] [ 81%] SKIPPED tests/test_kat.py::test_sig_stfl[LMS_SHA256_H15_W8] 
2026-01-14T17:15:49.9799116Z tests/test_kat.py::test_sig_stfl[LMS_SHA256_H20_W1] 
2026-01-14T17:15:49.9804336Z [gw1] [ 81%] SKIPPED tests/test_kat.py::test_sig_stfl[LMS_SHA256_H20_W1] 
2026-01-14T17:15:49.9815432Z tests/test_kat.py::test_sig_stfl[LMS_SHA256_H20_W2] 
2026-01-14T17:15:49.9820164Z [gw1] [ 81%] SKIPPED tests/test_kat.py::test_sig_stfl[LMS_SHA256_H20_W2] 
2026-01-14T17:15:49.9831610Z tests/test_kat.py::test_sig_stfl[LMS_SHA256_H20_W4] 
2026-01-14T17:15:49.9838609Z [gw1] [ 81%] SKIPPED tests/test_kat.py::test_sig_stfl[LMS_SHA256_H20_W4] 
2026-01-14T17:15:49.9849037Z tests/test_kat.py::test_sig_stfl[LMS_SHA256_H20_W8] 
2026-01-14T17:15:49.9853556Z [gw1] [ 81%] SKIPPED tests/test_kat.py::test_sig_stfl[LMS_SHA256_H20_W8] 
2026-01-14T17:15:49.9867208Z tests/test_kat.py::test_sig_stfl[LMS_SHA256_H25_W1] 
2026-01-14T17:15:49.9871455Z [gw1] [ 81%] SKIPPED tests/test_kat.py::test_sig_stfl[LMS_SHA256_H25_W1] 
2026-01-14T17:15:49.9882654Z tests/test_kat.py::test_sig_stfl[LMS_SHA256_H25_W2] 
2026-01-14T17:15:49.9889467Z [gw1] [ 81%] SKIPPED tests/test_kat.py::test_sig_stfl[LMS_SHA256_H25_W2] 
2026-01-14T17:15:49.9903303Z tests/test_kat.py::test_sig_stfl[LMS_SHA256_H25_W4] 
2026-01-14T17:15:49.9906252Z [gw1] [ 81%] SKIPPED tests/test_kat.py::test_sig_stfl[LMS_SHA256_H25_W4] 
2026-01-14T17:15:49.9918237Z tests/test_kat.py::test_sig_stfl[LMS_SHA256_H25_W8] 
2026-01-14T17:15:49.9923160Z [gw1] [ 81%] SKIPPED tests/test_kat.py::test_sig_stfl[LMS_SHA256_H25_W8] 
2026-01-14T17:15:50.0819157Z tests/test_kat.py::test_sig_stfl[LMS_SHA256_H5_W8_H5_W8] 
2026-01-14T17:15:50.0821904Z [gw1] [ 81%] PASSED tests/test_kat.py::test_sig_stfl[LMS_SHA256_H5_W8_H5_W8] 
2026-01-14T17:15:50.2315311Z tests/test_kat.py::test_sig_stfl[LMS_SHA256_H10_W4_H5_W8] 
2026-01-14T17:15:50.2317934Z [gw1] [ 81%] PASSED tests/test_kat.py::test_sig_stfl[LMS_SHA256_H10_W4_H5_W8] 
2026-01-14T17:15:50.2332052Z tests/test_kat.py::test_sig_stfl[LMS_SHA256_H10_W8_H5_W8] 
2026-01-14T17:15:50.2335862Z [gw1] [ 81%] SKIPPED tests/test_kat.py::test_sig_stfl[LMS_SHA256_H10_W8_H5_W8] 
2026-01-14T17:15:50.2348960Z tests/test_kat.py::test_sig_stfl[LMS_SHA256_H10_W2_H10_W2] 
2026-01-14T17:15:50.2353495Z [gw1] [ 81%] SKIPPED tests/test_kat.py::test_sig_stfl[LMS_SHA256_H10_W2_H10_W2] 
2026-01-14T17:15:50.2366212Z tests/test_kat.py::test_sig_stfl[LMS_SHA256_H10_W4_H10_W4] 
2026-01-14T17:15:50.2372810Z [gw1] [ 81%] SKIPPED tests/test_kat.py::test_sig_stfl[LMS_SHA256_H10_W4_H10_W4] 
2026-01-14T17:15:50.2383128Z tests/test_kat.py::test_sig_stfl[LMS_SHA256_H10_W8_H10_W8] 
2026-01-14T17:15:50.2388126Z [gw1] [ 81%] SKIPPED tests/test_kat.py::test_sig_stfl[LMS_SHA256_H10_W8_H10_W8] 
2026-01-14T17:15:50.2400299Z tests/test_kat.py::test_sig_stfl[LMS_SHA256_H15_W8_H5_W8] 
2026-01-14T17:15:50.2406237Z [gw1] [ 82%] SKIPPED tests/test_kat.py::test_sig_stfl[LMS_SHA256_H15_W8_H5_W8] 
2026-01-14T17:15:50.2417727Z tests/test_kat.py::test_sig_stfl[LMS_SHA256_H15_W8_H10_W8] 
2026-01-14T17:15:50.2421377Z [gw1] [ 82%] SKIPPED tests/test_kat.py::test_sig_stfl[LMS_SHA256_H15_W8_H10_W8] 
2026-01-14T17:15:50.2433299Z tests/test_kat.py::test_sig_stfl[LMS_SHA256_H15_W8_H15_W8] 
2026-01-14T17:15:50.2438029Z [gw1] [ 82%] SKIPPED tests/test_kat.py::test_sig_stfl[LMS_SHA256_H15_W8_H15_W8] 
2026-01-14T17:15:50.2450104Z tests/test_kat.py::test_sig_stfl[LMS_SHA256_H20_W8_H5_W8] 
2026-01-14T17:15:50.2454408Z [gw1] [ 82%] SKIPPED tests/test_kat.py::test_sig_stfl[LMS_SHA256_H20_W8_H5_W8] 
2026-01-14T17:15:50.2466676Z tests/test_kat.py::test_sig_stfl[LMS_SHA256_H20_W8_H10_W8] 
2026-01-14T17:15:50.2471543Z [gw1] [ 82%] SKIPPED tests/test_kat.py::test_sig_stfl[LMS_SHA256_H20_W8_H10_W8] 
2026-01-14T17:15:50.2485444Z tests/test_kat.py::test_sig_stfl[LMS_SHA256_H20_W8_H15_W8] 
2026-01-14T17:15:50.2490664Z [gw1] [ 82%] SKIPPED tests/test_kat.py::test_sig_stfl[LMS_SHA256_H20_W8_H15_W8] 
2026-01-14T17:15:50.2503234Z tests/test_kat.py::test_sig_stfl[LMS_SHA256_H20_W8_H20_W8] 
2026-01-14T17:15:50.2509218Z [gw1] [ 82%] SKIPPED tests/test_kat.py::test_sig_stfl[LMS_SHA256_H20_W8_H20_W8] 
2026-01-14T17:15:50.3023225Z tests/test_mem.py::test_mem_kem[BIKE-L1] 
2026-01-14T17:15:50.3027081Z [gw1] [ 82%] PASSED tests/test_mem.py::test_mem_kem[BIKE-L1] 
2026-01-14T17:15:50.3887761Z tests/test_mem.py::test_mem_kem[BIKE-L3] 
2026-01-14T17:15:50.3892937Z [gw1] [ 82%] PASSED tests/test_mem.py::test_mem_kem[BIKE-L3] 
2026-01-14T17:15:50.5463554Z tests/test_mem.py::test_mem_kem[BIKE-L5] 
2026-01-14T17:15:50.5464270Z [gw1] [ 82%] PASSED tests/test_mem.py::test_mem_kem[BIKE-L5] 
2026-01-14T17:15:50.6262831Z tests/test_mem.py::test_mem_kem[Classic-McEliece-348864] 
2026-01-14T17:15:50.6266690Z [gw1] [ 82%] PASSED tests/test_mem.py::test_mem_kem[Classic-McEliece-348864] 
2026-01-14T17:15:50.7022612Z tests/test_mem.py::test_mem_kem[Classic-McEliece-348864f] 
2026-01-14T17:15:50.7027369Z [gw1] [ 82%] PASSED tests/test_mem.py::test_mem_kem[Classic-McEliece-348864f] 
2026-01-14T17:15:50.9326439Z tests/test_mem.py::test_mem_kem[Classic-McEliece-460896] 
2026-01-14T17:15:50.9329830Z [gw1] [ 82%] PASSED tests/test_mem.py::test_mem_kem[Classic-McEliece-460896] 
2026-01-14T17:15:51.0844200Z tests/test_mem.py::test_mem_kem[Classic-McEliece-460896f] 
2026-01-14T17:15:51.0848088Z [gw1] [ 82%] PASSED tests/test_mem.py::test_mem_kem[Classic-McEliece-460896f] 
2026-01-14T17:15:51.2906787Z tests/test_mem.py::test_mem_kem[Classic-McEliece-6688128] 
2026-01-14T17:15:51.2912789Z [gw1] [ 82%] PASSED tests/test_mem.py::test_mem_kem[Classic-McEliece-6688128] 
2026-01-14T17:15:51.4923651Z tests/test_mem.py::test_mem_kem[Classic-McEliece-6688128f] 
2026-01-14T17:15:51.4928800Z [gw1] [ 82%] PASSED tests/test_mem.py::test_mem_kem[Classic-McEliece-6688128f] 
2026-01-14T17:15:51.8188348Z tests/test_mem.py::test_mem_kem[Classic-McEliece-6960119] 
2026-01-14T17:15:51.8192061Z [gw1] [ 82%] PASSED tests/test_mem.py::test_mem_kem[Classic-McEliece-6960119] 
2026-01-14T17:15:52.0082590Z tests/test_mem.py::test_mem_kem[Classic-McEliece-6960119f] 
2026-01-14T17:15:52.0086925Z [gw1] [ 82%] PASSED tests/test_mem.py::test_mem_kem[Classic-McEliece-6960119f] 
2026-01-14T17:15:52.2547045Z tests/test_mem.py::test_mem_kem[Classic-McEliece-8192128] 
2026-01-14T17:15:52.2549503Z [gw1] [ 82%] PASSED tests/test_mem.py::test_mem_kem[Classic-McEliece-8192128] 
2026-01-14T17:15:52.4678872Z tests/test_mem.py::test_mem_kem[Classic-McEliece-8192128f] 
2026-01-14T17:15:52.4682532Z [gw1] [ 82%] PASSED tests/test_mem.py::test_mem_kem[Classic-McEliece-8192128f] 
2026-01-14T17:15:52.4694861Z tests/test_mem.py::test_mem_kem[HQC-128] 
2026-01-14T17:15:52.4700773Z [gw1] [ 82%] SKIPPED tests/test_mem.py::test_mem_kem[HQC-128] 
2026-01-14T17:15:52.4712862Z tests/test_mem.py::test_mem_kem[HQC-192] 
2026-01-14T17:15:52.4717602Z [gw1] [ 82%] SKIPPED tests/test_mem.py::test_mem_kem[HQC-192] 
2026-01-14T17:15:52.4728737Z tests/test_mem.py::test_mem_kem[HQC-256] 
2026-01-14T17:15:52.4734199Z [gw1] [ 82%] SKIPPED tests/test_mem.py::test_mem_kem[HQC-256] 
2026-01-14T17:15:52.5085858Z tests/test_mem.py::test_mem_kem[Kyber512] 
2026-01-14T17:15:52.5089819Z [gw1] [ 82%] PASSED tests/test_mem.py::test_mem_kem[Kyber512] 
2026-01-14T17:15:52.5465422Z tests/test_mem.py::test_mem_kem[Kyber768] 
2026-01-14T17:15:52.5470716Z [gw1] [ 82%] PASSED tests/test_mem.py::test_mem_kem[Kyber768] 
2026-01-14T17:15:52.5847324Z tests/test_mem.py::test_mem_kem[Kyber1024] 
2026-01-14T17:15:52.5850486Z [gw1] [ 82%] PASSED tests/test_mem.py::test_mem_kem[Kyber1024] 
2026-01-14T17:15:52.6209827Z tests/test_mem.py::test_mem_kem[ML-KEM-512] 
2026-01-14T17:15:52.6212502Z [gw1] [ 82%] PASSED tests/test_mem.py::test_mem_kem[ML-KEM-512] 
2026-01-14T17:15:52.6573019Z tests/test_mem.py::test_mem_kem[ML-KEM-768] 
2026-01-14T17:15:52.6576924Z [gw1] [ 82%] PASSED tests/test_mem.py::test_mem_kem[ML-KEM-768] 
2026-01-14T17:15:52.6937150Z tests/test_mem.py::test_mem_kem[ML-KEM-1024] 
2026-01-14T17:15:52.6942264Z [gw1] [ 82%] PASSED tests/test_mem.py::test_mem_kem[ML-KEM-1024] 
2026-01-14T17:15:52.7271489Z tests/test_mem.py::test_mem_kem[NTRU-HPS-2048-509] 
2026-01-14T17:15:52.7276026Z [gw1] [ 82%] PASSED tests/test_mem.py::test_mem_kem[NTRU-HPS-2048-509] 
2026-01-14T17:15:52.7612962Z tests/test_mem.py::test_mem_kem[NTRU-HPS-2048-677] 
2026-01-14T17:15:52.7622230Z [gw1] [ 83%] PASSED tests/test_mem.py::test_mem_kem[NTRU-HPS-2048-677] 
2026-01-14T17:15:52.7969658Z tests/test_mem.py::test_mem_kem[NTRU-HPS-4096-821] 
2026-01-14T17:15:52.7975440Z [gw1] [ 83%] PASSED tests/test_mem.py::test_mem_kem[NTRU-HPS-4096-821] 
2026-01-14T17:15:53.0793208Z tests/test_mem.py::test_mem_kem[NTRU-HPS-4096-1229] 
2026-01-14T17:15:53.0798019Z [gw1] [ 83%] PASSED tests/test_mem.py::test_mem_kem[NTRU-HPS-4096-1229] 
2026-01-14T17:15:53.1153137Z tests/test_mem.py::test_mem_kem[NTRU-HRSS-701] 
2026-01-14T17:15:53.1157722Z [gw1] [ 83%] PASSED tests/test_mem.py::test_mem_kem[NTRU-HRSS-701] 
2026-01-14T17:15:53.4637312Z tests/test_mem.py::test_mem_kem[NTRU-HRSS-1373] 
2026-01-14T17:15:53.4642266Z [gw1] [ 83%] PASSED tests/test_mem.py::test_mem_kem[NTRU-HRSS-1373] 
2026-01-14T17:15:53.5319645Z tests/test_mem.py::test_mem_kem[sntrup761] 
2026-01-14T17:15:53.5323340Z [gw1] [ 83%] PASSED tests/test_mem.py::test_mem_kem[sntrup761] 
2026-01-14T17:15:53.6037891Z tests/test_mem.py::test_mem_kem[FrodoKEM-640-AES] 
2026-01-14T17:15:53.6041683Z [gw1] [ 83%] PASSED tests/test_mem.py::test_mem_kem[FrodoKEM-640-AES] 
2026-01-14T17:15:53.7317422Z tests/test_mem.py::test_mem_kem[FrodoKEM-640-SHAKE] 
2026-01-14T17:15:53.7320834Z [gw1] [ 83%] PASSED tests/test_mem.py::test_mem_kem[FrodoKEM-640-SHAKE] 
2026-01-14T17:15:53.8407108Z tests/test_mem.py::test_mem_kem[FrodoKEM-976-AES] 
2026-01-14T17:15:53.8411381Z [gw1] [ 83%] PASSED tests/test_mem.py::test_mem_kem[FrodoKEM-976-AES] 
2026-01-14T17:15:54.0510312Z tests/test_mem.py::test_mem_kem[FrodoKEM-976-SHAKE] 
2026-01-14T17:15:54.0515207Z [gw1] [ 83%] PASSED tests/test_mem.py::test_mem_kem[FrodoKEM-976-SHAKE] 
2026-01-14T17:15:54.2257518Z tests/test_mem.py::test_mem_kem[FrodoKEM-1344-AES] 
2026-01-14T17:15:54.2261828Z [gw1] [ 83%] PASSED tests/test_mem.py::test_mem_kem[FrodoKEM-1344-AES] 
2026-01-14T17:15:54.6364696Z tests/test_mem.py::test_mem_kem[FrodoKEM-1344-SHAKE] 
2026-01-14T17:15:54.6368552Z [gw1] [ 83%] PASSED tests/test_mem.py::test_mem_kem[FrodoKEM-1344-SHAKE] 
2026-01-14T17:15:54.6722005Z tests/test_mem.py::test_mem_sig[Dilithium2] 
2026-01-14T17:15:54.6724053Z [gw1] [ 83%] PASSED tests/test_mem.py::test_mem_sig[Dilithium2] 
2026-01-14T17:15:54.7075576Z tests/test_mem.py::test_mem_sig[Dilithium3] 
2026-01-14T17:15:54.7079834Z [gw1] [ 83%] PASSED tests/test_mem.py::test_mem_sig[Dilithium3] 
2026-01-14T17:15:54.7447789Z tests/test_mem.py::test_mem_sig[Dilithium5] 
2026-01-14T17:15:54.7450245Z [gw1] [ 83%] PASSED tests/test_mem.py::test_mem_sig[Dilithium5] 
2026-01-14T17:15:54.7792961Z tests/test_mem.py::test_mem_sig[ML-DSA-44] 
2026-01-14T17:15:54.7799319Z [gw1] [ 83%] PASSED tests/test_mem.py::test_mem_sig[ML-DSA-44] 
2026-01-14T17:15:54.8150723Z tests/test_mem.py::test_mem_sig[ML-DSA-65] 
2026-01-14T17:15:54.8154636Z [gw1] [ 83%] PASSED tests/test_mem.py::test_mem_sig[ML-DSA-65] 
2026-01-14T17:15:54.8528922Z tests/test_mem.py::test_mem_sig[ML-DSA-87] 
2026-01-14T17:15:54.8533092Z [gw1] [ 83%] PASSED tests/test_mem.py::test_mem_sig[ML-DSA-87] 
2026-01-14T17:15:54.9178729Z tests/test_mem.py::test_mem_sig[Falcon-512] 
2026-01-14T17:15:54.9183232Z [gw1] [ 83%] PASSED tests/test_mem.py::test_mem_sig[Falcon-512] 
2026-01-14T17:15:55.0454540Z tests/test_mem.py::test_mem_sig[Falcon-1024] 
2026-01-14T17:15:55.0459482Z [gw1] [ 83%] PASSED tests/test_mem.py::test_mem_sig[Falcon-1024] 
2026-01-14T17:15:55.1109211Z tests/test_mem.py::test_mem_sig[Falcon-padded-512] 
2026-01-14T17:15:55.1114621Z [gw1] [ 83%] PASSED tests/test_mem.py::test_mem_sig[Falcon-padded-512] 
2026-01-14T17:15:55.2789605Z tests/test_mem.py::test_mem_sig[Falcon-padded-1024] 
2026-01-14T17:15:55.2794145Z [gw1] [ 83%] PASSED tests/test_mem.py::test_mem_sig[Falcon-padded-1024] 
2026-01-14T17:15:55.4569297Z tests/test_mem.py::test_mem_sig[SPHINCS+-SHA2-128f-simple] 
2026-01-14T17:15:55.4573556Z [gw1] [ 83%] PASSED tests/test_mem.py::test_mem_sig[SPHINCS+-SHA2-128f-simple] 
2026-01-14T17:15:58.4093714Z tests/test_mem.py::test_mem_sig[SPHINCS+-SHA2-128s-simple] 
2026-01-14T17:15:58.4097196Z [gw1] [ 83%] PASSED tests/test_mem.py::test_mem_sig[SPHINCS+-SHA2-128s-simple] 
2026-01-14T17:15:58.6760478Z tests/test_mem.py::test_mem_sig[SPHINCS+-SHA2-192f-simple] 
2026-01-14T17:15:58.6765287Z [gw1] [ 83%] PASSED tests/test_mem.py::test_mem_sig[SPHINCS+-SHA2-192f-simple] 
2026-01-14T17:16:02.5143303Z tests/test_mem.py::test_mem_sig[SPHINCS+-SHA2-192s-simple] 
2026-01-14T17:16:02.5149539Z [gw0] [ 83%] PASSED tests/test_cmdline.py::test_sig_stfl[XMSSMT-SHAKE_60/6_256] 
2026-01-14T17:16:03.3991813Z tests/test_cmdline.py::test_sig_stfl[XMSSMT-SHAKE_60/12_256] 
2026-01-14T17:16:03.3995974Z [gw1] [ 83%] PASSED tests/test_mem.py::test_mem_sig[SPHINCS+-SHA2-192s-simple] 
2026-01-14T17:16:03.8609778Z tests/test_mem.py::test_mem_sig[SPHINCS+-SHA2-256f-simple] 
2026-01-14T17:16:03.8613796Z [gw1] [ 83%] PASSED tests/test_mem.py::test_mem_sig[SPHINCS+-SHA2-256f-simple] 
2026-01-14T17:16:06.7624066Z tests/test_mem.py::test_mem_sig[SPHINCS+-SHA2-256s-simple] 
2026-01-14T17:16:06.7626816Z [gw0] [ 83%] PASSED tests/test_cmdline.py::test_sig_stfl[XMSSMT-SHAKE_60/12_256] 
2026-01-14T17:16:06.9215791Z tests/test_cmdline.py::test_sig_stfl[LMS_SHA256_H5_W1] 
2026-01-14T17:16:06.9221513Z [gw0] [ 83%] PASSED tests/test_cmdline.py::test_sig_stfl[LMS_SHA256_H5_W1] 
2026-01-14T17:16:07.0692180Z tests/test_cmdline.py::test_sig_stfl[LMS_SHA256_H5_W2] 
2026-01-14T17:16:07.0696059Z [gw0] [ 83%] PASSED tests/test_cmdline.py::test_sig_stfl[LMS_SHA256_H5_W2] 
2026-01-14T17:16:07.3274581Z tests/test_cmdline.py::test_sig_stfl[LMS_SHA256_H5_W4] 
2026-01-14T17:16:07.3286007Z [gw0] [ 84%] PASSED tests/test_cmdline.py::test_sig_stfl[LMS_SHA256_H5_W4] 
2026-01-14T17:16:08.0621431Z tests/test_cmdline.py::test_sig_stfl[LMS_SHA256_H5_W8] 
2026-01-14T17:16:08.0625378Z [gw1] [ 84%] PASSED tests/test_mem.py::test_mem_sig[SPHINCS+-SHA2-256s-simple] 
2026-01-14T17:16:08.5935264Z tests/test_mem.py::test_mem_sig[SPHINCS+-SHAKE-128f-simple] 
2026-01-14T17:16:08.5939690Z [gw1] [ 84%] PASSED tests/test_mem.py::test_mem_sig[SPHINCS+-SHAKE-128f-simple] 
2026-01-14T17:16:09.1210888Z tests/test_mem.py::test_mem_sig[SPHINCS+-SHAKE-128s-simple] 
2026-01-14T17:16:09.1212857Z [gw0] [ 84%] PASSED tests/test_cmdline.py::test_sig_stfl[LMS_SHA256_H5_W8] 
2026-01-14T17:16:12.6662871Z tests/test_cmdline.py::test_sig_stfl[LMS_SHA256_H10_W1] 
2026-01-14T17:16:12.6669724Z [gw0] [ 84%] PASSED tests/test_cmdline.py::test_sig_stfl[LMS_SHA256_H10_W1] 
2026-01-14T17:16:15.1295943Z tests/test_cmdline.py::test_sig_stfl[LMS_SHA256_H10_W2] 
2026-01-14T17:16:15.1298129Z [gw1] [ 84%] PASSED tests/test_mem.py::test_mem_sig[SPHINCS+-SHAKE-128s-simple] 
2026-01-14T17:16:15.8269473Z tests/test_mem.py::test_mem_sig[SPHINCS+-SHAKE-192f-simple] 
2026-01-14T17:16:15.8272650Z [gw0] [ 84%] PASSED tests/test_cmdline.py::test_sig_stfl[LMS_SHA256_H10_W2] 
2026-01-14T17:16:16.0254126Z tests/test_cmdline.py::test_sig_stfl[LMS_SHA256_H10_W4] 
2026-01-14T17:16:16.0255219Z [gw1] [ 84%] PASSED tests/test_mem.py::test_mem_sig[SPHINCS+-SHAKE-192f-simple] 
2026-01-14T17:16:21.1932657Z tests/test_mem.py::test_mem_sig[SPHINCS+-SHAKE-192s-simple] 
2026-01-14T17:16:21.1938080Z [gw0] [ 84%] PASSED tests/test_cmdline.py::test_sig_stfl[LMS_SHA256_H10_W4] 
2026-01-14T17:16:34.3082396Z tests/test_cmdline.py::test_sig_stfl[LMS_SHA256_H10_W8] 
2026-01-14T17:16:34.3087084Z [gw1] [ 84%] PASSED tests/test_mem.py::test_mem_sig[SPHINCS+-SHAKE-192s-simple] 
2026-01-14T17:16:35.2730040Z tests/test_mem.py::test_mem_sig[SPHINCS+-SHAKE-256f-simple] 
2026-01-14T17:16:35.2731554Z [gw1] [ 84%] PASSED tests/test_mem.py::test_mem_sig[SPHINCS+-SHAKE-256f-simple] 
2026-01-14T17:16:49.9937789Z tests/test_mem.py::test_mem_sig[SPHINCS+-SHAKE-256s-simple] 
2026-01-14T17:16:49.9942032Z [gw1] [ 84%] PASSED tests/test_mem.py::test_mem_sig[SPHINCS+-SHAKE-256s-simple] 
2026-01-14T17:16:50.0310446Z tests/test_mem.py::test_mem_sig[MAYO-1] 
2026-01-14T17:16:50.0313899Z [gw1] [ 84%] PASSED tests/test_mem.py::test_mem_sig[MAYO-1] 
2026-01-14T17:16:50.0669409Z tests/test_mem.py::test_mem_sig[MAYO-2] 
2026-01-14T17:16:50.0673473Z [gw1] [ 84%] PASSED tests/test_mem.py::test_mem_sig[MAYO-2] 
2026-01-14T17:16:50.1111179Z tests/test_mem.py::test_mem_sig[MAYO-3] 
2026-01-14T17:16:50.1117178Z [gw1] [ 84%] PASSED tests/test_mem.py::test_mem_sig[MAYO-3] 
2026-01-14T17:16:50.1742204Z tests/test_mem.py::test_mem_sig[MAYO-5] 
2026-01-14T17:16:50.1747796Z [gw1] [ 84%] PASSED tests/test_mem.py::test_mem_sig[MAYO-5] 
2026-01-14T17:16:50.2228136Z tests/test_mem.py::test_mem_sig[cross-rsdp-128-balanced] 
2026-01-14T17:16:50.2232113Z [gw1] [ 84%] PASSED tests/test_mem.py::test_mem_sig[cross-rsdp-128-balanced] 
2026-01-14T17:16:50.2652235Z tests/test_mem.py::test_mem_sig[cross-rsdp-128-fast] 
2026-01-14T17:16:50.2658816Z [gw1] [ 84%] PASSED tests/test_mem.py::test_mem_sig[cross-rsdp-128-fast] 
2026-01-14T17:16:50.3325609Z tests/test_mem.py::test_mem_sig[cross-rsdp-128-small] 
2026-01-14T17:16:50.3329061Z [gw1] [ 84%] PASSED tests/test_mem.py::test_mem_sig[cross-rsdp-128-small] 
2026-01-14T17:16:50.3991761Z tests/test_mem.py::test_mem_sig[cross-rsdp-192-balanced] 
2026-01-14T17:16:50.3993315Z [gw1] [ 84%] PASSED tests/test_mem.py::test_mem_sig[cross-rsdp-192-balanced] 
2026-01-14T17:16:50.4547436Z tests/test_mem.py::test_mem_sig[cross-rsdp-192-fast] 
2026-01-14T17:16:50.4551707Z [gw1] [ 84%] PASSED tests/test_mem.py::test_mem_sig[cross-rsdp-192-fast] 
2026-01-14T17:16:50.5362018Z tests/test_mem.py::test_mem_sig[cross-rsdp-192-small] 
2026-01-14T17:16:50.5366397Z [gw1] [ 84%] PASSED tests/test_mem.py::test_mem_sig[cross-rsdp-192-small] 
2026-01-14T17:16:50.6368180Z tests/test_mem.py::test_mem_sig[cross-rsdp-256-balanced] 
2026-01-14T17:16:50.6371527Z [gw1] [ 84%] PASSED tests/test_mem.py::test_mem_sig[cross-rsdp-256-balanced] 
2026-01-14T17:16:50.7125517Z tests/test_mem.py::test_mem_sig[cross-rsdp-256-fast] 
2026-01-14T17:16:50.7128816Z [gw1] [ 84%] PASSED tests/test_mem.py::test_mem_sig[cross-rsdp-256-fast] 
2026-01-14T17:16:50.8436342Z tests/test_mem.py::test_mem_sig[cross-rsdp-256-small] 
2026-01-14T17:16:50.8440449Z [gw1] [ 84%] PASSED tests/test_mem.py::test_mem_sig[cross-rsdp-256-small] 
2026-01-14T17:16:50.8892313Z tests/test_mem.py::test_mem_sig[cross-rsdpg-128-balanced] 
2026-01-14T17:16:50.8895723Z [gw1] [ 84%] PASSED tests/test_mem.py::test_mem_sig[cross-rsdpg-128-balanced] 
2026-01-14T17:16:50.9296992Z tests/test_mem.py::test_mem_sig[cross-rsdpg-128-fast] 
2026-01-14T17:16:50.9302244Z [gw1] [ 84%] PASSED tests/test_mem.py::test_mem_sig[cross-rsdpg-128-fast] 
2026-01-14T17:16:50.9907347Z tests/test_mem.py::test_mem_sig[cross-rsdpg-128-small] 
2026-01-14T17:16:50.9911118Z [gw1] [ 84%] PASSED tests/test_mem.py::test_mem_sig[cross-rsdpg-128-small] 
2026-01-14T17:16:51.0435899Z tests/test_mem.py::test_mem_sig[cross-rsdpg-192-balanced] 
2026-01-14T17:16:51.0440692Z [gw1] [ 84%] PASSED tests/test_mem.py::test_mem_sig[cross-rsdpg-192-balanced] 
2026-01-14T17:16:51.0914732Z tests/test_mem.py::test_mem_sig[cross-rsdpg-192-fast] 
2026-01-14T17:16:51.0919416Z [gw1] [ 84%] PASSED tests/test_mem.py::test_mem_sig[cross-rsdpg-192-fast] 
2026-01-14T17:16:51.1571429Z tests/test_mem.py::test_mem_sig[cross-rsdpg-192-small] 
2026-01-14T17:16:51.1575153Z [gw1] [ 84%] PASSED tests/test_mem.py::test_mem_sig[cross-rsdpg-192-small] 
2026-01-14T17:16:51.2253090Z tests/test_mem.py::test_mem_sig[cross-rsdpg-256-balanced] 
2026-01-14T17:16:51.2258203Z [gw1] [ 85%] PASSED tests/test_mem.py::test_mem_sig[cross-rsdpg-256-balanced] 
2026-01-14T17:16:51.2844153Z tests/test_mem.py::test_mem_sig[cross-rsdpg-256-fast] 
2026-01-14T17:16:51.2849416Z [gw1] [ 85%] PASSED tests/test_mem.py::test_mem_sig[cross-rsdpg-256-fast] 
2026-01-14T17:16:51.3768640Z tests/test_mem.py::test_mem_sig[cross-rsdpg-256-small] 
2026-01-14T17:16:51.3774486Z [gw1] [ 85%] PASSED tests/test_mem.py::test_mem_sig[cross-rsdpg-256-small] 
2026-01-14T17:16:51.4222869Z tests/test_mem.py::test_mem_sig[OV-Is] 
2026-01-14T17:16:51.4227173Z [gw1] [ 85%] PASSED tests/test_mem.py::test_mem_sig[OV-Is] 
2026-01-14T17:16:51.4634580Z tests/test_mem.py::test_mem_sig[OV-Ip] 
2026-01-14T17:16:51.4640174Z [gw1] [ 85%] PASSED tests/test_mem.py::test_mem_sig[OV-Ip] 
2026-01-14T17:16:51.5501704Z tests/test_mem.py::test_mem_sig[OV-III] 
2026-01-14T17:16:51.5505940Z [gw1] [ 85%] PASSED tests/test_mem.py::test_mem_sig[OV-III] 
2026-01-14T17:16:51.7161532Z tests/test_mem.py::test_mem_sig[OV-V] 
2026-01-14T17:16:51.7166537Z [gw1] [ 85%] PASSED tests/test_mem.py::test_mem_sig[OV-V] 
2026-01-14T17:16:51.7636075Z tests/test_mem.py::test_mem_sig[OV-Is-pkc] 
2026-01-14T17:16:51.7640392Z [gw1] [ 85%] PASSED tests/test_mem.py::test_mem_sig[OV-Is-pkc] 
2026-01-14T17:16:51.8053494Z tests/test_mem.py::test_mem_sig[OV-Ip-pkc] 
2026-01-14T17:16:51.8056435Z [gw1] [ 85%] PASSED tests/test_mem.py::test_mem_sig[OV-Ip-pkc] 
2026-01-14T17:16:51.8918986Z tests/test_mem.py::test_mem_sig[OV-III-pkc] 
2026-01-14T17:16:51.8922568Z [gw1] [ 85%] PASSED tests/test_mem.py::test_mem_sig[OV-III-pkc] 
2026-01-14T17:16:52.0559472Z tests/test_mem.py::test_mem_sig[OV-V-pkc] 
2026-01-14T17:16:52.0560757Z [gw1] [ 85%] PASSED tests/test_mem.py::test_mem_sig[OV-V-pkc] 
2026-01-14T17:16:52.1083472Z tests/test_mem.py::test_mem_sig[OV-Is-pkc-skc] 
2026-01-14T17:16:52.1087392Z [gw1] [ 85%] PASSED tests/test_mem.py::test_mem_sig[OV-Is-pkc-skc] 
2026-01-14T17:16:52.1550931Z tests/test_mem.py::test_mem_sig[OV-Ip-pkc-skc] 
2026-01-14T17:16:52.1554152Z [gw1] [ 85%] PASSED tests/test_mem.py::test_mem_sig[OV-Ip-pkc-skc] 
2026-01-14T17:16:52.2673396Z tests/test_mem.py::test_mem_sig[OV-III-pkc-skc] 
2026-01-14T17:16:52.2677786Z [gw1] [ 85%] PASSED tests/test_mem.py::test_mem_sig[OV-III-pkc-skc] 
2026-01-14T17:16:52.4922047Z tests/test_mem.py::test_mem_sig[OV-V-pkc-skc] 
2026-01-14T17:16:52.4926558Z [gw1] [ 85%] PASSED tests/test_mem.py::test_mem_sig[OV-V-pkc-skc] 
2026-01-14T17:16:52.5408898Z tests/test_mem.py::test_mem_sig[SNOVA_24_5_4] 
2026-01-14T17:16:52.5412240Z [gw1] [ 85%] PASSED tests/test_mem.py::test_mem_sig[SNOVA_24_5_4] 
2026-01-14T17:16:52.5922785Z tests/test_mem.py::test_mem_sig[SNOVA_24_5_4_SHAKE] 
2026-01-14T17:16:52.5927320Z [gw1] [ 85%] PASSED tests/test_mem.py::test_mem_sig[SNOVA_24_5_4_SHAKE] 
2026-01-14T17:16:52.6391685Z tests/test_mem.py::test_mem_sig[SNOVA_24_5_4_esk] 
2026-01-14T17:16:52.6396914Z [gw1] [ 85%] PASSED tests/test_mem.py::test_mem_sig[SNOVA_24_5_4_esk] 
2026-01-14T17:16:52.6861062Z tests/test_mem.py::test_mem_sig[SNOVA_24_5_4_SHAKE_esk] 
2026-01-14T17:16:52.6865630Z [gw1] [ 85%] PASSED tests/test_mem.py::test_mem_sig[SNOVA_24_5_4_SHAKE_esk] 
2026-01-14T17:16:52.7363406Z tests/test_mem.py::test_mem_sig[SNOVA_37_17_2] 
2026-01-14T17:16:52.7368327Z [gw1] [ 85%] PASSED tests/test_mem.py::test_mem_sig[SNOVA_37_17_2] 
2026-01-14T17:16:52.7796268Z tests/test_mem.py::test_mem_sig[SNOVA_25_8_3] 
2026-01-14T17:16:52.7801350Z [gw1] [ 85%] PASSED tests/test_mem.py::test_mem_sig[SNOVA_25_8_3] 
2026-01-14T17:16:52.8694182Z tests/test_mem.py::test_mem_sig[SNOVA_56_25_2] 
2026-01-14T17:16:52.8698794Z [gw1] [ 85%] PASSED tests/test_mem.py::test_mem_sig[SNOVA_56_25_2] 
2026-01-14T17:16:52.9461173Z tests/test_mem.py::test_mem_sig[SNOVA_49_11_3] 
2026-01-14T17:16:52.9466553Z [gw1] [ 85%] PASSED tests/test_mem.py::test_mem_sig[SNOVA_49_11_3] 
2026-01-14T17:16:53.0231066Z tests/test_mem.py::test_mem_sig[SNOVA_37_8_4] 
2026-01-14T17:16:53.0233151Z [gw1] [ 85%] PASSED tests/test_mem.py::test_mem_sig[SNOVA_37_8_4] 
2026-01-14T17:16:53.0905810Z tests/test_mem.py::test_mem_sig[SNOVA_24_5_5] 
2026-01-14T17:16:53.0910034Z [gw1] [ 85%] PASSED tests/test_mem.py::test_mem_sig[SNOVA_24_5_5] 
2026-01-14T17:16:53.2416850Z tests/test_mem.py::test_mem_sig[SNOVA_60_10_4] 
2026-01-14T17:16:53.2420655Z [gw1] [ 85%] PASSED tests/test_mem.py::test_mem_sig[SNOVA_60_10_4] 
2026-01-14T17:16:53.3272180Z tests/test_mem.py::test_mem_sig[SNOVA_29_6_5] 
2026-01-14T17:16:53.3273966Z [gw1] [ 85%] PASSED tests/test_mem.py::test_mem_sig[SNOVA_29_6_5] 
2026-01-14T17:16:53.3285991Z tests/test_mem.py::test_mem_sig[SLH_DSA_PURE_SHA2_128S] 
2026-01-14T17:16:53.3299990Z [gw1] [ 85%] SKIPPED tests/test_mem.py::test_mem_sig[SLH_DSA_PURE_SHA2_128S] 
2026-01-14T17:16:53.3307472Z tests/test_mem.py::test_mem_sig[SLH_DSA_PURE_SHA2_128F] 
2026-01-14T17:16:53.3310698Z [gw1] [ 85%] SKIPPED tests/test_mem.py::test_mem_sig[SLH_DSA_PURE_SHA2_128F] 
2026-01-14T17:16:53.3323388Z tests/test_mem.py::test_mem_sig[SLH_DSA_PURE_SHA2_192S] 
2026-01-14T17:16:53.3329527Z [gw1] [ 85%] SKIPPED tests/test_mem.py::test_mem_sig[SLH_DSA_PURE_SHA2_192S] 
2026-01-14T17:16:53.3341001Z tests/test_mem.py::test_mem_sig[SLH_DSA_PURE_SHA2_192F] 
2026-01-14T17:16:53.3347035Z [gw1] [ 86%] SKIPPED tests/test_mem.py::test_mem_sig[SLH_DSA_PURE_SHA2_192F] 
2026-01-14T17:16:53.3357486Z tests/test_mem.py::test_mem_sig[SLH_DSA_PURE_SHA2_256S] 
2026-01-14T17:16:53.3362786Z [gw1] [ 86%] SKIPPED tests/test_mem.py::test_mem_sig[SLH_DSA_PURE_SHA2_256S] 
2026-01-14T17:16:53.3375152Z tests/test_mem.py::test_mem_sig[SLH_DSA_PURE_SHA2_256F] 
2026-01-14T17:16:53.3382564Z [gw1] [ 86%] SKIPPED tests/test_mem.py::test_mem_sig[SLH_DSA_PURE_SHA2_256F] 
2026-01-14T17:16:53.3393887Z tests/test_mem.py::test_mem_sig[SLH_DSA_PURE_SHAKE_128S] 
2026-01-14T17:16:53.3398788Z [gw1] [ 86%] SKIPPED tests/test_mem.py::test_mem_sig[SLH_DSA_PURE_SHAKE_128S] 
2026-01-14T17:16:53.3410447Z tests/test_mem.py::test_mem_sig[SLH_DSA_PURE_SHAKE_128F] 
2026-01-14T17:16:53.3416700Z [gw1] [ 86%] SKIPPED tests/test_mem.py::test_mem_sig[SLH_DSA_PURE_SHAKE_128F] 
2026-01-14T17:16:53.3428480Z tests/test_mem.py::test_mem_sig[SLH_DSA_PURE_SHAKE_192S] 
2026-01-14T17:16:53.3434373Z [gw1] [ 86%] SKIPPED tests/test_mem.py::test_mem_sig[SLH_DSA_PURE_SHAKE_192S] 
2026-01-14T17:16:53.3446027Z tests/test_mem.py::test_mem_sig[SLH_DSA_PURE_SHAKE_192F] 
2026-01-14T17:16:53.3450828Z [gw1] [ 86%] SKIPPED tests/test_mem.py::test_mem_sig[SLH_DSA_PURE_SHAKE_192F] 
2026-01-14T17:16:53.3462792Z tests/test_mem.py::test_mem_sig[SLH_DSA_PURE_SHAKE_256S] 
2026-01-14T17:16:53.3468244Z [gw1] [ 86%] SKIPPED tests/test_mem.py::test_mem_sig[SLH_DSA_PURE_SHAKE_256S] 
2026-01-14T17:16:53.3480141Z tests/test_mem.py::test_mem_sig[SLH_DSA_PURE_SHAKE_256F] 
2026-01-14T17:16:53.3485310Z [gw1] [ 86%] SKIPPED tests/test_mem.py::test_mem_sig[SLH_DSA_PURE_SHAKE_256F] 
2026-01-14T17:16:53.3496834Z tests/test_mem.py::test_mem_sig[SLH_DSA_SHA2_224_PREHASH_SHA2_128S] 
2026-01-14T17:16:53.3502388Z [gw1] [ 86%] SKIPPED tests/test_mem.py::test_mem_sig[SLH_DSA_SHA2_224_PREHASH_SHA2_128S] 
2026-01-14T17:16:53.3514709Z tests/test_mem.py::test_mem_sig[SLH_DSA_SHA2_224_PREHASH_SHA2_128F] 
2026-01-14T17:16:53.3520830Z [gw1] [ 86%] SKIPPED tests/test_mem.py::test_mem_sig[SLH_DSA_SHA2_224_PREHASH_SHA2_128F] 
2026-01-14T17:16:53.3532151Z tests/test_mem.py::test_mem_sig[SLH_DSA_SHA2_224_PREHASH_SHA2_192S] 
2026-01-14T17:16:53.3540114Z [gw1] [ 86%] SKIPPED tests/test_mem.py::test_mem_sig[SLH_DSA_SHA2_224_PREHASH_SHA2_192S] 
2026-01-14T17:16:53.3550141Z tests/test_mem.py::test_mem_sig[SLH_DSA_SHA2_224_PREHASH_SHA2_192F] 
2026-01-14T17:16:53.3555711Z [gw1] [ 86%] SKIPPED tests/test_mem.py::test_mem_sig[SLH_DSA_SHA2_224_PREHASH_SHA2_192F] 
2026-01-14T17:16:53.3567422Z tests/test_mem.py::test_mem_sig[SLH_DSA_SHA2_224_PREHASH_SHA2_256S] 
2026-01-14T17:16:53.3572587Z [gw1] [ 86%] SKIPPED tests/test_mem.py::test_mem_sig[SLH_DSA_SHA2_224_PREHASH_SHA2_256S] 
2026-01-14T17:16:53.3584412Z tests/test_mem.py::test_mem_sig[SLH_DSA_SHA2_224_PREHASH_SHA2_256F] 
2026-01-14T17:16:53.3589695Z [gw1] [ 86%] SKIPPED tests/test_mem.py::test_mem_sig[SLH_DSA_SHA2_224_PREHASH_SHA2_256F] 
2026-01-14T17:16:53.3601431Z tests/test_mem.py::test_mem_sig[SLH_DSA_SHA2_224_PREHASH_SHAKE_128S] 
2026-01-14T17:16:53.3607101Z [gw1] [ 86%] SKIPPED tests/test_mem.py::test_mem_sig[SLH_DSA_SHA2_224_PREHASH_SHAKE_128S] 
2026-01-14T17:16:53.3618746Z tests/test_mem.py::test_mem_sig[SLH_DSA_SHA2_224_PREHASH_SHAKE_128F] 
2026-01-14T17:16:53.3624452Z [gw1] [ 86%] SKIPPED tests/test_mem.py::test_mem_sig[SLH_DSA_SHA2_224_PREHASH_SHAKE_128F] 
2026-01-14T17:16:53.3637700Z tests/test_mem.py::test_mem_sig[SLH_DSA_SHA2_224_PREHASH_SHAKE_192S] 
2026-01-14T17:16:53.3650205Z [gw1] [ 86%] SKIPPED tests/test_mem.py::test_mem_sig[SLH_DSA_SHA2_224_PREHASH_SHAKE_192S] 
2026-01-14T17:16:53.3657627Z tests/test_mem.py::test_mem_sig[SLH_DSA_SHA2_224_PREHASH_SHAKE_192F] 
2026-01-14T17:16:53.3662911Z [gw1] [ 86%] SKIPPED tests/test_mem.py::test_mem_sig[SLH_DSA_SHA2_224_PREHASH_SHAKE_192F] 
2026-01-14T17:16:53.3685156Z tests/test_mem.py::test_mem_sig[SLH_DSA_SHA2_224_PREHASH_SHAKE_256S] 
2026-01-14T17:16:53.3685996Z [gw1] [ 86%] SKIPPED tests/test_mem.py::test_mem_sig[SLH_DSA_SHA2_224_PREHASH_SHAKE_256S] 
2026-01-14T17:16:53.3694054Z tests/test_mem.py::test_mem_sig[SLH_DSA_SHA2_224_PREHASH_SHAKE_256F] 
2026-01-14T17:16:53.3700901Z [gw1] [ 86%] SKIPPED tests/test_mem.py::test_mem_sig[SLH_DSA_SHA2_224_PREHASH_SHAKE_256F] 
2026-01-14T17:16:53.3715633Z tests/test_mem.py::test_mem_sig[SLH_DSA_SHA2_256_PREHASH_SHA2_128S] 
2026-01-14T17:16:53.3720807Z [gw1] [ 86%] SKIPPED tests/test_mem.py::test_mem_sig[SLH_DSA_SHA2_256_PREHASH_SHA2_128S] 
2026-01-14T17:16:53.3732588Z tests/test_mem.py::test_mem_sig[SLH_DSA_SHA2_256_PREHASH_SHA2_128F] 
2026-01-14T17:16:53.3738168Z [gw1] [ 86%] SKIPPED tests/test_mem.py::test_mem_sig[SLH_DSA_SHA2_256_PREHASH_SHA2_128F] 
2026-01-14T17:16:53.3749463Z tests/test_mem.py::test_mem_sig[SLH_DSA_SHA2_256_PREHASH_SHA2_192S] 
2026-01-14T17:16:53.3754376Z [gw1] [ 86%] SKIPPED tests/test_mem.py::test_mem_sig[SLH_DSA_SHA2_256_PREHASH_SHA2_192S] 
2026-01-14T17:16:53.3766852Z tests/test_mem.py::test_mem_sig[SLH_DSA_SHA2_256_PREHASH_SHA2_192F] 
2026-01-14T17:16:53.3771304Z [gw1] [ 86%] SKIPPED tests/test_mem.py::test_mem_sig[SLH_DSA_SHA2_256_PREHASH_SHA2_192F] 
2026-01-14T17:16:53.3783704Z tests/test_mem.py::test_mem_sig[SLH_DSA_SHA2_256_PREHASH_SHA2_256S] 
2026-01-14T17:16:53.3788241Z [gw1] [ 86%] SKIPPED tests/test_mem.py::test_mem_sig[SLH_DSA_SHA2_256_PREHASH_SHA2_256S] 
2026-01-14T17:16:53.3800418Z tests/test_mem.py::test_mem_sig[SLH_DSA_SHA2_256_PREHASH_SHA2_256F] 
2026-01-14T17:16:53.3804258Z [gw1] [ 86%] SKIPPED tests/test_mem.py::test_mem_sig[SLH_DSA_SHA2_256_PREHASH_SHA2_256F] 
2026-01-14T17:16:53.3816263Z tests/test_mem.py::test_mem_sig[SLH_DSA_SHA2_256_PREHASH_SHAKE_128S] 
2026-01-14T17:16:53.3820608Z [gw1] [ 86%] SKIPPED tests/test_mem.py::test_mem_sig[SLH_DSA_SHA2_256_PREHASH_SHAKE_128S] 
2026-01-14T17:16:53.3832632Z tests/test_mem.py::test_mem_sig[SLH_DSA_SHA2_256_PREHASH_SHAKE_128F] 
2026-01-14T17:16:53.3836477Z [gw1] [ 86%] SKIPPED tests/test_mem.py::test_mem_sig[SLH_DSA_SHA2_256_PREHASH_SHAKE_128F] 
2026-01-14T17:16:53.3847975Z tests/test_mem.py::test_mem_sig[SLH_DSA_SHA2_256_PREHASH_SHAKE_192S] 
2026-01-14T17:16:53.3853813Z [gw1] [ 86%] SKIPPED tests/test_mem.py::test_mem_sig[SLH_DSA_SHA2_256_PREHASH_SHAKE_192S] 
2026-01-14T17:16:53.3866196Z tests/test_mem.py::test_mem_sig[SLH_DSA_SHA2_256_PREHASH_SHAKE_192F] 
2026-01-14T17:16:53.3870639Z [gw1] [ 86%] SKIPPED tests/test_mem.py::test_mem_sig[SLH_DSA_SHA2_256_PREHASH_SHAKE_192F] 
2026-01-14T17:16:53.3883761Z tests/test_mem.py::test_mem_sig[SLH_DSA_SHA2_256_PREHASH_SHAKE_256S] 
2026-01-14T17:16:53.3889301Z [gw1] [ 87%] SKIPPED tests/test_mem.py::test_mem_sig[SLH_DSA_SHA2_256_PREHASH_SHAKE_256S] 
2026-01-14T17:16:53.3901410Z tests/test_mem.py::test_mem_sig[SLH_DSA_SHA2_256_PREHASH_SHAKE_256F] 
2026-01-14T17:16:53.3907873Z [gw1] [ 87%] SKIPPED tests/test_mem.py::test_mem_sig[SLH_DSA_SHA2_256_PREHASH_SHAKE_256F] 
2026-01-14T17:16:53.3919376Z tests/test_mem.py::test_mem_sig[SLH_DSA_SHA2_384_PREHASH_SHA2_128S] 
2026-01-14T17:16:53.3923454Z [gw1] [ 87%] SKIPPED tests/test_mem.py::test_mem_sig[SLH_DSA_SHA2_384_PREHASH_SHA2_128S] 
2026-01-14T17:16:53.3935229Z tests/test_mem.py::test_mem_sig[SLH_DSA_SHA2_384_PREHASH_SHA2_128F] 
2026-01-14T17:16:53.3940570Z [gw1] [ 87%] SKIPPED tests/test_mem.py::test_mem_sig[SLH_DSA_SHA2_384_PREHASH_SHA2_128F] 
2026-01-14T17:16:53.3952005Z tests/test_mem.py::test_mem_sig[SLH_DSA_SHA2_384_PREHASH_SHA2_192S] 
2026-01-14T17:16:53.3957402Z [gw1] [ 87%] SKIPPED tests/test_mem.py::test_mem_sig[SLH_DSA_SHA2_384_PREHASH_SHA2_192S] 
2026-01-14T17:16:53.3968276Z tests/test_mem.py::test_mem_sig[SLH_DSA_SHA2_384_PREHASH_SHA2_192F] 
2026-01-14T17:16:53.3972874Z [gw1] [ 87%] SKIPPED tests/test_mem.py::test_mem_sig[SLH_DSA_SHA2_384_PREHASH_SHA2_192F] 
2026-01-14T17:16:53.3984232Z tests/test_mem.py::test_mem_sig[SLH_DSA_SHA2_384_PREHASH_SHA2_256S] 
2026-01-14T17:16:53.3988865Z [gw1] [ 87%] SKIPPED tests/test_mem.py::test_mem_sig[SLH_DSA_SHA2_384_PREHASH_SHA2_256S] 
2026-01-14T17:16:53.4001757Z tests/test_mem.py::test_mem_sig[SLH_DSA_SHA2_384_PREHASH_SHA2_256F] 
2026-01-14T17:16:53.4006562Z [gw1] [ 87%] SKIPPED tests/test_mem.py::test_mem_sig[SLH_DSA_SHA2_384_PREHASH_SHA2_256F] 
2026-01-14T17:16:53.4018761Z tests/test_mem.py::test_mem_sig[SLH_DSA_SHA2_384_PREHASH_SHAKE_128S] 
2026-01-14T17:16:53.4022608Z [gw1] [ 87%] SKIPPED tests/test_mem.py::test_mem_sig[SLH_DSA_SHA2_384_PREHASH_SHAKE_128S] 
2026-01-14T17:16:53.4034131Z tests/test_mem.py::test_mem_sig[SLH_DSA_SHA2_384_PREHASH_SHAKE_128F] 
2026-01-14T17:16:53.4038410Z [gw1] [ 87%] SKIPPED tests/test_mem.py::test_mem_sig[SLH_DSA_SHA2_384_PREHASH_SHAKE_128F] 
2026-01-14T17:16:53.4050294Z tests/test_mem.py::test_mem_sig[SLH_DSA_SHA2_384_PREHASH_SHAKE_192S] 
2026-01-14T17:16:53.4055163Z [gw1] [ 87%] SKIPPED tests/test_mem.py::test_mem_sig[SLH_DSA_SHA2_384_PREHASH_SHAKE_192S] 
2026-01-14T17:16:53.4066444Z tests/test_mem.py::test_mem_sig[SLH_DSA_SHA2_384_PREHASH_SHAKE_192F] 
2026-01-14T17:16:53.4070421Z [gw1] [ 87%] SKIPPED tests/test_mem.py::test_mem_sig[SLH_DSA_SHA2_384_PREHASH_SHAKE_192F] 
2026-01-14T17:16:53.4082922Z tests/test_mem.py::test_mem_sig[SLH_DSA_SHA2_384_PREHASH_SHAKE_256S] 
2026-01-14T17:16:53.4088205Z [gw1] [ 87%] SKIPPED tests/test_mem.py::test_mem_sig[SLH_DSA_SHA2_384_PREHASH_SHAKE_256S] 
2026-01-14T17:16:53.4098822Z tests/test_mem.py::test_mem_sig[SLH_DSA_SHA2_384_PREHASH_SHAKE_256F] 
2026-01-14T17:16:53.4104604Z [gw1] [ 87%] SKIPPED tests/test_mem.py::test_mem_sig[SLH_DSA_SHA2_384_PREHASH_SHAKE_256F] 
2026-01-14T17:16:53.4117358Z tests/test_mem.py::test_mem_sig[SLH_DSA_SHA2_512_PREHASH_SHA2_128S] 
2026-01-14T17:16:53.4122170Z [gw1] [ 87%] SKIPPED tests/test_mem.py::test_mem_sig[SLH_DSA_SHA2_512_PREHASH_SHA2_128S] 
2026-01-14T17:16:53.4134265Z tests/test_mem.py::test_mem_sig[SLH_DSA_SHA2_512_PREHASH_SHA2_128F] 
2026-01-14T17:16:53.4139160Z [gw1] [ 87%] SKIPPED tests/test_mem.py::test_mem_sig[SLH_DSA_SHA2_512_PREHASH_SHA2_128F] 
2026-01-14T17:16:53.4150696Z tests/test_mem.py::test_mem_sig[SLH_DSA_SHA2_512_PREHASH_SHA2_192S] 
2026-01-14T17:16:53.4155565Z [gw1] [ 87%] SKIPPED tests/test_mem.py::test_mem_sig[SLH_DSA_SHA2_512_PREHASH_SHA2_192S] 
2026-01-14T17:16:53.4166757Z tests/test_mem.py::test_mem_sig[SLH_DSA_SHA2_512_PREHASH_SHA2_192F] 
2026-01-14T17:16:53.4172574Z [gw1] [ 87%] SKIPPED tests/test_mem.py::test_mem_sig[SLH_DSA_SHA2_512_PREHASH_SHA2_192F] 
2026-01-14T17:16:53.4183332Z tests/test_mem.py::test_mem_sig[SLH_DSA_SHA2_512_PREHASH_SHA2_256S] 
2026-01-14T17:16:53.4187776Z [gw1] [ 87%] SKIPPED tests/test_mem.py::test_mem_sig[SLH_DSA_SHA2_512_PREHASH_SHA2_256S] 
2026-01-14T17:16:53.4198695Z tests/test_mem.py::test_mem_sig[SLH_DSA_SHA2_512_PREHASH_SHA2_256F] 
2026-01-14T17:16:53.4205293Z [gw1] [ 87%] SKIPPED tests/test_mem.py::test_mem_sig[SLH_DSA_SHA2_512_PREHASH_SHA2_256F] 
2026-01-14T17:16:53.4214267Z tests/test_mem.py::test_mem_sig[SLH_DSA_SHA2_512_PREHASH_SHAKE_128S] 
2026-01-14T17:16:53.4221001Z [gw1] [ 87%] SKIPPED tests/test_mem.py::test_mem_sig[SLH_DSA_SHA2_512_PREHASH_SHAKE_128S] 
2026-01-14T17:16:53.4231057Z tests/test_mem.py::test_mem_sig[SLH_DSA_SHA2_512_PREHASH_SHAKE_128F] 
2026-01-14T17:16:53.4237469Z [gw1] [ 87%] SKIPPED tests/test_mem.py::test_mem_sig[SLH_DSA_SHA2_512_PREHASH_SHAKE_128F] 
2026-01-14T17:16:53.4247377Z tests/test_mem.py::test_mem_sig[SLH_DSA_SHA2_512_PREHASH_SHAKE_192S] 
2026-01-14T17:16:53.4253126Z [gw1] [ 87%] SKIPPED tests/test_mem.py::test_mem_sig[SLH_DSA_SHA2_512_PREHASH_SHAKE_192S] 
2026-01-14T17:16:53.4264107Z tests/test_mem.py::test_mem_sig[SLH_DSA_SHA2_512_PREHASH_SHAKE_192F] 
2026-01-14T17:16:53.4270349Z [gw1] [ 87%] SKIPPED tests/test_mem.py::test_mem_sig[SLH_DSA_SHA2_512_PREHASH_SHAKE_192F] 
2026-01-14T17:16:53.4281144Z tests/test_mem.py::test_mem_sig[SLH_DSA_SHA2_512_PREHASH_SHAKE_256S] 
2026-01-14T17:16:53.4287154Z [gw1] [ 87%] SKIPPED tests/test_mem.py::test_mem_sig[SLH_DSA_SHA2_512_PREHASH_SHAKE_256S] 
2026-01-14T17:16:53.4297979Z tests/test_mem.py::test_mem_sig[SLH_DSA_SHA2_512_PREHASH_SHAKE_256F] 
2026-01-14T17:16:53.4303373Z [gw1] [ 87%] SKIPPED tests/test_mem.py::test_mem_sig[SLH_DSA_SHA2_512_PREHASH_SHAKE_256F] 
2026-01-14T17:16:53.4314572Z tests/test_mem.py::test_mem_sig[SLH_DSA_SHA2_512_224_PREHASH_SHA2_128S] 
2026-01-14T17:16:53.4319908Z [gw1] [ 87%] SKIPPED tests/test_mem.py::test_mem_sig[SLH_DSA_SHA2_512_224_PREHASH_SHA2_128S] 
2026-01-14T17:16:53.4331667Z tests/test_mem.py::test_mem_sig[SLH_DSA_SHA2_512_224_PREHASH_SHA2_128F] 
2026-01-14T17:16:53.4337074Z [gw1] [ 87%] SKIPPED tests/test_mem.py::test_mem_sig[SLH_DSA_SHA2_512_224_PREHASH_SHA2_128F] 
2026-01-14T17:16:53.4350005Z tests/test_mem.py::test_mem_sig[SLH_DSA_SHA2_512_224_PREHASH_SHA2_192S] 
2026-01-14T17:16:53.4354343Z [gw1] [ 87%] SKIPPED tests/test_mem.py::test_mem_sig[SLH_DSA_SHA2_512_224_PREHASH_SHA2_192S] 
2026-01-14T17:16:53.4367148Z tests/test_mem.py::test_mem_sig[SLH_DSA_SHA2_512_224_PREHASH_SHA2_192F] 
2026-01-14T17:16:53.4372168Z [gw1] [ 87%] SKIPPED tests/test_mem.py::test_mem_sig[SLH_DSA_SHA2_512_224_PREHASH_SHA2_192F] 
2026-01-14T17:16:53.4385570Z tests/test_mem.py::test_mem_sig[SLH_DSA_SHA2_512_224_PREHASH_SHA2_256S] 
2026-01-14T17:16:53.4390359Z [gw1] [ 87%] SKIPPED tests/test_mem.py::test_mem_sig[SLH_DSA_SHA2_512_224_PREHASH_SHA2_256S] 
2026-01-14T17:16:53.4400971Z tests/test_mem.py::test_mem_sig[SLH_DSA_SHA2_512_224_PREHASH_SHA2_256F] 
2026-01-14T17:16:53.4405490Z [gw1] [ 88%] SKIPPED tests/test_mem.py::test_mem_sig[SLH_DSA_SHA2_512_224_PREHASH_SHA2_256F] 
2026-01-14T17:16:53.4417167Z tests/test_mem.py::test_mem_sig[SLH_DSA_SHA2_512_224_PREHASH_SHAKE_128S] 
2026-01-14T17:16:53.4423035Z [gw1] [ 88%] SKIPPED tests/test_mem.py::test_mem_sig[SLH_DSA_SHA2_512_224_PREHASH_SHAKE_128S] 
2026-01-14T17:16:53.4435600Z tests/test_mem.py::test_mem_sig[SLH_DSA_SHA2_512_224_PREHASH_SHAKE_128F] 
2026-01-14T17:16:53.4438751Z [gw1] [ 88%] SKIPPED tests/test_mem.py::test_mem_sig[SLH_DSA_SHA2_512_224_PREHASH_SHAKE_128F] 
2026-01-14T17:16:53.4450609Z tests/test_mem.py::test_mem_sig[SLH_DSA_SHA2_512_224_PREHASH_SHAKE_192S] 
2026-01-14T17:16:53.4455385Z [gw1] [ 88%] SKIPPED tests/test_mem.py::test_mem_sig[SLH_DSA_SHA2_512_224_PREHASH_SHAKE_192S] 
2026-01-14T17:16:53.4473714Z tests/test_mem.py::test_mem_sig[SLH_DSA_SHA2_512_224_PREHASH_SHAKE_192F] 
2026-01-14T17:16:53.4478355Z [gw1] [ 88%] SKIPPED tests/test_mem.py::test_mem_sig[SLH_DSA_SHA2_512_224_PREHASH_SHAKE_192F] 
2026-01-14T17:16:53.4491109Z tests/test_mem.py::test_mem_sig[SLH_DSA_SHA2_512_224_PREHASH_SHAKE_256S] 
2026-01-14T17:16:53.4495738Z [gw1] [ 88%] SKIPPED tests/test_mem.py::test_mem_sig[SLH_DSA_SHA2_512_224_PREHASH_SHAKE_256S] 
2026-01-14T17:16:53.4507302Z tests/test_mem.py::test_mem_sig[SLH_DSA_SHA2_512_224_PREHASH_SHAKE_256F] 
2026-01-14T17:16:53.4511551Z [gw1] [ 88%] SKIPPED tests/test_mem.py::test_mem_sig[SLH_DSA_SHA2_512_224_PREHASH_SHAKE_256F] 
2026-01-14T17:16:53.4523825Z tests/test_mem.py::test_mem_sig[SLH_DSA_SHA2_512_256_PREHASH_SHA2_128S] 
2026-01-14T17:16:53.4529286Z [gw1] [ 88%] SKIPPED tests/test_mem.py::test_mem_sig[SLH_DSA_SHA2_512_256_PREHASH_SHA2_128S] 
2026-01-14T17:16:53.4540736Z tests/test_mem.py::test_mem_sig[SLH_DSA_SHA2_512_256_PREHASH_SHA2_128F] 
2026-01-14T17:16:53.4545638Z [gw1] [ 88%] SKIPPED tests/test_mem.py::test_mem_sig[SLH_DSA_SHA2_512_256_PREHASH_SHA2_128F] 
2026-01-14T17:16:53.4558218Z tests/test_mem.py::test_mem_sig[SLH_DSA_SHA2_512_256_PREHASH_SHA2_192S] 
2026-01-14T17:16:53.4563072Z [gw1] [ 88%] SKIPPED tests/test_mem.py::test_mem_sig[SLH_DSA_SHA2_512_256_PREHASH_SHA2_192S] 
2026-01-14T17:16:53.4575123Z tests/test_mem.py::test_mem_sig[SLH_DSA_SHA2_512_256_PREHASH_SHA2_192F] 
2026-01-14T17:16:53.4580187Z [gw1] [ 88%] SKIPPED tests/test_mem.py::test_mem_sig[SLH_DSA_SHA2_512_256_PREHASH_SHA2_192F] 
2026-01-14T17:16:53.4591526Z tests/test_mem.py::test_mem_sig[SLH_DSA_SHA2_512_256_PREHASH_SHA2_256S] 
2026-01-14T17:16:53.4596466Z [gw1] [ 88%] SKIPPED tests/test_mem.py::test_mem_sig[SLH_DSA_SHA2_512_256_PREHASH_SHA2_256S] 
2026-01-14T17:16:53.4609165Z tests/test_mem.py::test_mem_sig[SLH_DSA_SHA2_512_256_PREHASH_SHA2_256F] 
2026-01-14T17:16:53.4614051Z [gw1] [ 88%] SKIPPED tests/test_mem.py::test_mem_sig[SLH_DSA_SHA2_512_256_PREHASH_SHA2_256F] 
2026-01-14T17:16:53.4625573Z tests/test_mem.py::test_mem_sig[SLH_DSA_SHA2_512_256_PREHASH_SHAKE_128S] 
2026-01-14T17:16:53.4631037Z [gw1] [ 88%] SKIPPED tests/test_mem.py::test_mem_sig[SLH_DSA_SHA2_512_256_PREHASH_SHAKE_128S] 
2026-01-14T17:16:53.4642691Z tests/test_mem.py::test_mem_sig[SLH_DSA_SHA2_512_256_PREHASH_SHAKE_128F] 
2026-01-14T17:16:53.4647967Z [gw1] [ 88%] SKIPPED tests/test_mem.py::test_mem_sig[SLH_DSA_SHA2_512_256_PREHASH_SHAKE_128F] 
2026-01-14T17:16:53.4658934Z tests/test_mem.py::test_mem_sig[SLH_DSA_SHA2_512_256_PREHASH_SHAKE_192S] 
2026-01-14T17:16:53.4663997Z [gw1] [ 88%] SKIPPED tests/test_mem.py::test_mem_sig[SLH_DSA_SHA2_512_256_PREHASH_SHAKE_192S] 
2026-01-14T17:16:53.4675711Z tests/test_mem.py::test_mem_sig[SLH_DSA_SHA2_512_256_PREHASH_SHAKE_192F] 
2026-01-14T17:16:53.4681175Z [gw1] [ 88%] SKIPPED tests/test_mem.py::test_mem_sig[SLH_DSA_SHA2_512_256_PREHASH_SHAKE_192F] 
2026-01-14T17:16:53.4693395Z tests/test_mem.py::test_mem_sig[SLH_DSA_SHA2_512_256_PREHASH_SHAKE_256S] 
2026-01-14T17:16:53.4699130Z [gw1] [ 88%] SKIPPED tests/test_mem.py::test_mem_sig[SLH_DSA_SHA2_512_256_PREHASH_SHAKE_256S] 
2026-01-14T17:16:53.4710037Z tests/test_mem.py::test_mem_sig[SLH_DSA_SHA2_512_256_PREHASH_SHAKE_256F] 
2026-01-14T17:16:53.4715045Z [gw1] [ 88%] SKIPPED tests/test_mem.py::test_mem_sig[SLH_DSA_SHA2_512_256_PREHASH_SHAKE_256F] 
2026-01-14T17:16:53.4728338Z tests/test_mem.py::test_mem_sig[SLH_DSA_SHA3_224_PREHASH_SHA2_128S] 
2026-01-14T17:16:53.4732925Z [gw1] [ 88%] SKIPPED tests/test_mem.py::test_mem_sig[SLH_DSA_SHA3_224_PREHASH_SHA2_128S] 
2026-01-14T17:16:53.4744492Z tests/test_mem.py::test_mem_sig[SLH_DSA_SHA3_224_PREHASH_SHA2_128F] 
2026-01-14T17:16:53.4749522Z [gw1] [ 88%] SKIPPED tests/test_mem.py::test_mem_sig[SLH_DSA_SHA3_224_PREHASH_SHA2_128F] 
2026-01-14T17:16:53.4761265Z tests/test_mem.py::test_mem_sig[SLH_DSA_SHA3_224_PREHASH_SHA2_192S] 
2026-01-14T17:16:53.4766510Z [gw1] [ 88%] SKIPPED tests/test_mem.py::test_mem_sig[SLH_DSA_SHA3_224_PREHASH_SHA2_192S] 
2026-01-14T17:16:53.4777965Z tests/test_mem.py::test_mem_sig[SLH_DSA_SHA3_224_PREHASH_SHA2_192F] 
2026-01-14T17:16:53.4782722Z [gw1] [ 88%] SKIPPED tests/test_mem.py::test_mem_sig[SLH_DSA_SHA3_224_PREHASH_SHA2_192F] 
2026-01-14T17:16:53.4794785Z tests/test_mem.py::test_mem_sig[SLH_DSA_SHA3_224_PREHASH_SHA2_256S] 
2026-01-14T17:16:53.4800726Z [gw1] [ 88%] SKIPPED tests/test_mem.py::test_mem_sig[SLH_DSA_SHA3_224_PREHASH_SHA2_256S] 
2026-01-14T17:16:53.4811873Z tests/test_mem.py::test_mem_sig[SLH_DSA_SHA3_224_PREHASH_SHA2_256F] 
2026-01-14T17:16:53.4816308Z [gw1] [ 88%] SKIPPED tests/test_mem.py::test_mem_sig[SLH_DSA_SHA3_224_PREHASH_SHA2_256F] 
2026-01-14T17:16:53.4827948Z tests/test_mem.py::test_mem_sig[SLH_DSA_SHA3_224_PREHASH_SHAKE_128S] 
2026-01-14T17:16:53.4832726Z [gw1] [ 88%] SKIPPED tests/test_mem.py::test_mem_sig[SLH_DSA_SHA3_224_PREHASH_SHAKE_128S] 
2026-01-14T17:16:53.4846639Z tests/test_mem.py::test_mem_sig[SLH_DSA_SHA3_224_PREHASH_SHAKE_128F] 
2026-01-14T17:16:53.4851857Z [gw1] [ 88%] SKIPPED tests/test_mem.py::test_mem_sig[SLH_DSA_SHA3_224_PREHASH_SHAKE_128F] 
2026-01-14T17:16:53.4863194Z tests/test_mem.py::test_mem_sig[SLH_DSA_SHA3_224_PREHASH_SHAKE_192S] 
2026-01-14T17:16:53.4867944Z [gw1] [ 88%] SKIPPED tests/test_mem.py::test_mem_sig[SLH_DSA_SHA3_224_PREHASH_SHAKE_192S] 
2026-01-14T17:16:53.4880144Z tests/test_mem.py::test_mem_sig[SLH_DSA_SHA3_224_PREHASH_SHAKE_192F] 
2026-01-14T17:16:53.4885108Z [gw1] [ 88%] SKIPPED tests/test_mem.py::test_mem_sig[SLH_DSA_SHA3_224_PREHASH_SHAKE_192F] 
2026-01-14T17:16:53.4896845Z tests/test_mem.py::test_mem_sig[SLH_DSA_SHA3_224_PREHASH_SHAKE_256S] 
2026-01-14T17:16:53.4902519Z [gw1] [ 88%] SKIPPED tests/test_mem.py::test_mem_sig[SLH_DSA_SHA3_224_PREHASH_SHAKE_256S] 
2026-01-14T17:16:53.4913539Z tests/test_mem.py::test_mem_sig[SLH_DSA_SHA3_224_PREHASH_SHAKE_256F] 
2026-01-14T17:16:53.4918286Z [gw1] [ 88%] SKIPPED tests/test_mem.py::test_mem_sig[SLH_DSA_SHA3_224_PREHASH_SHAKE_256F] 
2026-01-14T17:16:53.4930153Z tests/test_mem.py::test_mem_sig[SLH_DSA_SHA3_256_PREHASH_SHA2_128S] 
2026-01-14T17:16:53.4935249Z [gw1] [ 89%] SKIPPED tests/test_mem.py::test_mem_sig[SLH_DSA_SHA3_256_PREHASH_SHA2_128S] 
2026-01-14T17:16:53.4947066Z tests/test_mem.py::test_mem_sig[SLH_DSA_SHA3_256_PREHASH_SHA2_128F] 
2026-01-14T17:16:53.4952348Z [gw1] [ 89%] SKIPPED tests/test_mem.py::test_mem_sig[SLH_DSA_SHA3_256_PREHASH_SHA2_128F] 
2026-01-14T17:16:53.4963972Z tests/test_mem.py::test_mem_sig[SLH_DSA_SHA3_256_PREHASH_SHA2_192S] 
2026-01-14T17:16:53.4969932Z [gw1] [ 89%] SKIPPED tests/test_mem.py::test_mem_sig[SLH_DSA_SHA3_256_PREHASH_SHA2_192S] 
2026-01-14T17:16:53.4982217Z tests/test_mem.py::test_mem_sig[SLH_DSA_SHA3_256_PREHASH_SHA2_192F] 
2026-01-14T17:16:53.4987010Z [gw1] [ 89%] SKIPPED tests/test_mem.py::test_mem_sig[SLH_DSA_SHA3_256_PREHASH_SHA2_192F] 
2026-01-14T17:16:53.4998869Z tests/test_mem.py::test_mem_sig[SLH_DSA_SHA3_256_PREHASH_SHA2_256S] 
2026-01-14T17:16:53.5003691Z [gw1] [ 89%] SKIPPED tests/test_mem.py::test_mem_sig[SLH_DSA_SHA3_256_PREHASH_SHA2_256S] 
2026-01-14T17:16:53.5015492Z tests/test_mem.py::test_mem_sig[SLH_DSA_SHA3_256_PREHASH_SHA2_256F] 
2026-01-14T17:16:53.5020015Z [gw1] [ 89%] SKIPPED tests/test_mem.py::test_mem_sig[SLH_DSA_SHA3_256_PREHASH_SHA2_256F] 
2026-01-14T17:16:53.5031912Z tests/test_mem.py::test_mem_sig[SLH_DSA_SHA3_256_PREHASH_SHAKE_128S] 
2026-01-14T17:16:53.5036871Z [gw1] [ 89%] SKIPPED tests/test_mem.py::test_mem_sig[SLH_DSA_SHA3_256_PREHASH_SHAKE_128S] 
2026-01-14T17:16:53.5048569Z tests/test_mem.py::test_mem_sig[SLH_DSA_SHA3_256_PREHASH_SHAKE_128F] 
2026-01-14T17:16:53.5052928Z [gw1] [ 89%] SKIPPED tests/test_mem.py::test_mem_sig[SLH_DSA_SHA3_256_PREHASH_SHAKE_128F] 
2026-01-14T17:16:53.5065210Z tests/test_mem.py::test_mem_sig[SLH_DSA_SHA3_256_PREHASH_SHAKE_192S] 
2026-01-14T17:16:53.5070468Z [gw1] [ 89%] SKIPPED tests/test_mem.py::test_mem_sig[SLH_DSA_SHA3_256_PREHASH_SHAKE_192S] 
2026-01-14T17:16:53.5082336Z tests/test_mem.py::test_mem_sig[SLH_DSA_SHA3_256_PREHASH_SHAKE_192F] 
2026-01-14T17:16:53.5088416Z [gw1] [ 89%] SKIPPED tests/test_mem.py::test_mem_sig[SLH_DSA_SHA3_256_PREHASH_SHAKE_192F] 
2026-01-14T17:16:53.5101768Z tests/test_mem.py::test_mem_sig[SLH_DSA_SHA3_256_PREHASH_SHAKE_256S] 
2026-01-14T17:16:53.5106326Z [gw1] [ 89%] SKIPPED tests/test_mem.py::test_mem_sig[SLH_DSA_SHA3_256_PREHASH_SHAKE_256S] 
2026-01-14T17:16:53.5119926Z tests/test_mem.py::test_mem_sig[SLH_DSA_SHA3_256_PREHASH_SHAKE_256F] 
2026-01-14T17:16:53.5125947Z [gw1] [ 89%] SKIPPED tests/test_mem.py::test_mem_sig[SLH_DSA_SHA3_256_PREHASH_SHAKE_256F] 
2026-01-14T17:16:53.5137376Z tests/test_mem.py::test_mem_sig[SLH_DSA_SHA3_384_PREHASH_SHA2_128S] 
2026-01-14T17:16:53.5143290Z [gw1] [ 89%] SKIPPED tests/test_mem.py::test_mem_sig[SLH_DSA_SHA3_384_PREHASH_SHA2_128S] 
2026-01-14T17:16:53.5156552Z tests/test_mem.py::test_mem_sig[SLH_DSA_SHA3_384_PREHASH_SHA2_128F] 
2026-01-14T17:16:53.5162990Z [gw1] [ 89%] SKIPPED tests/test_mem.py::test_mem_sig[SLH_DSA_SHA3_384_PREHASH_SHA2_128F] 
2026-01-14T17:16:53.5173822Z tests/test_mem.py::test_mem_sig[SLH_DSA_SHA3_384_PREHASH_SHA2_192S] 
2026-01-14T17:16:53.5180398Z [gw1] [ 89%] SKIPPED tests/test_mem.py::test_mem_sig[SLH_DSA_SHA3_384_PREHASH_SHA2_192S] 
2026-01-14T17:16:53.5192083Z tests/test_mem.py::test_mem_sig[SLH_DSA_SHA3_384_PREHASH_SHA2_192F] 
2026-01-14T17:16:53.5200025Z [gw1] [ 89%] SKIPPED tests/test_mem.py::test_mem_sig[SLH_DSA_SHA3_384_PREHASH_SHA2_192F] 
2026-01-14T17:16:53.5210385Z tests/test_mem.py::test_mem_sig[SLH_DSA_SHA3_384_PREHASH_SHA2_256S] 
2026-01-14T17:16:53.5217028Z [gw1] [ 89%] SKIPPED tests/test_mem.py::test_mem_sig[SLH_DSA_SHA3_384_PREHASH_SHA2_256S] 
2026-01-14T17:16:53.5231311Z tests/test_mem.py::test_mem_sig[SLH_DSA_SHA3_384_PREHASH_SHA2_256F] 
2026-01-14T17:16:53.5236055Z [gw1] [ 89%] SKIPPED tests/test_mem.py::test_mem_sig[SLH_DSA_SHA3_384_PREHASH_SHA2_256F] 
2026-01-14T17:16:53.5246986Z tests/test_mem.py::test_mem_sig[SLH_DSA_SHA3_384_PREHASH_SHAKE_128S] 
2026-01-14T17:16:53.5251756Z [gw1] [ 89%] SKIPPED tests/test_mem.py::test_mem_sig[SLH_DSA_SHA3_384_PREHASH_SHAKE_128S] 
2026-01-14T17:16:53.5264302Z tests/test_mem.py::test_mem_sig[SLH_DSA_SHA3_384_PREHASH_SHAKE_128F] 
2026-01-14T17:16:53.5270146Z [gw1] [ 89%] SKIPPED tests/test_mem.py::test_mem_sig[SLH_DSA_SHA3_384_PREHASH_SHAKE_128F] 
2026-01-14T17:16:53.5281926Z tests/test_mem.py::test_mem_sig[SLH_DSA_SHA3_384_PREHASH_SHAKE_192S] 
2026-01-14T17:16:53.5289361Z [gw1] [ 89%] SKIPPED tests/test_mem.py::test_mem_sig[SLH_DSA_SHA3_384_PREHASH_SHAKE_192S] 
2026-01-14T17:16:53.5301702Z tests/test_mem.py::test_mem_sig[SLH_DSA_SHA3_384_PREHASH_SHAKE_192F] 
2026-01-14T17:16:53.5307978Z [gw1] [ 89%] SKIPPED tests/test_mem.py::test_mem_sig[SLH_DSA_SHA3_384_PREHASH_SHAKE_192F] 
2026-01-14T17:16:53.5318089Z tests/test_mem.py::test_mem_sig[SLH_DSA_SHA3_384_PREHASH_SHAKE_256S] 
2026-01-14T17:16:53.5325795Z [gw1] [ 89%] SKIPPED tests/test_mem.py::test_mem_sig[SLH_DSA_SHA3_384_PREHASH_SHAKE_256S] 
2026-01-14T17:16:53.5335788Z tests/test_mem.py::test_mem_sig[SLH_DSA_SHA3_384_PREHASH_SHAKE_256F] 
2026-01-14T17:16:53.5342174Z [gw1] [ 89%] SKIPPED tests/test_mem.py::test_mem_sig[SLH_DSA_SHA3_384_PREHASH_SHAKE_256F] 
2026-01-14T17:16:53.5355198Z tests/test_mem.py::test_mem_sig[SLH_DSA_SHA3_512_PREHASH_SHA2_128S] 
2026-01-14T17:16:53.5360045Z [gw1] [ 89%] SKIPPED tests/test_mem.py::test_mem_sig[SLH_DSA_SHA3_512_PREHASH_SHA2_128S] 
2026-01-14T17:16:53.5372573Z tests/test_mem.py::test_mem_sig[SLH_DSA_SHA3_512_PREHASH_SHA2_128F] 
2026-01-14T17:16:53.5377968Z [gw1] [ 89%] SKIPPED tests/test_mem.py::test_mem_sig[SLH_DSA_SHA3_512_PREHASH_SHA2_128F] 
2026-01-14T17:16:53.5389916Z tests/test_mem.py::test_mem_sig[SLH_DSA_SHA3_512_PREHASH_SHA2_192S] 
2026-01-14T17:16:53.5395072Z [gw1] [ 89%] SKIPPED tests/test_mem.py::test_mem_sig[SLH_DSA_SHA3_512_PREHASH_SHA2_192S] 
2026-01-14T17:16:53.5407295Z tests/test_mem.py::test_mem_sig[SLH_DSA_SHA3_512_PREHASH_SHA2_192F] 
2026-01-14T17:16:53.5412417Z [gw1] [ 89%] SKIPPED tests/test_mem.py::test_mem_sig[SLH_DSA_SHA3_512_PREHASH_SHA2_192F] 
2026-01-14T17:16:53.5424734Z tests/test_mem.py::test_mem_sig[SLH_DSA_SHA3_512_PREHASH_SHA2_256S] 
2026-01-14T17:16:53.5430007Z [gw1] [ 89%] SKIPPED tests/test_mem.py::test_mem_sig[SLH_DSA_SHA3_512_PREHASH_SHA2_256S] 
2026-01-14T17:16:53.5442306Z tests/test_mem.py::test_mem_sig[SLH_DSA_SHA3_512_PREHASH_SHA2_256F] 
2026-01-14T17:16:53.5448173Z [gw1] [ 89%] SKIPPED tests/test_mem.py::test_mem_sig[SLH_DSA_SHA3_512_PREHASH_SHA2_256F] 
2026-01-14T17:16:53.5459356Z tests/test_mem.py::test_mem_sig[SLH_DSA_SHA3_512_PREHASH_SHAKE_128S] 
2026-01-14T17:16:53.5466063Z [gw1] [ 90%] SKIPPED tests/test_mem.py::test_mem_sig[SLH_DSA_SHA3_512_PREHASH_SHAKE_128S] 
2026-01-14T17:16:53.5478672Z tests/test_mem.py::test_mem_sig[SLH_DSA_SHA3_512_PREHASH_SHAKE_128F] 
2026-01-14T17:16:53.5483277Z [gw1] [ 90%] SKIPPED tests/test_mem.py::test_mem_sig[SLH_DSA_SHA3_512_PREHASH_SHAKE_128F] 
2026-01-14T17:16:53.5495142Z tests/test_mem.py::test_mem_sig[SLH_DSA_SHA3_512_PREHASH_SHAKE_192S] 
2026-01-14T17:16:53.5501134Z [gw1] [ 90%] SKIPPED tests/test_mem.py::test_mem_sig[SLH_DSA_SHA3_512_PREHASH_SHAKE_192S] 
2026-01-14T17:16:53.5512912Z tests/test_mem.py::test_mem_sig[SLH_DSA_SHA3_512_PREHASH_SHAKE_192F] 
2026-01-14T17:16:53.5518599Z [gw1] [ 90%] SKIPPED tests/test_mem.py::test_mem_sig[SLH_DSA_SHA3_512_PREHASH_SHAKE_192F] 
2026-01-14T17:16:53.5530698Z tests/test_mem.py::test_mem_sig[SLH_DSA_SHA3_512_PREHASH_SHAKE_256S] 
2026-01-14T17:16:53.5535819Z [gw1] [ 90%] SKIPPED tests/test_mem.py::test_mem_sig[SLH_DSA_SHA3_512_PREHASH_SHAKE_256S] 
2026-01-14T17:16:53.5548741Z tests/test_mem.py::test_mem_sig[SLH_DSA_SHA3_512_PREHASH_SHAKE_256F] 
2026-01-14T17:16:53.5552742Z [gw1] [ 90%] SKIPPED tests/test_mem.py::test_mem_sig[SLH_DSA_SHA3_512_PREHASH_SHAKE_256F] 
2026-01-14T17:16:53.5565322Z tests/test_mem.py::test_mem_sig[SLH_DSA_SHAKE_128_PREHASH_SHA2_128S] 
2026-01-14T17:16:53.5571363Z [gw1] [ 90%] SKIPPED tests/test_mem.py::test_mem_sig[SLH_DSA_SHAKE_128_PREHASH_SHA2_128S] 
2026-01-14T17:16:53.5583539Z tests/test_mem.py::test_mem_sig[SLH_DSA_SHAKE_128_PREHASH_SHA2_128F] 
2026-01-14T17:16:53.5590003Z [gw1] [ 90%] SKIPPED tests/test_mem.py::test_mem_sig[SLH_DSA_SHAKE_128_PREHASH_SHA2_128F] 
2026-01-14T17:16:53.5602748Z tests/test_mem.py::test_mem_sig[SLH_DSA_SHAKE_128_PREHASH_SHA2_192S] 
2026-01-14T17:16:53.5609708Z [gw1] [ 90%] SKIPPED tests/test_mem.py::test_mem_sig[SLH_DSA_SHAKE_128_PREHASH_SHA2_192S] 
2026-01-14T17:16:53.5621820Z tests/test_mem.py::test_mem_sig[SLH_DSA_SHAKE_128_PREHASH_SHA2_192F] 
2026-01-14T17:16:53.5628234Z [gw1] [ 90%] SKIPPED tests/test_mem.py::test_mem_sig[SLH_DSA_SHAKE_128_PREHASH_SHA2_192F] 
2026-01-14T17:16:53.5642446Z tests/test_mem.py::test_mem_sig[SLH_DSA_SHAKE_128_PREHASH_SHA2_256S] 
2026-01-14T17:16:53.5646462Z [gw1] [ 90%] SKIPPED tests/test_mem.py::test_mem_sig[SLH_DSA_SHAKE_128_PREHASH_SHA2_256S] 
2026-01-14T17:16:53.5658351Z tests/test_mem.py::test_mem_sig[SLH_DSA_SHAKE_128_PREHASH_SHA2_256F] 
2026-01-14T17:16:53.5664037Z [gw1] [ 90%] SKIPPED tests/test_mem.py::test_mem_sig[SLH_DSA_SHAKE_128_PREHASH_SHA2_256F] 
2026-01-14T17:16:53.5677656Z tests/test_mem.py::test_mem_sig[SLH_DSA_SHAKE_128_PREHASH_SHAKE_128S] 
2026-01-14T17:16:53.5683173Z [gw1] [ 90%] SKIPPED tests/test_mem.py::test_mem_sig[SLH_DSA_SHAKE_128_PREHASH_SHAKE_128S] 
2026-01-14T17:16:53.5694093Z tests/test_mem.py::test_mem_sig[SLH_DSA_SHAKE_128_PREHASH_SHAKE_128F] 
2026-01-14T17:16:53.5699159Z [gw1] [ 90%] SKIPPED tests/test_mem.py::test_mem_sig[SLH_DSA_SHAKE_128_PREHASH_SHAKE_128F] 
2026-01-14T17:16:53.5711065Z tests/test_mem.py::test_mem_sig[SLH_DSA_SHAKE_128_PREHASH_SHAKE_192S] 
2026-01-14T17:16:53.5717560Z [gw1] [ 90%] SKIPPED tests/test_mem.py::test_mem_sig[SLH_DSA_SHAKE_128_PREHASH_SHAKE_192S] 
2026-01-14T17:16:53.5730448Z tests/test_mem.py::test_mem_sig[SLH_DSA_SHAKE_128_PREHASH_SHAKE_192F] 
2026-01-14T17:16:53.5736243Z [gw1] [ 90%] SKIPPED tests/test_mem.py::test_mem_sig[SLH_DSA_SHAKE_128_PREHASH_SHAKE_192F] 
2026-01-14T17:16:53.5747858Z tests/test_mem.py::test_mem_sig[SLH_DSA_SHAKE_128_PREHASH_SHAKE_256S] 
2026-01-14T17:16:53.5753653Z [gw1] [ 90%] SKIPPED tests/test_mem.py::test_mem_sig[SLH_DSA_SHAKE_128_PREHASH_SHAKE_256S] 
2026-01-14T17:16:53.5765319Z tests/test_mem.py::test_mem_sig[SLH_DSA_SHAKE_128_PREHASH_SHAKE_256F] 
2026-01-14T17:16:53.5772360Z [gw1] [ 90%] SKIPPED tests/test_mem.py::test_mem_sig[SLH_DSA_SHAKE_128_PREHASH_SHAKE_256F] 
2026-01-14T17:16:53.5784027Z tests/test_mem.py::test_mem_sig[SLH_DSA_SHAKE_256_PREHASH_SHA2_128S] 
2026-01-14T17:16:53.5790476Z [gw1] [ 90%] SKIPPED tests/test_mem.py::test_mem_sig[SLH_DSA_SHAKE_256_PREHASH_SHA2_128S] 
2026-01-14T17:16:53.5802490Z tests/test_mem.py::test_mem_sig[SLH_DSA_SHAKE_256_PREHASH_SHA2_128F] 
2026-01-14T17:16:53.5806919Z [gw1] [ 90%] SKIPPED tests/test_mem.py::test_mem_sig[SLH_DSA_SHAKE_256_PREHASH_SHA2_128F] 
2026-01-14T17:16:53.5820018Z tests/test_mem.py::test_mem_sig[SLH_DSA_SHAKE_256_PREHASH_SHA2_192S] 
2026-01-14T17:16:53.5825145Z [gw1] [ 90%] SKIPPED tests/test_mem.py::test_mem_sig[SLH_DSA_SHAKE_256_PREHASH_SHA2_192S] 
2026-01-14T17:16:53.5836452Z tests/test_mem.py::test_mem_sig[SLH_DSA_SHAKE_256_PREHASH_SHA2_192F] 
2026-01-14T17:16:53.5843561Z [gw1] [ 90%] SKIPPED tests/test_mem.py::test_mem_sig[SLH_DSA_SHAKE_256_PREHASH_SHA2_192F] 
2026-01-14T17:16:53.5854784Z tests/test_mem.py::test_mem_sig[SLH_DSA_SHAKE_256_PREHASH_SHA2_256S] 
2026-01-14T17:16:53.5860313Z [gw1] [ 90%] SKIPPED tests/test_mem.py::test_mem_sig[SLH_DSA_SHAKE_256_PREHASH_SHA2_256S] 
2026-01-14T17:16:53.5873023Z tests/test_mem.py::test_mem_sig[SLH_DSA_SHAKE_256_PREHASH_SHA2_256F] 
2026-01-14T17:16:53.5876891Z [gw1] [ 90%] SKIPPED tests/test_mem.py::test_mem_sig[SLH_DSA_SHAKE_256_PREHASH_SHA2_256F] 
2026-01-14T17:16:53.5890710Z tests/test_mem.py::test_mem_sig[SLH_DSA_SHAKE_256_PREHASH_SHAKE_128S] 
2026-01-14T17:16:53.5894722Z [gw1] [ 90%] SKIPPED tests/test_mem.py::test_mem_sig[SLH_DSA_SHAKE_256_PREHASH_SHAKE_128S] 
2026-01-14T17:16:53.5908564Z tests/test_mem.py::test_mem_sig[SLH_DSA_SHAKE_256_PREHASH_SHAKE_128F] 
2026-01-14T17:16:53.5911733Z [gw1] [ 90%] SKIPPED tests/test_mem.py::test_mem_sig[SLH_DSA_SHAKE_256_PREHASH_SHAKE_128F] 
2026-01-14T17:16:53.5924362Z tests/test_mem.py::test_mem_sig[SLH_DSA_SHAKE_256_PREHASH_SHAKE_192S] 
2026-01-14T17:16:53.5929320Z [gw1] [ 90%] SKIPPED tests/test_mem.py::test_mem_sig[SLH_DSA_SHAKE_256_PREHASH_SHAKE_192S] 
2026-01-14T17:16:53.5941926Z tests/test_mem.py::test_mem_sig[SLH_DSA_SHAKE_256_PREHASH_SHAKE_192F] 
2026-01-14T17:16:53.5946390Z [gw1] [ 90%] SKIPPED tests/test_mem.py::test_mem_sig[SLH_DSA_SHAKE_256_PREHASH_SHAKE_192F] 
2026-01-14T17:16:53.5958445Z tests/test_mem.py::test_mem_sig[SLH_DSA_SHAKE_256_PREHASH_SHAKE_256S] 
2026-01-14T17:16:53.5967016Z [gw1] [ 90%] SKIPPED tests/test_mem.py::test_mem_sig[SLH_DSA_SHAKE_256_PREHASH_SHAKE_256S] 
2026-01-14T17:16:53.5978479Z tests/test_mem.py::test_mem_sig[SLH_DSA_SHAKE_256_PREHASH_SHAKE_256F] 
2026-01-14T17:16:53.5984117Z [gw1] [ 90%] SKIPPED tests/test_mem.py::test_mem_sig[SLH_DSA_SHAKE_256_PREHASH_SHAKE_256F] 
2026-01-14T17:16:56.6288359Z tests/test_speed.py::test_kem[BIKE-L1] 
2026-01-14T17:16:56.6292696Z [gw1] [ 90%] PASSED tests/test_speed.py::test_kem[BIKE-L1] 
2026-01-14T17:16:59.6906539Z tests/test_speed.py::test_kem[BIKE-L3] 
2026-01-14T17:16:59.6912423Z [gw1] [ 91%] PASSED tests/test_speed.py::test_kem[BIKE-L3] 
2026-01-14T17:17:00.1372137Z tests/test_speed.py::test_kem[BIKE-L5] 
2026-01-14T17:17:00.1377077Z [gw0] [ 91%] PASSED tests/test_cmdline.py::test_sig_stfl[LMS_SHA256_H10_W8] 
2026-01-14T17:17:02.7617587Z tests/test_cmdline.py::test_sig_stfl[LMS_SHA256_H15_W1] 
2026-01-14T17:17:02.7620869Z [gw1] [ 91%] PASSED tests/test_speed.py::test_kem[BIKE-L5] 
2026-01-14T17:17:05.8149731Z tests/test_speed.py::test_kem[Classic-McEliece-348864] 
2026-01-14T17:17:05.8155263Z [gw1] [ 91%] PASSED tests/test_speed.py::test_kem[Classic-McEliece-348864] 
2026-01-14T17:17:08.8523519Z tests/test_speed.py::test_kem[Classic-McEliece-348864f] 
2026-01-14T17:17:08.8528493Z [gw1] [ 91%] PASSED tests/test_speed.py::test_kem[Classic-McEliece-348864f] 
2026-01-14T17:17:11.9310466Z tests/test_speed.py::test_kem[Classic-McEliece-460896] 
2026-01-14T17:17:11.9313839Z [gw1] [ 91%] PASSED tests/test_speed.py::test_kem[Classic-McEliece-460896] 
2026-01-14T17:17:15.0587179Z tests/test_speed.py::test_kem[Classic-McEliece-460896f] 
2026-01-14T17:17:15.0591344Z [gw1] [ 91%] PASSED tests/test_speed.py::test_kem[Classic-McEliece-460896f] 
2026-01-14T17:17:18.0764854Z tests/test_speed.py::test_kem[Classic-McEliece-6688128] 
2026-01-14T17:17:18.0766972Z [gw1] [ 91%] PASSED tests/test_speed.py::test_kem[Classic-McEliece-6688128] 
2026-01-14T17:17:21.2037389Z tests/test_speed.py::test_kem[Classic-McEliece-6688128f] 
2026-01-14T17:17:21.2041238Z [gw1] [ 91%] PASSED tests/test_speed.py::test_kem[Classic-McEliece-6688128f] 
2026-01-14T17:17:24.2651068Z tests/test_speed.py::test_kem[Classic-McEliece-6960119] 
2026-01-14T17:17:24.2653975Z [gw1] [ 91%] PASSED tests/test_speed.py::test_kem[Classic-McEliece-6960119] 
2026-01-14T17:17:27.3414351Z tests/test_speed.py::test_kem[Classic-McEliece-6960119f] 
2026-01-14T17:17:27.3418298Z [gw1] [ 91%] PASSED tests/test_speed.py::test_kem[Classic-McEliece-6960119f] 
2026-01-14T17:17:30.6078925Z tests/test_speed.py::test_kem[Classic-McEliece-8192128] 
2026-01-14T17:17:30.6081486Z [gw1] [ 91%] PASSED tests/test_speed.py::test_kem[Classic-McEliece-8192128] 
2026-01-14T17:17:33.7706931Z tests/test_speed.py::test_kem[Classic-McEliece-8192128f] 
2026-01-14T17:17:33.7710621Z [gw1] [ 91%] PASSED tests/test_speed.py::test_kem[Classic-McEliece-8192128f] 
2026-01-14T17:17:33.7721202Z tests/test_speed.py::test_kem[HQC-128] 
2026-01-14T17:17:33.7726679Z [gw1] [ 91%] SKIPPED tests/test_speed.py::test_kem[HQC-128] 
2026-01-14T17:17:33.7738855Z tests/test_speed.py::test_kem[HQC-192] 
2026-01-14T17:17:33.7743442Z [gw1] [ 91%] SKIPPED tests/test_speed.py::test_kem[HQC-192] 
2026-01-14T17:17:33.7755326Z tests/test_speed.py::test_kem[HQC-256] 
2026-01-14T17:17:33.7760390Z [gw1] [ 91%] SKIPPED tests/test_speed.py::test_kem[HQC-256] 
2026-01-14T17:17:36.8079856Z tests/test_speed.py::test_kem[Kyber512] 
2026-01-14T17:17:36.8081302Z [gw1] [ 91%] PASSED tests/test_speed.py::test_kem[Kyber512] 
2026-01-14T17:17:39.8374472Z tests/test_speed.py::test_kem[Kyber768] 
2026-01-14T17:17:39.8378814Z [gw1] [ 91%] PASSED tests/test_speed.py::test_kem[Kyber768] 
2026-01-14T17:17:42.8626665Z tests/test_speed.py::test_kem[Kyber1024] 
2026-01-14T17:17:42.8629722Z [gw1] [ 91%] PASSED tests/test_speed.py::test_kem[Kyber1024] 
2026-01-14T17:17:45.8931826Z tests/test_speed.py::test_kem[ML-KEM-512] 
2026-01-14T17:17:45.8936460Z [gw1] [ 91%] PASSED tests/test_speed.py::test_kem[ML-KEM-512] 
2026-01-14T17:17:48.9230562Z tests/test_speed.py::test_kem[ML-KEM-768] 
2026-01-14T17:17:48.9234540Z [gw1] [ 91%] PASSED tests/test_speed.py::test_kem[ML-KEM-768] 
2026-01-14T17:17:51.9514580Z tests/test_speed.py::test_kem[ML-KEM-1024] 
2026-01-14T17:17:51.9518585Z [gw1] [ 91%] PASSED tests/test_speed.py::test_kem[ML-KEM-1024] 
2026-01-14T17:17:54.9681122Z tests/test_speed.py::test_kem[NTRU-HPS-2048-509] 
2026-01-14T17:17:54.9687872Z [gw1] [ 91%] PASSED tests/test_speed.py::test_kem[NTRU-HPS-2048-509] 
2026-01-14T17:17:57.9851608Z tests/test_speed.py::test_kem[NTRU-HPS-2048-677] 
2026-01-14T17:17:57.9855751Z [gw1] [ 91%] PASSED tests/test_speed.py::test_kem[NTRU-HPS-2048-677] 
2026-01-14T17:18:01.0018139Z tests/test_speed.py::test_kem[NTRU-HPS-4096-821] 
2026-01-14T17:18:01.0021809Z [gw1] [ 91%] PASSED tests/test_speed.py::test_kem[NTRU-HPS-4096-821] 
2026-01-14T17:18:04.2034054Z tests/test_speed.py::test_kem[NTRU-HPS-4096-1229] 
2026-01-14T17:18:04.2038461Z [gw1] [ 91%] PASSED tests/test_speed.py::test_kem[NTRU-HPS-4096-1229] 
2026-01-14T17:18:07.2204774Z tests/test_speed.py::test_kem[NTRU-HRSS-701] 
2026-01-14T17:18:07.2208095Z [gw1] [ 91%] PASSED tests/test_speed.py::test_kem[NTRU-HRSS-701] 
2026-01-14T17:18:10.4603991Z tests/test_speed.py::test_kem[NTRU-HRSS-1373] 
2026-01-14T17:18:10.4606733Z [gw1] [ 91%] PASSED tests/test_speed.py::test_kem[NTRU-HRSS-1373] 
2026-01-14T17:18:13.4807842Z tests/test_speed.py::test_kem[sntrup761] 
2026-01-14T17:18:13.4811736Z [gw1] [ 91%] PASSED tests/test_speed.py::test_kem[sntrup761] 
2026-01-14T17:18:16.5140873Z tests/test_speed.py::test_kem[FrodoKEM-640-AES] 
2026-01-14T17:18:16.5144655Z [gw1] [ 91%] PASSED tests/test_speed.py::test_kem[FrodoKEM-640-AES] 
2026-01-14T17:18:19.5451403Z tests/test_speed.py::test_kem[FrodoKEM-640-SHAKE] 
2026-01-14T17:18:19.5455823Z [gw1] [ 91%] PASSED tests/test_speed.py::test_kem[FrodoKEM-640-SHAKE] 
2026-01-14T17:18:22.5708445Z tests/test_speed.py::test_kem[FrodoKEM-976-AES] 
2026-01-14T17:18:22.5711456Z [gw1] [ 92%] PASSED tests/test_speed.py::test_kem[FrodoKEM-976-AES] 
2026-01-14T17:18:25.7200705Z tests/test_speed.py::test_kem[FrodoKEM-976-SHAKE] 
2026-01-14T17:18:25.7204849Z [gw1] [ 92%] PASSED tests/test_speed.py::test_kem[FrodoKEM-976-SHAKE] 
2026-01-14T17:18:28.8291399Z tests/test_speed.py::test_kem[FrodoKEM-1344-AES] 
2026-01-14T17:18:28.8294513Z [gw1] [ 92%] PASSED tests/test_speed.py::test_kem[FrodoKEM-1344-AES] 
2026-01-14T17:18:31.9064793Z tests/test_speed.py::test_kem[FrodoKEM-1344-SHAKE] 
2026-01-14T17:18:31.9069237Z [gw1] [ 92%] PASSED tests/test_speed.py::test_kem[FrodoKEM-1344-SHAKE] 
2026-01-14T17:18:36.2106555Z tests/test_speed.py::test_sig[XMSS-SHA2_10_256] 
2026-01-14T17:18:36.2109573Z [gw1] [ 92%] PASSED tests/test_speed.py::test_sig[XMSS-SHA2_10_256] 
2026-01-14T17:18:36.2122116Z tests/test_speed.py::test_sig[XMSS-SHA2_16_256] 
2026-01-14T17:18:36.2128138Z [gw1] [ 92%] SKIPPED tests/test_speed.py::test_sig[XMSS-SHA2_16_256] 
2026-01-14T17:18:36.2139984Z tests/test_speed.py::test_sig[XMSS-SHA2_20_256] 
2026-01-14T17:18:36.2145407Z [gw1] [ 92%] SKIPPED tests/test_speed.py::test_sig[XMSS-SHA2_20_256] 
2026-01-14T17:18:40.2607717Z tests/test_speed.py::test_sig[XMSS-SHAKE_10_256] 
2026-01-14T17:18:40.2613668Z [gw1] [ 92%] PASSED tests/test_speed.py::test_sig[XMSS-SHAKE_10_256] 
2026-01-14T17:18:40.2624830Z tests/test_speed.py::test_sig[XMSS-SHAKE_16_256] 
2026-01-14T17:18:40.2631581Z [gw1] [ 92%] SKIPPED tests/test_speed.py::test_sig[XMSS-SHAKE_16_256] 
2026-01-14T17:18:40.2643741Z tests/test_speed.py::test_sig[XMSS-SHAKE_20_256] 
2026-01-14T17:18:40.2650826Z [gw1] [ 92%] SKIPPED tests/test_speed.py::test_sig[XMSS-SHAKE_20_256] 
2026-01-14T17:18:49.1354546Z tests/test_speed.py::test_sig[XMSS-SHA2_10_512] 
2026-01-14T17:18:49.1358841Z [gw0] [ 92%] PASSED tests/test_cmdline.py::test_sig_stfl[LMS_SHA256_H15_W1] 
2026-01-14T17:18:51.7937283Z tests/test_cmdline.py::test_sig_stfl[LMS_SHA256_H15_W2] 
2026-01-14T17:18:51.7941594Z [gw1] [ 92%] PASSED tests/test_speed.py::test_sig[XMSS-SHA2_10_512] 
2026-01-14T17:18:51.7957343Z tests/test_speed.py::test_sig[XMSS-SHA2_16_512] 
2026-01-14T17:18:51.7962631Z [gw1] [ 92%] SKIPPED tests/test_speed.py::test_sig[XMSS-SHA2_16_512] 
2026-01-14T17:18:51.7973756Z tests/test_speed.py::test_sig[XMSS-SHA2_20_512] 
2026-01-14T17:18:51.7979197Z [gw1] [ 92%] SKIPPED tests/test_speed.py::test_sig[XMSS-SHA2_20_512] 
2026-01-14T17:19:03.0011221Z tests/test_speed.py::test_sig[XMSS-SHAKE_10_512] 
2026-01-14T17:19:03.0014642Z [gw1] [ 92%] PASSED tests/test_speed.py::test_sig[XMSS-SHAKE_10_512] 
2026-01-14T17:19:03.0026738Z tests/test_speed.py::test_sig[XMSS-SHAKE_16_512] 
2026-01-14T17:19:03.0032359Z [gw1] [ 92%] SKIPPED tests/test_speed.py::test_sig[XMSS-SHAKE_16_512] 
2026-01-14T17:19:03.0043795Z tests/test_speed.py::test_sig[XMSS-SHAKE_20_512] 
2026-01-14T17:19:03.0048790Z [gw1] [ 92%] SKIPPED tests/test_speed.py::test_sig[XMSS-SHAKE_20_512] 
2026-01-14T17:19:06.2900119Z tests/test_speed.py::test_sig[XMSS-SHA2_10_192] 
2026-01-14T17:19:06.2904424Z [gw1] [ 92%] PASSED tests/test_speed.py::test_sig[XMSS-SHA2_10_192] 
2026-01-14T17:19:06.2917354Z tests/test_speed.py::test_sig[XMSS-SHA2_16_192] 
2026-01-14T17:19:06.2922730Z [gw1] [ 92%] SKIPPED tests/test_speed.py::test_sig[XMSS-SHA2_16_192] 
2026-01-14T17:19:06.2935273Z tests/test_speed.py::test_sig[XMSS-SHA2_20_192] 
2026-01-14T17:19:06.2940904Z [gw1] [ 92%] SKIPPED tests/test_speed.py::test_sig[XMSS-SHA2_20_192] 
2026-01-14T17:19:11.7120037Z tests/test_speed.py::test_sig[XMSS-SHAKE256_10_192] 
2026-01-14T17:19:11.7124521Z [gw1] [ 92%] PASSED tests/test_speed.py::test_sig[XMSS-SHAKE256_10_192] 
2026-01-14T17:19:11.7138241Z tests/test_speed.py::test_sig[XMSS-SHAKE256_16_192] 
2026-01-14T17:19:11.7146216Z [gw1] [ 92%] SKIPPED tests/test_speed.py::test_sig[XMSS-SHAKE256_16_192] 
2026-01-14T17:19:11.7159195Z tests/test_speed.py::test_sig[XMSS-SHAKE256_20_192] 
2026-01-14T17:19:11.7165890Z [gw1] [ 92%] SKIPPED tests/test_speed.py::test_sig[XMSS-SHAKE256_20_192] 
2026-01-14T17:19:15.8025702Z tests/test_speed.py::test_sig[XMSS-SHAKE256_10_256] 
2026-01-14T17:19:15.8028002Z [gw1] [ 92%] PASSED tests/test_speed.py::test_sig[XMSS-SHAKE256_10_256] 
2026-01-14T17:19:15.8040317Z tests/test_speed.py::test_sig[XMSS-SHAKE256_16_256] 
2026-01-14T17:19:15.8046028Z [gw1] [ 92%] SKIPPED tests/test_speed.py::test_sig[XMSS-SHAKE256_16_256] 
2026-01-14T17:19:15.8058434Z tests/test_speed.py::test_sig[XMSS-SHAKE256_20_256] 
2026-01-14T17:19:15.8070396Z [gw1] [ 92%] SKIPPED tests/test_speed.py::test_sig[XMSS-SHAKE256_20_256] 
2026-01-14T17:19:15.8078830Z tests/test_speed.py::test_sig[XMSSMT-SHA2_20/2_256] 
2026-01-14T17:19:15.8083981Z [gw1] [ 92%] SKIPPED tests/test_speed.py::test_sig[XMSSMT-SHA2_20/2_256] 
2026-01-14T17:19:15.8095677Z tests/test_speed.py::test_sig[XMSSMT-SHA2_20/4_256] 
2026-01-14T17:19:15.8100970Z [gw1] [ 92%] SKIPPED tests/test_speed.py::test_sig[XMSSMT-SHA2_20/4_256] 
2026-01-14T17:19:15.8112820Z tests/test_speed.py::test_sig[XMSSMT-SHA2_40/2_256] 
2026-01-14T17:19:15.8118158Z [gw1] [ 92%] SKIPPED tests/test_speed.py::test_sig[XMSSMT-SHA2_40/2_256] 
2026-01-14T17:19:15.8132118Z tests/test_speed.py::test_sig[XMSSMT-SHA2_40/4_256] 
2026-01-14T17:19:15.8137594Z [gw1] [ 92%] SKIPPED tests/test_speed.py::test_sig[XMSSMT-SHA2_40/4_256] 
2026-01-14T17:19:15.8150116Z tests/test_speed.py::test_sig[XMSSMT-SHA2_40/8_256] 
2026-01-14T17:19:15.8156202Z [gw1] [ 93%] SKIPPED tests/test_speed.py::test_sig[XMSSMT-SHA2_40/8_256] 
2026-01-14T17:19:15.8168733Z tests/test_speed.py::test_sig[XMSSMT-SHA2_60/3_256] 
2026-01-14T17:19:15.8174059Z [gw1] [ 93%] SKIPPED tests/test_speed.py::test_sig[XMSSMT-SHA2_60/3_256] 
2026-01-14T17:19:15.8187470Z tests/test_speed.py::test_sig[XMSSMT-SHA2_60/6_256] 
2026-01-14T17:19:15.8192732Z [gw1] [ 93%] SKIPPED tests/test_speed.py::test_sig[XMSSMT-SHA2_60/6_256] 
2026-01-14T17:19:15.8204306Z tests/test_speed.py::test_sig[XMSSMT-SHA2_60/12_256] 
2026-01-14T17:19:15.8210448Z [gw1] [ 93%] SKIPPED tests/test_speed.py::test_sig[XMSSMT-SHA2_60/12_256] 
2026-01-14T17:19:15.8223363Z tests/test_speed.py::test_sig[XMSSMT-SHAKE_20/2_256] 
2026-01-14T17:19:15.8228767Z [gw1] [ 93%] SKIPPED tests/test_speed.py::test_sig[XMSSMT-SHAKE_20/2_256] 
2026-01-14T17:19:15.8242239Z tests/test_speed.py::test_sig[XMSSMT-SHAKE_20/4_256] 
2026-01-14T17:19:15.8247608Z [gw1] [ 93%] SKIPPED tests/test_speed.py::test_sig[XMSSMT-SHAKE_20/4_256] 
2026-01-14T17:19:15.8261342Z tests/test_speed.py::test_sig[XMSSMT-SHAKE_40/2_256] 
2026-01-14T17:19:15.8266406Z [gw1] [ 93%] SKIPPED tests/test_speed.py::test_sig[XMSSMT-SHAKE_40/2_256] 
2026-01-14T17:19:15.8278700Z tests/test_speed.py::test_sig[XMSSMT-SHAKE_40/4_256] 
2026-01-14T17:19:15.8285264Z [gw1] [ 93%] SKIPPED tests/test_speed.py::test_sig[XMSSMT-SHAKE_40/4_256] 
2026-01-14T17:19:15.8298262Z tests/test_speed.py::test_sig[XMSSMT-SHAKE_40/8_256] 
2026-01-14T17:19:15.8302941Z [gw1] [ 93%] SKIPPED tests/test_speed.py::test_sig[XMSSMT-SHAKE_40/8_256] 
2026-01-14T17:19:15.8315352Z tests/test_speed.py::test_sig[XMSSMT-SHAKE_60/3_256] 
2026-01-14T17:19:15.8320679Z [gw1] [ 93%] SKIPPED tests/test_speed.py::test_sig[XMSSMT-SHAKE_60/3_256] 
2026-01-14T17:19:15.8332592Z tests/test_speed.py::test_sig[XMSSMT-SHAKE_60/6_256] 
2026-01-14T17:19:15.8339507Z [gw1] [ 93%] SKIPPED tests/test_speed.py::test_sig[XMSSMT-SHAKE_60/6_256] 
2026-01-14T17:19:15.8352090Z tests/test_speed.py::test_sig[XMSSMT-SHAKE_60/12_256] 
2026-01-14T17:19:15.8358168Z [gw1] [ 93%] SKIPPED tests/test_speed.py::test_sig[XMSSMT-SHAKE_60/12_256] 
2026-01-14T17:19:15.8370867Z tests/test_speed.py::test_sig[LMS_SHA256_H5_W1] 
2026-01-14T17:19:15.8375967Z [gw1] [ 93%] SKIPPED tests/test_speed.py::test_sig[LMS_SHA256_H5_W1] 
2026-01-14T17:19:15.8390138Z tests/test_speed.py::test_sig[LMS_SHA256_H5_W2] 
2026-01-14T17:19:15.8395519Z [gw1] [ 93%] SKIPPED tests/test_speed.py::test_sig[LMS_SHA256_H5_W2] 
2026-01-14T17:19:15.8407728Z tests/test_speed.py::test_sig[LMS_SHA256_H5_W4] 
2026-01-14T17:19:15.8413846Z [gw1] [ 93%] SKIPPED tests/test_speed.py::test_sig[LMS_SHA256_H5_W4] 
2026-01-14T17:19:15.8426899Z tests/test_speed.py::test_sig[LMS_SHA256_H5_W8] 
2026-01-14T17:19:15.8432467Z [gw1] [ 93%] SKIPPED tests/test_speed.py::test_sig[LMS_SHA256_H5_W8] 
2026-01-14T17:19:19.9963932Z tests/test_speed.py::test_sig[LMS_SHA256_H10_W1] 
2026-01-14T17:19:19.9968583Z [gw1] [ 93%] PASSED tests/test_speed.py::test_sig[LMS_SHA256_H10_W1] 
2026-01-14T17:19:23.6862453Z tests/test_speed.py::test_sig[LMS_SHA256_H10_W2] 
2026-01-14T17:19:23.6866118Z [gw1] [ 93%] PASSED tests/test_speed.py::test_sig[LMS_SHA256_H10_W2] 
2026-01-14T17:19:28.0155448Z tests/test_speed.py::test_sig[LMS_SHA256_H10_W4] 
2026-01-14T17:19:28.0163027Z [gw1] [ 93%] PASSED tests/test_speed.py::test_sig[LMS_SHA256_H10_W4] 
2026-01-14T17:19:43.7668910Z tests/test_speed.py::test_sig[LMS_SHA256_H10_W8] 
2026-01-14T17:19:43.7673068Z [gw1] [ 93%] PASSED tests/test_speed.py::test_sig[LMS_SHA256_H10_W8] 
2026-01-14T17:19:43.7686168Z tests/test_speed.py::test_sig[LMS_SHA256_H15_W1] 
2026-01-14T17:19:43.7691818Z [gw1] [ 93%] SKIPPED tests/test_speed.py::test_sig[LMS_SHA256_H15_W1] 
2026-01-14T17:19:43.7704546Z tests/test_speed.py::test_sig[LMS_SHA256_H15_W2] 
2026-01-14T17:19:43.7710251Z [gw1] [ 93%] SKIPPED tests/test_speed.py::test_sig[LMS_SHA256_H15_W2] 
2026-01-14T17:19:43.7723069Z tests/test_speed.py::test_sig[LMS_SHA256_H15_W4] 
2026-01-14T17:19:43.7728321Z [gw1] [ 93%] SKIPPED tests/test_speed.py::test_sig[LMS_SHA256_H15_W4] 
2026-01-14T17:19:43.7741061Z tests/test_speed.py::test_sig[LMS_SHA256_H15_W8] 
2026-01-14T17:19:43.7747987Z [gw1] [ 93%] SKIPPED tests/test_speed.py::test_sig[LMS_SHA256_H15_W8] 
2026-01-14T17:19:43.7762946Z tests/test_speed.py::test_sig[LMS_SHA256_H20_W1] 
2026-01-14T17:19:43.7768419Z [gw1] [ 93%] SKIPPED tests/test_speed.py::test_sig[LMS_SHA256_H20_W1] 
2026-01-14T17:19:43.7780355Z tests/test_speed.py::test_sig[LMS_SHA256_H20_W2] 
2026-01-14T17:19:43.7786839Z [gw1] [ 93%] SKIPPED tests/test_speed.py::test_sig[LMS_SHA256_H20_W2] 
2026-01-14T17:19:43.7800082Z tests/test_speed.py::test_sig[LMS_SHA256_H20_W4] 
2026-01-14T17:19:43.7805776Z [gw1] [ 93%] SKIPPED tests/test_speed.py::test_sig[LMS_SHA256_H20_W4] 
2026-01-14T17:19:43.7817891Z tests/test_speed.py::test_sig[LMS_SHA256_H20_W8] 
2026-01-14T17:19:43.7823175Z [gw1] [ 93%] SKIPPED tests/test_speed.py::test_sig[LMS_SHA256_H20_W8] 
2026-01-14T17:19:43.7835671Z tests/test_speed.py::test_sig[LMS_SHA256_H25_W1] 
2026-01-14T17:19:43.7840879Z [gw1] [ 93%] SKIPPED tests/test_speed.py::test_sig[LMS_SHA256_H25_W1] 
2026-01-14T17:19:43.7855015Z tests/test_speed.py::test_sig[LMS_SHA256_H25_W2] 
2026-01-14T17:19:43.7860346Z [gw1] [ 93%] SKIPPED tests/test_speed.py::test_sig[LMS_SHA256_H25_W2] 
2026-01-14T17:19:43.7872798Z tests/test_speed.py::test_sig[LMS_SHA256_H25_W4] 
2026-01-14T17:19:43.7879245Z [gw1] [ 93%] SKIPPED tests/test_speed.py::test_sig[LMS_SHA256_H25_W4] 
2026-01-14T17:19:43.7894203Z tests/test_speed.py::test_sig[LMS_SHA256_H25_W8] 
2026-01-14T17:19:43.7900089Z [gw1] [ 94%] SKIPPED tests/test_speed.py::test_sig[LMS_SHA256_H25_W8] 
2026-01-14T17:19:43.7914178Z tests/test_speed.py::test_sig[LMS_SHA256_H5_W8_H5_W8] 
2026-01-14T17:19:43.7919643Z [gw1] [ 94%] SKIPPED tests/test_speed.py::test_sig[LMS_SHA256_H5_W8_H5_W8] 
2026-01-14T17:19:48.5637743Z tests/test_speed.py::test_sig[LMS_SHA256_H10_W4_H5_W8] 
2026-01-14T17:19:48.5641526Z [gw1] [ 94%] PASSED tests/test_speed.py::test_sig[LMS_SHA256_H10_W4_H5_W8] 
2026-01-14T17:19:48.5656800Z tests/test_speed.py::test_sig[LMS_SHA256_H10_W8_H5_W8] 
2026-01-14T17:19:48.5662754Z [gw1] [ 94%] SKIPPED tests/test_speed.py::test_sig[LMS_SHA256_H10_W8_H5_W8] 
2026-01-14T17:19:48.5676188Z tests/test_speed.py::test_sig[LMS_SHA256_H10_W2_H10_W2] 
2026-01-14T17:19:48.5681912Z [gw1] [ 94%] SKIPPED tests/test_speed.py::test_sig[LMS_SHA256_H10_W2_H10_W2] 
2026-01-14T17:19:48.5694810Z tests/test_speed.py::test_sig[LMS_SHA256_H10_W4_H10_W4] 
2026-01-14T17:19:48.5701552Z [gw1] [ 94%] SKIPPED tests/test_speed.py::test_sig[LMS_SHA256_H10_W4_H10_W4] 
2026-01-14T17:19:48.5715334Z tests/test_speed.py::test_sig[LMS_SHA256_H10_W8_H10_W8] 
2026-01-14T17:19:48.5729212Z [gw1] [ 94%] SKIPPED tests/test_speed.py::test_sig[LMS_SHA256_H10_W8_H10_W8] 
2026-01-14T17:19:48.5735397Z tests/test_speed.py::test_sig[LMS_SHA256_H15_W8_H5_W8] 
2026-01-14T17:19:48.5741440Z [gw1] [ 94%] SKIPPED tests/test_speed.py::test_sig[LMS_SHA256_H15_W8_H5_W8] 
2026-01-14T17:19:48.5757906Z tests/test_speed.py::test_sig[LMS_SHA256_H15_W8_H10_W8] 
2026-01-14T17:19:48.5763429Z [gw1] [ 94%] SKIPPED tests/test_speed.py::test_sig[LMS_SHA256_H15_W8_H10_W8] 
2026-01-14T17:19:48.5776081Z tests/test_speed.py::test_sig[LMS_SHA256_H15_W8_H15_W8] 
2026-01-14T17:19:48.5781310Z [gw1] [ 94%] SKIPPED tests/test_speed.py::test_sig[LMS_SHA256_H15_W8_H15_W8] 
2026-01-14T17:19:48.5793989Z tests/test_speed.py::test_sig[LMS_SHA256_H20_W8_H5_W8] 
2026-01-14T17:19:48.5799951Z [gw1] [ 94%] SKIPPED tests/test_speed.py::test_sig[LMS_SHA256_H20_W8_H5_W8] 
2026-01-14T17:19:48.5814353Z tests/test_speed.py::test_sig[LMS_SHA256_H20_W8_H10_W8] 
2026-01-14T17:19:48.5819854Z [gw1] [ 94%] SKIPPED tests/test_speed.py::test_sig[LMS_SHA256_H20_W8_H10_W8] 
2026-01-14T17:19:48.5830563Z tests/test_speed.py::test_sig[LMS_SHA256_H20_W8_H15_W8] 
2026-01-14T17:19:48.5836181Z [gw1] [ 94%] SKIPPED tests/test_speed.py::test_sig[LMS_SHA256_H20_W8_H15_W8] 
2026-01-14T17:19:48.5846803Z tests/test_speed.py::test_sig[LMS_SHA256_H20_W8_H20_W8] 
2026-01-14T17:19:48.5852775Z [gw1] [ 94%] SKIPPED tests/test_speed.py::test_sig[LMS_SHA256_H20_W8_H20_W8] 
2026-01-14T17:19:48.5862728Z tests/test_wycheproof_vectors.py::test_wpf_strcmp_vec[BIKE-L1] 
2026-01-14T17:19:48.5868378Z [gw1] [ 94%] SKIPPED tests/test_wycheproof_vectors.py::test_wpf_strcmp_vec[BIKE-L1] 
2026-01-14T17:19:48.5878138Z tests/test_wycheproof_vectors.py::test_wpf_strcmp_vec[BIKE-L3] 
2026-01-14T17:19:48.5883118Z [gw1] [ 94%] SKIPPED tests/test_wycheproof_vectors.py::test_wpf_strcmp_vec[BIKE-L3] 
2026-01-14T17:19:48.5891883Z tests/test_wycheproof_vectors.py::test_wpf_strcmp_vec[BIKE-L5] 
2026-01-14T17:19:48.5897393Z [gw1] [ 94%] SKIPPED tests/test_wycheproof_vectors.py::test_wpf_strcmp_vec[BIKE-L5] 
2026-01-14T17:19:48.5905881Z tests/test_wycheproof_vectors.py::test_wpf_strcmp_vec[Classic-McEliece-348864] 
2026-01-14T17:19:48.5911191Z [gw1] [ 94%] SKIPPED tests/test_wycheproof_vectors.py::test_wpf_strcmp_vec[Classic-McEliece-348864] 
2026-01-14T17:19:48.5919446Z tests/test_wycheproof_vectors.py::test_wpf_strcmp_vec[Classic-McEliece-348864f] 
2026-01-14T17:19:48.5925468Z [gw1] [ 94%] SKIPPED tests/test_wycheproof_vectors.py::test_wpf_strcmp_vec[Classic-McEliece-348864f] 
2026-01-14T17:19:48.5935193Z tests/test_wycheproof_vectors.py::test_wpf_strcmp_vec[Classic-McEliece-460896] 
2026-01-14T17:19:48.5939506Z [gw1] [ 94%] SKIPPED tests/test_wycheproof_vectors.py::test_wpf_strcmp_vec[Classic-McEliece-460896] 
2026-01-14T17:19:48.5948541Z tests/test_wycheproof_vectors.py::test_wpf_strcmp_vec[Classic-McEliece-460896f] 
2026-01-14T17:19:48.5954054Z [gw1] [ 94%] SKIPPED tests/test_wycheproof_vectors.py::test_wpf_strcmp_vec[Classic-McEliece-460896f] 
2026-01-14T17:19:48.5962560Z tests/test_wycheproof_vectors.py::test_wpf_strcmp_vec[Classic-McEliece-6688128] 
2026-01-14T17:19:48.5968625Z [gw1] [ 94%] SKIPPED tests/test_wycheproof_vectors.py::test_wpf_strcmp_vec[Classic-McEliece-6688128] 
2026-01-14T17:19:48.5978303Z tests/test_wycheproof_vectors.py::test_wpf_strcmp_vec[Classic-McEliece-6688128f] 
2026-01-14T17:19:48.5984242Z [gw1] [ 94%] SKIPPED tests/test_wycheproof_vectors.py::test_wpf_strcmp_vec[Classic-McEliece-6688128f] 
2026-01-14T17:19:48.5993438Z tests/test_wycheproof_vectors.py::test_wpf_strcmp_vec[Classic-McEliece-6960119] 
2026-01-14T17:19:48.5999010Z [gw1] [ 94%] SKIPPED tests/test_wycheproof_vectors.py::test_wpf_strcmp_vec[Classic-McEliece-6960119] 
2026-01-14T17:19:48.6010847Z tests/test_wycheproof_vectors.py::test_wpf_strcmp_vec[Classic-McEliece-6960119f] 
2026-01-14T17:19:48.6016361Z [gw1] [ 94%] SKIPPED tests/test_wycheproof_vectors.py::test_wpf_strcmp_vec[Classic-McEliece-6960119f] 
2026-01-14T17:19:48.6026500Z tests/test_wycheproof_vectors.py::test_wpf_strcmp_vec[Classic-McEliece-8192128] 
2026-01-14T17:19:48.6032336Z [gw1] [ 94%] SKIPPED tests/test_wycheproof_vectors.py::test_wpf_strcmp_vec[Classic-McEliece-8192128] 
2026-01-14T17:19:48.6042071Z tests/test_wycheproof_vectors.py::test_wpf_strcmp_vec[Classic-McEliece-8192128f] 
2026-01-14T17:19:48.6047565Z [gw1] [ 94%] SKIPPED tests/test_wycheproof_vectors.py::test_wpf_strcmp_vec[Classic-McEliece-8192128f] 
2026-01-14T17:19:48.6060650Z tests/test_wycheproof_vectors.py::test_wpf_strcmp_vec[HQC-128] 
2026-01-14T17:19:48.6066781Z [gw1] [ 94%] SKIPPED tests/test_wycheproof_vectors.py::test_wpf_strcmp_vec[HQC-128] 
2026-01-14T17:19:48.6078750Z tests/test_wycheproof_vectors.py::test_wpf_strcmp_vec[HQC-192] 
2026-01-14T17:19:48.6083961Z [gw1] [ 94%] SKIPPED tests/test_wycheproof_vectors.py::test_wpf_strcmp_vec[HQC-192] 
2026-01-14T17:19:48.6102273Z tests/test_wycheproof_vectors.py::test_wpf_strcmp_vec[HQC-256] 
2026-01-14T17:19:48.6107612Z [gw1] [ 94%] SKIPPED tests/test_wycheproof_vectors.py::test_wpf_strcmp_vec[HQC-256] 
2026-01-14T17:19:48.6118057Z tests/test_wycheproof_vectors.py::test_wpf_strcmp_vec[Kyber512] 
2026-01-14T17:19:48.6142460Z [gw1] [ 94%] SKIPPED tests/test_wycheproof_vectors.py::test_wpf_strcmp_vec[Kyber512] 
2026-01-14T17:19:48.6145006Z tests/test_wycheproof_vectors.py::test_wpf_strcmp_vec[Kyber768] 
2026-01-14T17:19:48.6145774Z [gw1] [ 95%] SKIPPED tests/test_wycheproof_vectors.py::test_wpf_strcmp_vec[Kyber768] 
2026-01-14T17:19:48.6152646Z tests/test_wycheproof_vectors.py::test_wpf_strcmp_vec[Kyber1024] 
2026-01-14T17:19:48.6158055Z [gw1] [ 95%] SKIPPED tests/test_wycheproof_vectors.py::test_wpf_strcmp_vec[Kyber1024] 
2026-01-14T17:19:48.6294588Z tests/test_wycheproof_vectors.py::test_wpf_strcmp_vec[ML-KEM-512] 
2026-01-14T17:19:48.6297719Z [gw1] [ 95%] PASSED tests/test_wycheproof_vectors.py::test_wpf_strcmp_vec[ML-KEM-512] 
2026-01-14T17:19:48.6427185Z tests/test_wycheproof_vectors.py::test_wpf_strcmp_vec[ML-KEM-768] 
2026-01-14T17:19:48.6430900Z [gw1] [ 95%] PASSED tests/test_wycheproof_vectors.py::test_wpf_strcmp_vec[ML-KEM-768] 
2026-01-14T17:19:48.6569779Z tests/test_wycheproof_vectors.py::test_wpf_strcmp_vec[ML-KEM-1024] 
2026-01-14T17:19:48.6575272Z [gw1] [ 95%] PASSED tests/test_wycheproof_vectors.py::test_wpf_strcmp_vec[ML-KEM-1024] 
2026-01-14T17:19:48.6587356Z tests/test_wycheproof_vectors.py::test_wpf_strcmp_vec[NTRU-HPS-2048-509] 
2026-01-14T17:19:48.6592881Z [gw1] [ 95%] SKIPPED tests/test_wycheproof_vectors.py::test_wpf_strcmp_vec[NTRU-HPS-2048-509] 
2026-01-14T17:19:48.6602885Z tests/test_wycheproof_vectors.py::test_wpf_strcmp_vec[NTRU-HPS-2048-677] 
2026-01-14T17:19:48.6609200Z [gw1] [ 95%] SKIPPED tests/test_wycheproof_vectors.py::test_wpf_strcmp_vec[NTRU-HPS-2048-677] 
2026-01-14T17:19:48.6620173Z tests/test_wycheproof_vectors.py::test_wpf_strcmp_vec[NTRU-HPS-4096-821] 
2026-01-14T17:19:48.6626233Z [gw1] [ 95%] SKIPPED tests/test_wycheproof_vectors.py::test_wpf_strcmp_vec[NTRU-HPS-4096-821] 
2026-01-14T17:19:48.6638881Z tests/test_wycheproof_vectors.py::test_wpf_strcmp_vec[NTRU-HPS-4096-1229] 
2026-01-14T17:19:48.6644293Z [gw1] [ 95%] SKIPPED tests/test_wycheproof_vectors.py::test_wpf_strcmp_vec[NTRU-HPS-4096-1229] 
2026-01-14T17:19:48.6654402Z tests/test_wycheproof_vectors.py::test_wpf_strcmp_vec[NTRU-HRSS-701] 
2026-01-14T17:19:48.6660672Z [gw1] [ 95%] SKIPPED tests/test_wycheproof_vectors.py::test_wpf_strcmp_vec[NTRU-HRSS-701] 
2026-01-14T17:19:48.6671666Z tests/test_wycheproof_vectors.py::test_wpf_strcmp_vec[NTRU-HRSS-1373] 
2026-01-14T17:19:48.6677312Z [gw1] [ 95%] SKIPPED tests/test_wycheproof_vectors.py::test_wpf_strcmp_vec[NTRU-HRSS-1373] 
2026-01-14T17:19:48.6687515Z tests/test_wycheproof_vectors.py::test_wpf_strcmp_vec[sntrup761] 
2026-01-14T17:19:48.6692813Z [gw1] [ 95%] SKIPPED tests/test_wycheproof_vectors.py::test_wpf_strcmp_vec[sntrup761] 
2026-01-14T17:19:48.6703174Z tests/test_wycheproof_vectors.py::test_wpf_strcmp_vec[FrodoKEM-640-AES] 
2026-01-14T17:19:48.6709543Z [gw1] [ 95%] SKIPPED tests/test_wycheproof_vectors.py::test_wpf_strcmp_vec[FrodoKEM-640-AES] 
2026-01-14T17:19:48.6720712Z tests/test_wycheproof_vectors.py::test_wpf_strcmp_vec[FrodoKEM-640-SHAKE] 
2026-01-14T17:19:48.6725864Z [gw1] [ 95%] SKIPPED tests/test_wycheproof_vectors.py::test_wpf_strcmp_vec[FrodoKEM-640-SHAKE] 
2026-01-14T17:19:48.6736164Z tests/test_wycheproof_vectors.py::test_wpf_strcmp_vec[FrodoKEM-976-AES] 
2026-01-14T17:19:48.6741552Z [gw1] [ 95%] SKIPPED tests/test_wycheproof_vectors.py::test_wpf_strcmp_vec[FrodoKEM-976-AES] 
2026-01-14T17:19:48.6753999Z tests/test_wycheproof_vectors.py::test_wpf_strcmp_vec[FrodoKEM-976-SHAKE] 
2026-01-14T17:19:48.6759476Z [gw1] [ 95%] SKIPPED tests/test_wycheproof_vectors.py::test_wpf_strcmp_vec[FrodoKEM-976-SHAKE] 
2026-01-14T17:19:48.6770938Z tests/test_wycheproof_vectors.py::test_wpf_strcmp_vec[FrodoKEM-1344-AES] 
2026-01-14T17:19:48.6776589Z [gw1] [ 95%] SKIPPED tests/test_wycheproof_vectors.py::test_wpf_strcmp_vec[FrodoKEM-1344-AES] 
2026-01-14T17:19:48.6786893Z tests/test_wycheproof_vectors.py::test_wpf_strcmp_vec[FrodoKEM-1344-SHAKE] 
2026-01-14T17:19:48.6792539Z [gw1] [ 95%] SKIPPED tests/test_wycheproof_vectors.py::test_wpf_strcmp_vec[FrodoKEM-1344-SHAKE] 
2026-01-14T17:19:48.6801991Z tests/test_wycheproof_vectors.py::test_wpf_modOverflow_vec[BIKE-L1] 
2026-01-14T17:19:48.6807541Z [gw1] [ 95%] SKIPPED tests/test_wycheproof_vectors.py::test_wpf_modOverflow_vec[BIKE-L1] 
2026-01-14T17:19:48.6818888Z tests/test_wycheproof_vectors.py::test_wpf_modOverflow_vec[BIKE-L3] 
2026-01-14T17:19:48.6824665Z [gw1] [ 95%] SKIPPED tests/test_wycheproof_vectors.py::test_wpf_modOverflow_vec[BIKE-L3] 
2026-01-14T17:19:48.6835323Z tests/test_wycheproof_vectors.py::test_wpf_modOverflow_vec[BIKE-L5] 
2026-01-14T17:19:48.6840867Z [gw1] [ 95%] SKIPPED tests/test_wycheproof_vectors.py::test_wpf_modOverflow_vec[BIKE-L5] 
2026-01-14T17:19:48.6851049Z tests/test_wycheproof_vectors.py::test_wpf_modOverflow_vec[Classic-McEliece-348864] 
2026-01-14T17:19:48.6882736Z [gw1] [ 95%] SKIPPED tests/test_wycheproof_vectors.py::test_wpf_modOverflow_vec[Classic-McEliece-348864] 
2026-01-14T17:19:48.6886991Z tests/test_wycheproof_vectors.py::test_wpf_modOverflow_vec[Classic-McEliece-348864f] 
2026-01-14T17:19:48.6888147Z [gw1] [ 95%] SKIPPED tests/test_wycheproof_vectors.py::test_wpf_modOverflow_vec[Classic-McEliece-348864f] 
2026-01-14T17:19:48.6891782Z tests/test_wycheproof_vectors.py::test_wpf_modOverflow_vec[Classic-McEliece-460896] 
2026-01-14T17:19:48.6897704Z [gw1] [ 95%] SKIPPED tests/test_wycheproof_vectors.py::test_wpf_modOverflow_vec[Classic-McEliece-460896] 
2026-01-14T17:19:48.6908679Z tests/test_wycheproof_vectors.py::test_wpf_modOverflow_vec[Classic-McEliece-460896f] 
2026-01-14T17:19:48.6914585Z [gw1] [ 95%] SKIPPED tests/test_wycheproof_vectors.py::test_wpf_modOverflow_vec[Classic-McEliece-460896f] 
2026-01-14T17:19:48.6925018Z tests/test_wycheproof_vectors.py::test_wpf_modOverflow_vec[Classic-McEliece-6688128] 
2026-01-14T17:19:48.6930804Z [gw1] [ 95%] SKIPPED tests/test_wycheproof_vectors.py::test_wpf_modOverflow_vec[Classic-McEliece-6688128] 
2026-01-14T17:19:48.6940748Z tests/test_wycheproof_vectors.py::test_wpf_modOverflow_vec[Classic-McEliece-6688128f] 
2026-01-14T17:19:48.6947323Z [gw1] [ 95%] SKIPPED tests/test_wycheproof_vectors.py::test_wpf_modOverflow_vec[Classic-McEliece-6688128f] 
2026-01-14T17:19:48.6958094Z tests/test_wycheproof_vectors.py::test_wpf_modOverflow_vec[Classic-McEliece-6960119] 
2026-01-14T17:19:48.6963578Z [gw1] [ 95%] SKIPPED tests/test_wycheproof_vectors.py::test_wpf_modOverflow_vec[Classic-McEliece-6960119] 
2026-01-14T17:19:48.6974334Z tests/test_wycheproof_vectors.py::test_wpf_modOverflow_vec[Classic-McEliece-6960119f] 
2026-01-14T17:19:48.6980024Z [gw1] [ 95%] SKIPPED tests/test_wycheproof_vectors.py::test_wpf_modOverflow_vec[Classic-McEliece-6960119f] 
2026-01-14T17:19:48.6990339Z tests/test_wycheproof_vectors.py::test_wpf_modOverflow_vec[Classic-McEliece-8192128] 
2026-01-14T17:19:48.7000029Z [gw1] [ 95%] SKIPPED tests/test_wycheproof_vectors.py::test_wpf_modOverflow_vec[Classic-McEliece-8192128] 
2026-01-14T17:19:48.7011234Z tests/test_wycheproof_vectors.py::test_wpf_modOverflow_vec[Classic-McEliece-8192128f] 
2026-01-14T17:19:48.7017296Z [gw1] [ 95%] SKIPPED tests/test_wycheproof_vectors.py::test_wpf_modOverflow_vec[Classic-McEliece-8192128f] 
2026-01-14T17:19:48.7028649Z tests/test_wycheproof_vectors.py::test_wpf_modOverflow_vec[HQC-128] 
2026-01-14T17:19:48.7033813Z [gw1] [ 96%] SKIPPED tests/test_wycheproof_vectors.py::test_wpf_modOverflow_vec[HQC-128] 
2026-01-14T17:19:48.7045655Z tests/test_wycheproof_vectors.py::test_wpf_modOverflow_vec[HQC-192] 
2026-01-14T17:19:48.7050892Z [gw1] [ 96%] SKIPPED tests/test_wycheproof_vectors.py::test_wpf_modOverflow_vec[HQC-192] 
2026-01-14T17:19:48.7064200Z tests/test_wycheproof_vectors.py::test_wpf_modOverflow_vec[HQC-256] 
2026-01-14T17:19:48.7072693Z [gw1] [ 96%] SKIPPED tests/test_wycheproof_vectors.py::test_wpf_modOverflow_vec[HQC-256] 
2026-01-14T17:19:48.7083600Z tests/test_wycheproof_vectors.py::test_wpf_modOverflow_vec[Kyber512] 
2026-01-14T17:19:48.7089566Z [gw1] [ 96%] SKIPPED tests/test_wycheproof_vectors.py::test_wpf_modOverflow_vec[Kyber512] 
2026-01-14T17:19:48.7100249Z tests/test_wycheproof_vectors.py::test_wpf_modOverflow_vec[Kyber768] 
2026-01-14T17:19:48.7105596Z [gw1] [ 96%] SKIPPED tests/test_wycheproof_vectors.py::test_wpf_modOverflow_vec[Kyber768] 
2026-01-14T17:19:48.7116163Z tests/test_wycheproof_vectors.py::test_wpf_modOverflow_vec[Kyber1024] 
2026-01-14T17:19:48.7125782Z [gw1] [ 96%] SKIPPED tests/test_wycheproof_vectors.py::test_wpf_modOverflow_vec[Kyber1024] 
2026-01-14T17:19:48.7858780Z tests/test_wycheproof_vectors.py::test_wpf_modOverflow_vec[ML-KEM-512] 
2026-01-14T17:19:48.7862540Z [gw1] [ 96%] PASSED tests/test_wycheproof_vectors.py::test_wpf_modOverflow_vec[ML-KEM-512] 
2026-01-14T17:19:48.8982654Z tests/test_wycheproof_vectors.py::test_wpf_modOverflow_vec[ML-KEM-768] 
2026-01-14T17:19:48.8990061Z [gw1] [ 96%] PASSED tests/test_wycheproof_vectors.py::test_wpf_modOverflow_vec[ML-KEM-768] 
2026-01-14T17:19:49.0338275Z tests/test_wycheproof_vectors.py::test_wpf_modOverflow_vec[ML-KEM-1024] 
2026-01-14T17:19:49.0341960Z [gw1] [ 96%] PASSED tests/test_wycheproof_vectors.py::test_wpf_modOverflow_vec[ML-KEM-1024] 
2026-01-14T17:19:49.0352414Z tests/test_wycheproof_vectors.py::test_wpf_modOverflow_vec[NTRU-HPS-2048-509] 
2026-01-14T17:19:49.0360661Z [gw1] [ 96%] SKIPPED tests/test_wycheproof_vectors.py::test_wpf_modOverflow_vec[NTRU-HPS-2048-509] 
2026-01-14T17:19:49.0371702Z tests/test_wycheproof_vectors.py::test_wpf_modOverflow_vec[NTRU-HPS-2048-677] 
2026-01-14T17:19:49.0379220Z [gw1] [ 96%] SKIPPED tests/test_wycheproof_vectors.py::test_wpf_modOverflow_vec[NTRU-HPS-2048-677] 
2026-01-14T17:19:49.0391842Z tests/test_wycheproof_vectors.py::test_wpf_modOverflow_vec[NTRU-HPS-4096-821] 
2026-01-14T17:19:49.0398071Z [gw1] [ 96%] SKIPPED tests/test_wycheproof_vectors.py::test_wpf_modOverflow_vec[NTRU-HPS-4096-821] 
2026-01-14T17:19:49.0409081Z tests/test_wycheproof_vectors.py::test_wpf_modOverflow_vec[NTRU-HPS-4096-1229] 
2026-01-14T17:19:49.0418245Z [gw1] [ 96%] SKIPPED tests/test_wycheproof_vectors.py::test_wpf_modOverflow_vec[NTRU-HPS-4096-1229] 
2026-01-14T17:19:49.0429109Z tests/test_wycheproof_vectors.py::test_wpf_modOverflow_vec[NTRU-HRSS-701] 
2026-01-14T17:19:49.0437693Z [gw1] [ 96%] SKIPPED tests/test_wycheproof_vectors.py::test_wpf_modOverflow_vec[NTRU-HRSS-701] 
2026-01-14T17:19:49.0448532Z tests/test_wycheproof_vectors.py::test_wpf_modOverflow_vec[NTRU-HRSS-1373] 
2026-01-14T17:19:49.0457300Z [gw1] [ 96%] SKIPPED tests/test_wycheproof_vectors.py::test_wpf_modOverflow_vec[NTRU-HRSS-1373] 
2026-01-14T17:19:49.0469914Z tests/test_wycheproof_vectors.py::test_wpf_modOverflow_vec[sntrup761] 
2026-01-14T17:19:49.0478188Z [gw1] [ 96%] SKIPPED tests/test_wycheproof_vectors.py::test_wpf_modOverflow_vec[sntrup761] 
2026-01-14T17:19:49.0489715Z tests/test_wycheproof_vectors.py::test_wpf_modOverflow_vec[FrodoKEM-640-AES] 
2026-01-14T17:19:49.0498451Z [gw1] [ 96%] SKIPPED tests/test_wycheproof_vectors.py::test_wpf_modOverflow_vec[FrodoKEM-640-AES] 
2026-01-14T17:19:49.0509282Z tests/test_wycheproof_vectors.py::test_wpf_modOverflow_vec[FrodoKEM-640-SHAKE] 
2026-01-14T17:19:49.0517986Z [gw1] [ 96%] SKIPPED tests/test_wycheproof_vectors.py::test_wpf_modOverflow_vec[FrodoKEM-640-SHAKE] 
2026-01-14T17:19:49.0529025Z tests/test_wycheproof_vectors.py::test_wpf_modOverflow_vec[FrodoKEM-976-AES] 
2026-01-14T17:19:49.0537726Z [gw1] [ 96%] SKIPPED tests/test_wycheproof_vectors.py::test_wpf_modOverflow_vec[FrodoKEM-976-AES] 
2026-01-14T17:19:49.0548367Z tests/test_wycheproof_vectors.py::test_wpf_modOverflow_vec[FrodoKEM-976-SHAKE] 
2026-01-14T17:19:49.0556405Z [gw1] [ 96%] SKIPPED tests/test_wycheproof_vectors.py::test_wpf_modOverflow_vec[FrodoKEM-976-SHAKE] 
2026-01-14T17:19:49.0566173Z tests/test_wycheproof_vectors.py::test_wpf_modOverflow_vec[FrodoKEM-1344-AES] 
2026-01-14T17:19:49.0574045Z [gw1] [ 96%] SKIPPED tests/test_wycheproof_vectors.py::test_wpf_modOverflow_vec[FrodoKEM-1344-AES] 
2026-01-14T17:19:49.0583995Z tests/test_wycheproof_vectors.py::test_wpf_modOverflow_vec[FrodoKEM-1344-SHAKE] 
2026-01-14T17:20:24.6303883Z [gw1] [ 96%] SKIPPED tests/test_wycheproof_vectors.py::test_wpf_modOverflow_vec[FrodoKEM-1344-SHAKE] 
2026-01-14T17:20:24.6308507Z [gw0] [ 96%] PASSED tests/test_cmdline.py::test_sig_stfl[LMS_SHA256_H15_W2] 
2026-01-14T17:23:11.6619773Z tests/test_cmdline.py::test_sig_stfl[LMS_SHA256_H15_W4] 
2026-01-14T17:23:11.6623523Z [gw0] [ 96%] PASSED tests/test_cmdline.py::test_sig_stfl[LMS_SHA256_H15_W4] 
2026-01-14T17:23:11.6635908Z tests/test_cmdline.py::test_sig_stfl[LMS_SHA256_H15_W8] 
2026-01-14T17:23:11.6641656Z [gw0] [ 96%] SKIPPED tests/test_cmdline.py::test_sig_stfl[LMS_SHA256_H15_W8] 
2026-01-14T17:23:11.6655462Z tests/test_cmdline.py::test_sig_stfl[LMS_SHA256_H20_W1] 
2026-01-14T17:23:11.6661190Z [gw0] [ 96%] SKIPPED tests/test_cmdline.py::test_sig_stfl[LMS_SHA256_H20_W1] 
2026-01-14T17:23:11.6672178Z tests/test_cmdline.py::test_sig_stfl[LMS_SHA256_H20_W2] 
2026-01-14T17:23:11.6676847Z [gw0] [ 96%] SKIPPED tests/test_cmdline.py::test_sig_stfl[LMS_SHA256_H20_W2] 
2026-01-14T17:23:11.6687268Z tests/test_cmdline.py::test_sig_stfl[LMS_SHA256_H20_W4] 
2026-01-14T17:23:11.6691469Z [gw0] [ 96%] SKIPPED tests/test_cmdline.py::test_sig_stfl[LMS_SHA256_H20_W4] 
2026-01-14T17:23:11.6701839Z tests/test_cmdline.py::test_sig_stfl[LMS_SHA256_H20_W8] 
2026-01-14T17:23:11.6706252Z [gw0] [ 96%] SKIPPED tests/test_cmdline.py::test_sig_stfl[LMS_SHA256_H20_W8] 
2026-01-14T17:23:11.6716589Z tests/test_cmdline.py::test_sig_stfl[LMS_SHA256_H25_W1] 
2026-01-14T17:23:11.6721606Z [gw0] [ 96%] SKIPPED tests/test_cmdline.py::test_sig_stfl[LMS_SHA256_H25_W1] 
2026-01-14T17:23:11.6733219Z tests/test_cmdline.py::test_sig_stfl[LMS_SHA256_H25_W2] 
2026-01-14T17:23:11.6737727Z [gw0] [ 97%] SKIPPED tests/test_cmdline.py::test_sig_stfl[LMS_SHA256_H25_W2] 
2026-01-14T17:23:11.6748351Z tests/test_cmdline.py::test_sig_stfl[LMS_SHA256_H25_W4] 
2026-01-14T17:23:11.6753720Z [gw0] [ 97%] SKIPPED tests/test_cmdline.py::test_sig_stfl[LMS_SHA256_H25_W4] 
2026-01-14T17:23:11.6766484Z tests/test_cmdline.py::test_sig_stfl[LMS_SHA256_H25_W8] 
2026-01-14T17:23:11.6770934Z [gw0] [ 97%] SKIPPED tests/test_cmdline.py::test_sig_stfl[LMS_SHA256_H25_W8] 
2026-01-14T17:23:14.3737657Z tests/test_cmdline.py::test_sig_stfl[LMS_SHA256_H5_W8_H5_W8] 
2026-01-14T17:23:14.3742124Z [gw0] [ 97%] PASSED tests/test_cmdline.py::test_sig_stfl[LMS_SHA256_H5_W8_H5_W8] 
2026-01-14T17:23:20.5308089Z tests/test_cmdline.py::test_sig_stfl[LMS_SHA256_H10_W4_H5_W8] 
2026-01-14T17:23:20.5311725Z [gw0] [ 97%] PASSED tests/test_cmdline.py::test_sig_stfl[LMS_SHA256_H10_W4_H5_W8] 
2026-01-14T17:23:20.5323655Z tests/test_cmdline.py::test_sig_stfl[LMS_SHA256_H10_W8_H5_W8] 
2026-01-14T17:23:20.5328833Z [gw0] [ 97%] SKIPPED tests/test_cmdline.py::test_sig_stfl[LMS_SHA256_H10_W8_H5_W8] 
2026-01-14T17:23:20.5339105Z tests/test_cmdline.py::test_sig_stfl[LMS_SHA256_H10_W2_H10_W2] 
2026-01-14T17:23:20.5343941Z [gw0] [ 97%] SKIPPED tests/test_cmdline.py::test_sig_stfl[LMS_SHA256_H10_W2_H10_W2] 
2026-01-14T17:23:20.5354496Z tests/test_cmdline.py::test_sig_stfl[LMS_SHA256_H10_W4_H10_W4] 
2026-01-14T17:23:20.5361179Z [gw0] [ 97%] SKIPPED tests/test_cmdline.py::test_sig_stfl[LMS_SHA256_H10_W4_H10_W4] 
2026-01-14T17:23:20.5371972Z tests/test_cmdline.py::test_sig_stfl[LMS_SHA256_H10_W8_H10_W8] 
2026-01-14T17:23:20.5376915Z [gw0] [ 97%] SKIPPED tests/test_cmdline.py::test_sig_stfl[LMS_SHA256_H10_W8_H10_W8] 
2026-01-14T17:23:20.5388274Z tests/test_cmdline.py::test_sig_stfl[LMS_SHA256_H15_W8_H5_W8] 
2026-01-14T17:23:20.5391827Z [gw0] [ 97%] SKIPPED tests/test_cmdline.py::test_sig_stfl[LMS_SHA256_H15_W8_H5_W8] 
2026-01-14T17:23:20.5402742Z tests/test_cmdline.py::test_sig_stfl[LMS_SHA256_H15_W8_H10_W8] 
2026-01-14T17:23:20.5409293Z [gw0] [ 97%] SKIPPED tests/test_cmdline.py::test_sig_stfl[LMS_SHA256_H15_W8_H10_W8] 
2026-01-14T17:23:20.5420313Z tests/test_cmdline.py::test_sig_stfl[LMS_SHA256_H15_W8_H15_W8] 
2026-01-14T17:23:20.5425327Z [gw0] [ 97%] SKIPPED tests/test_cmdline.py::test_sig_stfl[LMS_SHA256_H15_W8_H15_W8] 
2026-01-14T17:23:20.5435615Z tests/test_cmdline.py::test_sig_stfl[LMS_SHA256_H20_W8_H5_W8] 
2026-01-14T17:23:20.5440395Z [gw0] [ 97%] SKIPPED tests/test_cmdline.py::test_sig_stfl[LMS_SHA256_H20_W8_H5_W8] 
2026-01-14T17:23:20.5450420Z tests/test_cmdline.py::test_sig_stfl[LMS_SHA256_H20_W8_H10_W8] 
2026-01-14T17:23:20.5455070Z [gw0] [ 97%] SKIPPED tests/test_cmdline.py::test_sig_stfl[LMS_SHA256_H20_W8_H10_W8] 
2026-01-14T17:23:20.5464570Z tests/test_cmdline.py::test_sig_stfl[LMS_SHA256_H20_W8_H15_W8] 
2026-01-14T17:23:20.5469942Z [gw0] [ 97%] SKIPPED tests/test_cmdline.py::test_sig_stfl[LMS_SHA256_H20_W8_H15_W8] 
2026-01-14T17:23:20.5479705Z tests/test_cmdline.py::test_sig_stfl[LMS_SHA256_H20_W8_H20_W8] 
2026-01-14T17:23:20.5485446Z [gw0] [ 97%] SKIPPED tests/test_cmdline.py::test_sig_stfl[LMS_SHA256_H20_W8_H20_W8] 
2026-01-14T17:23:20.5490730Z tests/test_constant_time.py::test_constant_time_kem[BIKE-L1] 
2026-01-14T17:23:20.5496660Z [gw0] [ 97%] SKIPPED tests/test_constant_time.py::test_constant_time_kem[BIKE-L1] 
2026-01-14T17:23:20.5510845Z tests/test_kat.py::test_sig[SLH_DSA_SHA2_512_224_PREHASH_SHA2_128S] 
2026-01-14T17:23:20.5515382Z [gw0] [ 97%] SKIPPED tests/test_kat.py::test_sig[SLH_DSA_SHA2_512_224_PREHASH_SHA2_128S] 
2026-01-14T17:23:20.5523384Z tests/test_kat.py::test_sig[SLH_DSA_SHA2_512_224_PREHASH_SHA2_128F] 
2026-01-14T17:23:20.5528603Z [gw0] [ 97%] SKIPPED tests/test_kat.py::test_sig[SLH_DSA_SHA2_512_224_PREHASH_SHA2_128F] 
2026-01-14T17:23:20.5536428Z tests/test_kat.py::test_sig[SLH_DSA_SHA2_512_224_PREHASH_SHA2_192S] 
2026-01-14T17:23:20.5541428Z [gw0] [ 97%] SKIPPED tests/test_kat.py::test_sig[SLH_DSA_SHA2_512_224_PREHASH_SHA2_192S] 
2026-01-14T17:23:20.5549521Z tests/test_kat.py::test_sig[SLH_DSA_SHA2_512_224_PREHASH_SHA2_192F] 
2026-01-14T17:23:20.5554857Z [gw0] [ 97%] SKIPPED tests/test_kat.py::test_sig[SLH_DSA_SHA2_512_224_PREHASH_SHA2_192F] 
2026-01-14T17:23:20.5563347Z tests/test_kat.py::test_sig[SLH_DSA_SHA2_512_224_PREHASH_SHA2_256S] 
2026-01-14T17:23:20.5568559Z [gw0] [ 97%] SKIPPED tests/test_kat.py::test_sig[SLH_DSA_SHA2_512_224_PREHASH_SHA2_256S] 
2026-01-14T17:23:20.5576566Z tests/test_kat.py::test_sig[SLH_DSA_SHA2_512_224_PREHASH_SHA2_256F] 
2026-01-14T17:23:20.5581028Z [gw0] [ 97%] SKIPPED tests/test_kat.py::test_sig[SLH_DSA_SHA2_512_224_PREHASH_SHA2_256F] 
2026-01-14T17:23:20.5589318Z tests/test_kat.py::test_sig[SLH_DSA_SHA2_512_224_PREHASH_SHAKE_128S] 
2026-01-14T17:23:20.5594181Z [gw0] [ 97%] SKIPPED tests/test_kat.py::test_sig[SLH_DSA_SHA2_512_224_PREHASH_SHAKE_128S] 
2026-01-14T17:23:20.5601545Z tests/test_kat.py::test_sig[SLH_DSA_SHA2_512_224_PREHASH_SHAKE_128F] 
2026-01-14T17:23:20.5607236Z [gw0] [ 97%] SKIPPED tests/test_kat.py::test_sig[SLH_DSA_SHA2_512_224_PREHASH_SHAKE_128F] 
2026-01-14T17:23:20.5615152Z tests/test_kat.py::test_sig[SLH_DSA_SHA2_512_224_PREHASH_SHAKE_192S] 
2026-01-14T17:23:20.5619836Z [gw0] [ 97%] SKIPPED tests/test_kat.py::test_sig[SLH_DSA_SHA2_512_224_PREHASH_SHAKE_192S] 
2026-01-14T17:23:20.5627724Z tests/test_kat.py::test_sig[SLH_DSA_SHA2_512_224_PREHASH_SHAKE_192F] 
2026-01-14T17:23:20.5632831Z [gw0] [ 97%] SKIPPED tests/test_kat.py::test_sig[SLH_DSA_SHA2_512_224_PREHASH_SHAKE_192F] 
2026-01-14T17:23:20.5642022Z tests/test_kat.py::test_sig[SLH_DSA_SHA2_512_224_PREHASH_SHAKE_256S] 
2026-01-14T17:23:20.5646753Z [gw0] [ 97%] SKIPPED tests/test_kat.py::test_sig[SLH_DSA_SHA2_512_224_PREHASH_SHAKE_256S] 
2026-01-14T17:23:20.5655075Z tests/test_kat.py::test_sig[SLH_DSA_SHA2_512_224_PREHASH_SHAKE_256F] 
2026-01-14T17:23:20.5659243Z [gw0] [ 97%] SKIPPED tests/test_kat.py::test_sig[SLH_DSA_SHA2_512_224_PREHASH_SHAKE_256F] 
2026-01-14T17:23:20.5666687Z tests/test_kat.py::test_sig[SLH_DSA_SHA2_512_256_PREHASH_SHA2_128S] 
2026-01-14T17:23:20.5671314Z [gw0] [ 97%] SKIPPED tests/test_kat.py::test_sig[SLH_DSA_SHA2_512_256_PREHASH_SHA2_128S] 
2026-01-14T17:23:20.5678423Z tests/test_kat.py::test_sig[SLH_DSA_SHA2_512_256_PREHASH_SHA2_128F] 
2026-01-14T17:23:20.5683137Z [gw0] [ 97%] SKIPPED tests/test_kat.py::test_sig[SLH_DSA_SHA2_512_256_PREHASH_SHA2_128F] 
2026-01-14T17:23:20.5690670Z tests/test_kat.py::test_sig[SLH_DSA_SHA2_512_256_PREHASH_SHA2_192S] 
2026-01-14T17:23:20.5696629Z [gw0] [ 98%] SKIPPED tests/test_kat.py::test_sig[SLH_DSA_SHA2_512_256_PREHASH_SHA2_192S] 
2026-01-14T17:23:20.5703944Z tests/test_kat.py::test_sig[SLH_DSA_SHA2_512_256_PREHASH_SHA2_192F] 
2026-01-14T17:23:20.5709140Z [gw0] [ 98%] SKIPPED tests/test_kat.py::test_sig[SLH_DSA_SHA2_512_256_PREHASH_SHA2_192F] 
2026-01-14T17:23:20.5716652Z tests/test_kat.py::test_sig[SLH_DSA_SHA2_512_256_PREHASH_SHA2_256S] 
2026-01-14T17:23:20.5721282Z [gw0] [ 98%] SKIPPED tests/test_kat.py::test_sig[SLH_DSA_SHA2_512_256_PREHASH_SHA2_256S] 
2026-01-14T17:23:20.5730085Z tests/test_kat.py::test_sig[SLH_DSA_SHA2_512_256_PREHASH_SHA2_256F] 
2026-01-14T17:23:20.5735219Z [gw0] [ 98%] SKIPPED tests/test_kat.py::test_sig[SLH_DSA_SHA2_512_256_PREHASH_SHA2_256F] 
2026-01-14T17:23:20.5742542Z tests/test_kat.py::test_sig[SLH_DSA_SHA2_512_256_PREHASH_SHAKE_128S] 
2026-01-14T17:23:20.5747168Z [gw0] [ 98%] SKIPPED tests/test_kat.py::test_sig[SLH_DSA_SHA2_512_256_PREHASH_SHAKE_128S] 
2026-01-14T17:23:20.5754622Z tests/test_kat.py::test_sig[SLH_DSA_SHA2_512_256_PREHASH_SHAKE_128F] 
2026-01-14T17:23:20.5760199Z [gw0] [ 98%] SKIPPED tests/test_kat.py::test_sig[SLH_DSA_SHA2_512_256_PREHASH_SHAKE_128F] 
2026-01-14T17:23:20.5767402Z tests/test_kat.py::test_sig[SLH_DSA_SHA2_512_256_PREHASH_SHAKE_192S] 
2026-01-14T17:23:20.5772552Z [gw0] [ 98%] SKIPPED tests/test_kat.py::test_sig[SLH_DSA_SHA2_512_256_PREHASH_SHAKE_192S] 
2026-01-14T17:23:20.5780156Z tests/test_kat.py::test_sig[SLH_DSA_SHA2_512_256_PREHASH_SHAKE_192F] 
2026-01-14T17:23:20.5786277Z [gw0] [ 98%] SKIPPED tests/test_kat.py::test_sig[SLH_DSA_SHA2_512_256_PREHASH_SHAKE_192F] 
2026-01-14T17:23:20.5793359Z tests/test_kat.py::test_sig[SLH_DSA_SHA2_512_256_PREHASH_SHAKE_256S] 
2026-01-14T17:23:20.5797798Z [gw0] [ 98%] SKIPPED tests/test_kat.py::test_sig[SLH_DSA_SHA2_512_256_PREHASH_SHAKE_256S] 
2026-01-14T17:23:20.5805481Z tests/test_kat.py::test_sig[SLH_DSA_SHA2_512_256_PREHASH_SHAKE_256F] 
2026-01-14T17:23:20.5810232Z [gw0] [ 98%] SKIPPED tests/test_kat.py::test_sig[SLH_DSA_SHA2_512_256_PREHASH_SHAKE_256F] 
2026-01-14T17:23:20.5817511Z tests/test_kat.py::test_sig[SLH_DSA_SHA3_224_PREHASH_SHA2_128S] 
2026-01-14T17:23:20.5821846Z [gw0] [ 98%] SKIPPED tests/test_kat.py::test_sig[SLH_DSA_SHA3_224_PREHASH_SHA2_128S] 
2026-01-14T17:23:20.5829427Z tests/test_kat.py::test_sig[SLH_DSA_SHA3_224_PREHASH_SHA2_128F] 
2026-01-14T17:23:20.5833969Z [gw0] [ 98%] SKIPPED tests/test_kat.py::test_sig[SLH_DSA_SHA3_224_PREHASH_SHA2_128F] 
2026-01-14T17:23:20.5842268Z tests/test_kat.py::test_sig[SLH_DSA_SHA3_224_PREHASH_SHA2_192S] 
2026-01-14T17:23:20.5846547Z [gw0] [ 98%] SKIPPED tests/test_kat.py::test_sig[SLH_DSA_SHA3_224_PREHASH_SHA2_192S] 
2026-01-14T17:23:20.5854471Z tests/test_kat.py::test_sig[SLH_DSA_SHA3_224_PREHASH_SHA2_192F] 
2026-01-14T17:23:20.5859063Z [gw0] [ 98%] SKIPPED tests/test_kat.py::test_sig[SLH_DSA_SHA3_224_PREHASH_SHA2_192F] 
2026-01-14T17:23:20.5866850Z tests/test_kat.py::test_sig[SLH_DSA_SHA3_224_PREHASH_SHA2_256S] 
2026-01-14T17:23:20.5873562Z [gw0] [ 98%] SKIPPED tests/test_kat.py::test_sig[SLH_DSA_SHA3_224_PREHASH_SHA2_256S] 
2026-01-14T17:23:20.5881770Z tests/test_kat.py::test_sig[SLH_DSA_SHA3_224_PREHASH_SHA2_256F] 
2026-01-14T17:23:20.5886704Z [gw0] [ 98%] SKIPPED tests/test_kat.py::test_sig[SLH_DSA_SHA3_224_PREHASH_SHA2_256F] 
2026-01-14T17:23:20.5894034Z tests/test_kat.py::test_sig[SLH_DSA_SHA3_224_PREHASH_SHAKE_128S] 
2026-01-14T17:23:20.5898292Z [gw0] [ 98%] SKIPPED tests/test_kat.py::test_sig[SLH_DSA_SHA3_224_PREHASH_SHAKE_128S] 
2026-01-14T17:23:20.5906721Z tests/test_kat.py::test_sig[SLH_DSA_SHA3_224_PREHASH_SHAKE_128F] 
2026-01-14T17:23:20.5911759Z [gw0] [ 98%] SKIPPED tests/test_kat.py::test_sig[SLH_DSA_SHA3_224_PREHASH_SHAKE_128F] 
2026-01-14T17:23:20.5919815Z tests/test_kat.py::test_sig[SLH_DSA_SHA3_224_PREHASH_SHAKE_192S] 
2026-01-14T17:23:20.5925328Z [gw0] [ 98%] SKIPPED tests/test_kat.py::test_sig[SLH_DSA_SHA3_224_PREHASH_SHAKE_192S] 
2026-01-14T17:23:20.5932151Z tests/test_kat.py::test_sig[SLH_DSA_SHA3_224_PREHASH_SHAKE_192F] 
2026-01-14T17:23:20.5937284Z [gw0] [ 98%] SKIPPED tests/test_kat.py::test_sig[SLH_DSA_SHA3_224_PREHASH_SHAKE_192F] 
2026-01-14T17:23:20.5944543Z tests/test_kat.py::test_sig[SLH_DSA_SHA3_224_PREHASH_SHAKE_256S] 
2026-01-14T17:23:20.5949513Z [gw0] [ 98%] SKIPPED tests/test_kat.py::test_sig[SLH_DSA_SHA3_224_PREHASH_SHAKE_256S] 
2026-01-14T17:23:20.5957201Z tests/test_kat.py::test_sig[SLH_DSA_SHA3_224_PREHASH_SHAKE_256F] 
2026-01-14T17:23:20.5963328Z [gw0] [ 98%] SKIPPED tests/test_kat.py::test_sig[SLH_DSA_SHA3_224_PREHASH_SHAKE_256F] 
2026-01-14T17:23:20.5971326Z tests/test_kat.py::test_sig[SLH_DSA_SHA3_256_PREHASH_SHA2_128S] 
2026-01-14T17:23:20.5976197Z [gw0] [ 98%] SKIPPED tests/test_kat.py::test_sig[SLH_DSA_SHA3_256_PREHASH_SHA2_128S] 
2026-01-14T17:23:20.5983160Z tests/test_kat.py::test_sig[SLH_DSA_SHA3_256_PREHASH_SHA2_128F] 
2026-01-14T17:23:20.5988420Z [gw0] [ 98%] SKIPPED tests/test_kat.py::test_sig[SLH_DSA_SHA3_256_PREHASH_SHA2_128F] 
2026-01-14T17:23:20.5995718Z tests/test_kat.py::test_sig[SLH_DSA_SHA3_256_PREHASH_SHA2_192S] 
2026-01-14T17:23:20.6000668Z [gw0] [ 98%] SKIPPED tests/test_kat.py::test_sig[SLH_DSA_SHA3_256_PREHASH_SHA2_192S] 
2026-01-14T17:23:20.6008304Z tests/test_kat.py::test_sig[SLH_DSA_SHA3_256_PREHASH_SHA2_192F] 
2026-01-14T17:23:20.6012718Z [gw0] [ 98%] SKIPPED tests/test_kat.py::test_sig[SLH_DSA_SHA3_256_PREHASH_SHA2_192F] 
2026-01-14T17:23:20.6020449Z tests/test_kat.py::test_sig[SLH_DSA_SHA3_256_PREHASH_SHA2_256S] 
2026-01-14T17:23:20.6025116Z [gw0] [ 98%] SKIPPED tests/test_kat.py::test_sig[SLH_DSA_SHA3_256_PREHASH_SHA2_256S] 
2026-01-14T17:23:20.6032440Z tests/test_kat.py::test_sig[SLH_DSA_SHA3_256_PREHASH_SHA2_256F] 
2026-01-14T17:23:20.6037323Z [gw0] [ 98%] SKIPPED tests/test_kat.py::test_sig[SLH_DSA_SHA3_256_PREHASH_SHA2_256F] 
2026-01-14T17:23:20.6045065Z tests/test_kat.py::test_sig[SLH_DSA_SHA3_256_PREHASH_SHAKE_128S] 
2026-01-14T17:23:20.6050543Z [gw0] [ 98%] SKIPPED tests/test_kat.py::test_sig[SLH_DSA_SHA3_256_PREHASH_SHAKE_128S] 
2026-01-14T17:23:20.6058017Z tests/test_kat.py::test_sig[SLH_DSA_SHA3_256_PREHASH_SHAKE_128F] 
2026-01-14T17:23:20.6062609Z [gw0] [ 98%] SKIPPED tests/test_kat.py::test_sig[SLH_DSA_SHA3_256_PREHASH_SHAKE_128F] 
2026-01-14T17:23:20.6070768Z tests/test_kat.py::test_sig[SLH_DSA_SHA3_256_PREHASH_SHAKE_192S] 
2026-01-14T17:23:20.6075318Z [gw0] [ 98%] SKIPPED tests/test_kat.py::test_sig[SLH_DSA_SHA3_256_PREHASH_SHAKE_192S] 
2026-01-14T17:23:20.6082841Z tests/test_kat.py::test_sig[SLH_DSA_SHA3_256_PREHASH_SHAKE_192F] 
2026-01-14T17:23:20.6087708Z [gw0] [ 99%] SKIPPED tests/test_kat.py::test_sig[SLH_DSA_SHA3_256_PREHASH_SHAKE_192F] 
2026-01-14T17:23:20.6095154Z tests/test_kat.py::test_sig[SLH_DSA_SHA3_256_PREHASH_SHAKE_256S] 
2026-01-14T17:23:20.6099818Z [gw0] [ 99%] SKIPPED tests/test_kat.py::test_sig[SLH_DSA_SHA3_256_PREHASH_SHAKE_256S] 
2026-01-14T17:23:20.6106962Z tests/test_kat.py::test_sig[SLH_DSA_SHA3_256_PREHASH_SHAKE_256F] 
2026-01-14T17:23:20.6111867Z [gw0] [ 99%] SKIPPED tests/test_kat.py::test_sig[SLH_DSA_SHA3_256_PREHASH_SHAKE_256F] 
2026-01-14T17:23:20.6120061Z tests/test_kat.py::test_sig[SLH_DSA_SHA3_384_PREHASH_SHA2_128S] 
2026-01-14T17:23:20.6125262Z [gw0] [ 99%] SKIPPED tests/test_kat.py::test_sig[SLH_DSA_SHA3_384_PREHASH_SHA2_128S] 
2026-01-14T17:23:20.6133074Z tests/test_kat.py::test_sig[SLH_DSA_SHA3_384_PREHASH_SHA2_128F] 
2026-01-14T17:23:20.6139766Z [gw0] [ 99%] SKIPPED tests/test_kat.py::test_sig[SLH_DSA_SHA3_384_PREHASH_SHA2_128F] 
2026-01-14T17:23:20.6148793Z tests/test_kat.py::test_sig[SLH_DSA_SHA3_384_PREHASH_SHA2_192S] 
2026-01-14T17:23:20.6153410Z [gw0] [ 99%] SKIPPED tests/test_kat.py::test_sig[SLH_DSA_SHA3_384_PREHASH_SHA2_192S] 
2026-01-14T17:23:20.6161961Z tests/test_kat.py::test_sig[SLH_DSA_SHA3_384_PREHASH_SHA2_192F] 
2026-01-14T17:23:20.6167442Z [gw0] [ 99%] SKIPPED tests/test_kat.py::test_sig[SLH_DSA_SHA3_384_PREHASH_SHA2_192F] 
2026-01-14T17:23:20.6174362Z tests/test_kat.py::test_sig[SLH_DSA_SHA3_384_PREHASH_SHA2_256S] 
2026-01-14T17:23:20.6179703Z [gw0] [ 99%] SKIPPED tests/test_kat.py::test_sig[SLH_DSA_SHA3_384_PREHASH_SHA2_256S] 
2026-01-14T17:23:20.6187694Z tests/test_kat.py::test_sig[SLH_DSA_SHA3_384_PREHASH_SHA2_256F] 
2026-01-14T17:23:20.6192284Z [gw0] [ 99%] SKIPPED tests/test_kat.py::test_sig[SLH_DSA_SHA3_384_PREHASH_SHA2_256F] 
2026-01-14T17:23:20.6199911Z tests/test_kat.py::test_sig[SLH_DSA_SHA3_384_PREHASH_SHAKE_128S] 
2026-01-14T17:23:20.6204731Z [gw0] [ 99%] SKIPPED tests/test_kat.py::test_sig[SLH_DSA_SHA3_384_PREHASH_SHAKE_128S] 
2026-01-14T17:23:20.6212262Z tests/test_kat.py::test_sig[SLH_DSA_SHA3_384_PREHASH_SHAKE_128F] 
2026-01-14T17:23:20.6216780Z [gw0] [ 99%] SKIPPED tests/test_kat.py::test_sig[SLH_DSA_SHA3_384_PREHASH_SHAKE_128F] 
2026-01-14T17:23:20.6224178Z tests/test_kat.py::test_sig[SLH_DSA_SHA3_384_PREHASH_SHAKE_192S] 
2026-01-14T17:23:20.6230269Z [gw0] [ 99%] SKIPPED tests/test_kat.py::test_sig[SLH_DSA_SHA3_384_PREHASH_SHAKE_192S] 
2026-01-14T17:23:20.6237851Z tests/test_kat.py::test_sig[SLH_DSA_SHA3_384_PREHASH_SHAKE_192F] 
2026-01-14T17:23:20.6242554Z [gw0] [ 99%] SKIPPED tests/test_kat.py::test_sig[SLH_DSA_SHA3_384_PREHASH_SHAKE_192F] 
2026-01-14T17:23:20.6249561Z tests/test_kat.py::test_sig[SLH_DSA_SHA3_384_PREHASH_SHAKE_256S] 
2026-01-14T17:23:20.6254180Z [gw0] [ 99%] SKIPPED tests/test_kat.py::test_sig[SLH_DSA_SHA3_384_PREHASH_SHAKE_256S] 
2026-01-14T17:23:20.6261998Z tests/test_kat.py::test_sig[SLH_DSA_SHA3_384_PREHASH_SHAKE_256F] 
2026-01-14T17:23:20.6266987Z [gw0] [ 99%] SKIPPED tests/test_kat.py::test_sig[SLH_DSA_SHA3_384_PREHASH_SHAKE_256F] 
2026-01-14T17:23:20.6284858Z tests/test_kat.py::test_sig[SLH_DSA_SHA3_512_PREHASH_SHA2_128S] 
2026-01-14T17:23:20.6291123Z [gw0] [ 99%] SKIPPED tests/test_kat.py::test_sig[SLH_DSA_SHA3_512_PREHASH_SHA2_128S] 
2026-01-14T17:23:20.6292015Z tests/test_kat.py::test_sig[SLH_DSA_SHA3_512_PREHASH_SHA2_128F] 
2026-01-14T17:23:20.6295798Z [gw0] [ 99%] SKIPPED tests/test_kat.py::test_sig[SLH_DSA_SHA3_512_PREHASH_SHA2_128F] 
2026-01-14T17:23:20.6300628Z tests/test_kat.py::test_sig[SLH_DSA_SHA3_512_PREHASH_SHA2_192S] 
2026-01-14T17:23:20.6304708Z [gw0] [ 99%] SKIPPED tests/test_kat.py::test_sig[SLH_DSA_SHA3_512_PREHASH_SHA2_192S] 
2026-01-14T17:23:20.6312343Z tests/test_kat.py::test_sig[SLH_DSA_SHA3_512_PREHASH_SHA2_192F] 
2026-01-14T17:23:20.6318353Z [gw0] [ 99%] SKIPPED tests/test_kat.py::test_sig[SLH_DSA_SHA3_512_PREHASH_SHA2_192F] 
2026-01-14T17:23:20.6325975Z tests/test_kat.py::test_sig[SLH_DSA_SHA3_512_PREHASH_SHA2_256S] 
2026-01-14T17:23:20.6330928Z [gw0] [ 99%] SKIPPED tests/test_kat.py::test_sig[SLH_DSA_SHA3_512_PREHASH_SHA2_256S] 
2026-01-14T17:23:20.6339509Z tests/test_kat.py::test_sig[SLH_DSA_SHA3_512_PREHASH_SHA2_256F] 
2026-01-14T17:23:20.6344017Z [gw0] [ 99%] SKIPPED tests/test_kat.py::test_sig[SLH_DSA_SHA3_512_PREHASH_SHA2_256F] 
2026-01-14T17:23:20.6352563Z tests/test_kat.py::test_sig[SLH_DSA_SHA3_512_PREHASH_SHAKE_128S] 
2026-01-14T17:23:20.6357617Z [gw0] [ 99%] SKIPPED tests/test_kat.py::test_sig[SLH_DSA_SHA3_512_PREHASH_SHAKE_128S] 
2026-01-14T17:23:20.6365416Z tests/test_kat.py::test_sig[SLH_DSA_SHA3_512_PREHASH_SHAKE_128F] 
2026-01-14T17:23:20.6370723Z [gw0] [ 99%] SKIPPED tests/test_kat.py::test_sig[SLH_DSA_SHA3_512_PREHASH_SHAKE_128F] 
2026-01-14T17:23:20.6378626Z tests/test_kat.py::test_sig[SLH_DSA_SHA3_512_PREHASH_SHAKE_192S] 
2026-01-14T17:23:20.6383183Z [gw0] [ 99%] SKIPPED tests/test_kat.py::test_sig[SLH_DSA_SHA3_512_PREHASH_SHAKE_192S] 
2026-01-14T17:23:20.6390579Z tests/test_kat.py::test_sig[SLH_DSA_SHA3_512_PREHASH_SHAKE_192F] 
2026-01-14T17:23:20.6395604Z [gw0] [ 99%] SKIPPED tests/test_kat.py::test_sig[SLH_DSA_SHA3_512_PREHASH_SHAKE_192F] 
2026-01-14T17:23:20.6403228Z tests/test_kat.py::test_sig[SLH_DSA_SHA3_512_PREHASH_SHAKE_256S] 
2026-01-14T17:23:20.6409596Z [gw0] [ 99%] SKIPPED tests/test_kat.py::test_sig[SLH_DSA_SHA3_512_PREHASH_SHAKE_256S] 
2026-01-14T17:23:20.6417303Z tests/test_kat.py::test_sig[SLH_DSA_SHA3_512_PREHASH_SHAKE_256F] 
2026-01-14T17:23:20.6421295Z [gw0] [ 99%] SKIPPED tests/test_kat.py::test_sig[SLH_DSA_SHA3_512_PREHASH_SHAKE_256F] 
2026-01-14T17:23:20.6430049Z tests/test_kat.py::test_sig[SLH_DSA_SHAKE_128_PREHASH_SHA2_128S] 
2026-01-14T17:23:20.6435006Z [gw0] [ 99%] SKIPPED tests/test_kat.py::test_sig[SLH_DSA_SHAKE_128_PREHASH_SHA2_128S] 
2026-01-14T17:23:20.6442987Z tests/test_kat.py::test_sig[SLH_DSA_SHAKE_128_PREHASH_SHA2_128F] 
2026-01-14T17:23:20.6448043Z [gw0] [ 99%] SKIPPED tests/test_kat.py::test_sig[SLH_DSA_SHAKE_128_PREHASH_SHA2_128F] 
2026-01-14T17:23:20.6456452Z tests/test_kat.py::test_sig[SLH_DSA_SHAKE_128_PREHASH_SHA2_192S] 
2026-01-14T17:23:20.6461569Z [gw0] [ 99%] SKIPPED tests/test_kat.py::test_sig[SLH_DSA_SHAKE_128_PREHASH_SHA2_192S] 
2026-01-14T17:23:20.6469963Z tests/test_kat.py::test_sig[SLH_DSA_SHAKE_128_PREHASH_SHA2_192F] 
2026-01-14T17:23:20.7609962Z [gw0] [100%] SKIPPED tests/test_kat.py::test_sig[SLH_DSA_SHAKE_128_PREHASH_SHA2_192F] 
2026-01-14T17:23:20.7610602Z 
2026-01-14T17:23:20.7610826Z =================================== FAILURES ===================================
2026-01-14T17:23:20.7611479Z _________________________ test_kem[NTRU-HPS-2048-509] __________________________
2026-01-14T17:23:20.7612166Z [gw0] linux -- Python 3.12.3 /usr/bin/python3
2026-01-14T17:23:20.7612497Z 
2026-01-14T17:23:20.7612621Z kem_name = 'NTRU-HPS-2048-509'
2026-01-14T17:23:20.7612808Z 
2026-01-14T17:23:20.7612904Z     @helpers.filtered_test
2026-01-14T17:23:20.7613273Z     @pytest.mark.parametrize('kem_name', helpers.available_kems_by_name())
2026-01-14T17:23:20.7613691Z     def test_kem(kem_name):
2026-01-14T17:23:20.7614067Z         if not(helpers.is_kem_enabled_by_name(kem_name)): pytest.skip('Not enabled')
2026-01-14T17:23:20.7614522Z >       helpers.run_subprocess(
2026-01-14T17:23:20.7614833Z             [helpers.path_to_executable('test_kem'), kem_name],
2026-01-14T17:23:20.7615430Z         )
2026-01-14T17:23:20.7615534Z 
2026-01-14T17:23:20.7615627Z tests/test_cmdline.py:19: 
2026-01-14T17:23:20.7615930Z _ _ _ _ _ _ _ _ _ _ _ _ _ _ _ _ _ _ _ _ _ _ _ _ _ _ _ _ _ _ _ _ _ _ _ _ _ _ _ _ 
2026-01-14T17:23:20.7616196Z 
2026-01-14T17:23:20.7616407Z command = ['./build/tests/test_kem', 'NTRU-HPS-2048-509'], working_dir = '.'
2026-01-14T17:23:20.7616987Z env = {'ARCH': 'x86_64', 'CI': 'true', 'GITHUB_ACTION': '__run_4', 'GITHUB_ACTIONS': 'true', ...}
2026-01-14T17:23:20.7617554Z expected_returncode = 0, input = None, ignore_returncode = False
2026-01-14T17:23:20.7617852Z 
2026-01-14T17:23:20.7618277Z     def run_subprocess(command, working_dir='.', env=None, expected_returncode=0, input=None, ignore_returncode=False):
2026-01-14T17:23:20.7618844Z         """
2026-01-14T17:23:20.7619139Z         Helper function to run a shell command and report success/failure
2026-01-14T17:23:20.7619586Z         depending on the exit status of the shell command.
2026-01-14T17:23:20.7619899Z         """
2026-01-14T17:23:20.7620091Z         env_ = os.environ.copy()
2026-01-14T17:23:20.7620338Z         if env is not None:
2026-01-14T17:23:20.7620572Z             env_.update(env)
2026-01-14T17:23:20.7620803Z         env = env_
2026-01-14T17:23:20.7620989Z     
2026-01-14T17:23:20.7621248Z         # Note we need to capture stdout/stderr from the subprocess,
2026-01-14T17:23:20.7621656Z         # then print it, which pytest will then capture and
2026-01-14T17:23:20.7622224Z         # buffer appropriately
2026-01-14T17:23:20.7622524Z         print(working_dir + " > " + " ".join(command))
2026-01-14T17:23:20.7622826Z     
2026-01-14T17:23:20.7623009Z         result = subprocess.run(
2026-01-14T17:23:20.7623256Z                 command,
2026-01-14T17:23:20.7623473Z                 input=input,
2026-01-14T17:23:20.7623728Z                 stdout=subprocess.PIPE,
2026-01-14T17:23:20.7624020Z                 stderr=subprocess.STDOUT,
2026-01-14T17:23:20.7624295Z                 cwd=working_dir,
2026-01-14T17:23:20.7624536Z                 env=env,
2026-01-14T17:23:20.7624740Z             )
2026-01-14T17:23:20.7625368Z     
2026-01-14T17:23:20.7625696Z         if not(ignore_returncode) and (result.returncode != expected_returncode):
2026-01-14T17:23:20.7626169Z             print(result.stdout.decode('utf-8'))
2026-01-14T17:23:20.7626579Z >           assert False, "Got unexpected return code {}".format(result.returncode)
2026-01-14T17:23:20.7626997Z E           AssertionError: Got unexpected return code 1
2026-01-14T17:23:20.7627380Z 
2026-01-14T17:23:20.7627472Z tests/helpers.py:43: AssertionError
2026-01-14T17:23:20.7627783Z ----------------------------- Captured stdout call -----------------------------
2026-01-14T17:23:20.7628135Z . > ./build/tests/test_kem NTRU-HPS-2048-509
2026-01-14T17:23:20.7628401Z =================================================================
2026-01-14T17:23:20.7629730Z ==7315==ERROR: AddressSanitizer: requested allocation size 0xbebebebebebebefc (0xbebebebebebecf00 after adjustments for alignment, red zones etc.) exceeds maximum supported size of 0x10000000000 (thread T1)
2026-01-14T17:23:20.7631562Z     #0 0x55b846a43373 in malloc (/__w/liboqs/liboqs/build/tests/test_kem+0x12c373) (BuildId: d066c5d58f3d8dd3d4a95f71b3ff55e0612db2cb)
2026-01-14T17:23:20.7632375Z     #1 0x55b846a81ef5 in kem_test_correctness /__w/liboqs/liboqs/tests/test_kem.c:150:16
2026-01-14T17:23:20.7633249Z     #2 0x55b846a81953 in test_wrapper /__w/liboqs/liboqs/tests/test_kem.c:362:11
2026-01-14T17:23:20.7634037Z     #3 0x55b846a40e5c in asan_thread_start(void*) asan_interceptors.cpp.o
2026-01-14T17:23:20.7634501Z 
2026-01-14T17:23:20.7634856Z ==7315==HINT: if you don't care about these errors you may set allocator_may_return_null=1
2026-01-14T17:23:20.7636450Z SUMMARY: AddressSanitizer: allocation-size-too-big (/__w/liboqs/liboqs/build/tests/test_kem+0x12c373) (BuildId: d066c5d58f3d8dd3d4a95f71b3ff55e0612db2cb) in malloc
2026-01-14T17:23:20.7637122Z Thread T1 created by T0 here:
2026-01-14T17:23:20.7637674Z     #0 0x55b846a28ce5 in pthread_create (/__w/liboqs/liboqs/build/tests/test_kem+0x111ce5) (BuildId: d066c5d58f3d8dd3d4a95f71b3ff55e0612db2cb)
2026-01-14T17:23:20.7638325Z     #1 0x55b846a836fd in main /__w/liboqs/liboqs/tests/test_kem.c:427:13
2026-01-14T17:23:20.7638809Z     #2 0x7f8c8fe7f1c9 in __libc_start_call_main csu/../sysdeps/nptl/libc_start_call_main.h:58:16
2026-01-14T17:23:20.7639297Z     #3 0x7f8c8fe7f28a in __libc_start_main csu/../csu/libc-start.c:360:3
2026-01-14T17:23:20.7639921Z     #4 0x55b8469a8524 in _start (/__w/liboqs/liboqs/build/tests/test_kem+0x91524) (BuildId: d066c5d58f3d8dd3d4a95f71b3ff55e0612db2cb)
2026-01-14T17:23:20.7640373Z 
2026-01-14T17:23:20.7640443Z ==7315==ABORTING
2026-01-14T17:23:20.7640543Z 
2026-01-14T17:23:20.7640700Z _________________________ test_kem[NTRU-HPS-2048-677] __________________________
2026-01-14T17:23:20.7641060Z [gw0] linux -- Python 3.12.3 /usr/bin/python3
2026-01-14T17:23:20.7641241Z 
2026-01-14T17:23:20.7641322Z kem_name = 'NTRU-HPS-2048-677'
2026-01-14T17:23:20.7641470Z 
2026-01-14T17:23:20.7641547Z     @helpers.filtered_test
2026-01-14T17:23:20.7641863Z     @pytest.mark.parametrize('kem_name', helpers.available_kems_by_name())
2026-01-14T17:23:20.7642203Z     def test_kem(kem_name):
2026-01-14T17:23:20.7642522Z         if not(helpers.is_kem_enabled_by_name(kem_name)): pytest.skip('Not enabled')
2026-01-14T17:23:20.7642879Z >       helpers.run_subprocess(
2026-01-14T17:23:20.7643306Z             [helpers.path_to_executable('test_kem'), kem_name],
2026-01-14T17:23:20.7643591Z         )
2026-01-14T17:23:20.7643683Z 
2026-01-14T17:23:20.7643757Z tests/test_cmdline.py:19: 
2026-01-14T17:23:20.7644010Z _ _ _ _ _ _ _ _ _ _ _ _ _ _ _ _ _ _ _ _ _ _ _ _ _ _ _ _ _ _ _ _ _ _ _ _ _ _ _ _ 
2026-01-14T17:23:20.7644227Z 
2026-01-14T17:23:20.7644398Z command = ['./build/tests/test_kem', 'NTRU-HPS-2048-677'], working_dir = '.'
2026-01-14T17:23:20.7644866Z env = {'ARCH': 'x86_64', 'CI': 'true', 'GITHUB_ACTION': '__run_4', 'GITHUB_ACTIONS': 'true', ...}
2026-01-14T17:23:20.7645547Z expected_returncode = 0, input = None, ignore_returncode = False
2026-01-14T17:23:20.7645787Z 
2026-01-14T17:23:20.7646094Z     def run_subprocess(command, working_dir='.', env=None, expected_returncode=0, input=None, ignore_returncode=False):
2026-01-14T17:23:20.7646559Z         """
2026-01-14T17:23:20.7646813Z         Helper function to run a shell command and report success/failure
2026-01-14T17:23:20.7647186Z         depending on the exit status of the shell command.
2026-01-14T17:23:20.7647581Z         """
2026-01-14T17:23:20.7647739Z         env_ = os.environ.copy()
2026-01-14T17:23:20.7647951Z         if env is not None:
2026-01-14T17:23:20.7648144Z             env_.update(env)
2026-01-14T17:23:20.7648338Z         env = env_
2026-01-14T17:23:20.7648495Z     
2026-01-14T17:23:20.7648717Z         # Note we need to capture stdout/stderr from the subprocess,
2026-01-14T17:23:20.7649059Z         # then print it, which pytest will then capture and
2026-01-14T17:23:20.7649338Z         # buffer appropriately
2026-01-14T17:23:20.7649575Z         print(working_dir + " > " + " ".join(command))
2026-01-14T17:23:20.7649817Z     
2026-01-14T17:23:20.7649974Z         result = subprocess.run(
2026-01-14T17:23:20.7650176Z                 command,
2026-01-14T17:23:20.7650362Z                 input=input,
2026-01-14T17:23:20.7650564Z                 stdout=subprocess.PIPE,
2026-01-14T17:23:20.7650807Z                 stderr=subprocess.STDOUT,
2026-01-14T17:23:20.7651038Z                 cwd=working_dir,
2026-01-14T17:23:20.7651240Z                 env=env,
2026-01-14T17:23:20.7651409Z             )
2026-01-14T17:23:20.7651558Z     
2026-01-14T17:23:20.7651820Z         if not(ignore_returncode) and (result.returncode != expected_returncode):
2026-01-14T17:23:20.7652192Z             print(result.stdout.decode('utf-8'))
2026-01-14T17:23:20.7652549Z >           assert False, "Got unexpected return code {}".format(result.returncode)
2026-01-14T17:23:20.7652932Z E           AssertionError: Got unexpected return code 1
2026-01-14T17:23:20.7653139Z 
2026-01-14T17:23:20.7653224Z tests/helpers.py:43: AssertionError
2026-01-14T17:23:20.7653533Z ----------------------------- Captured stdout call -----------------------------
2026-01-14T17:23:20.7653881Z . > ./build/tests/test_kem NTRU-HPS-2048-677
2026-01-14T17:23:20.7654145Z =================================================================
2026-01-14T17:23:20.7655154Z ==7324==ERROR: AddressSanitizer: requested allocation size 0xbebebebebebebefc (0xbebebebebebecf00 after adjustments for alignment, red zones etc.) exceeds maximum supported size of 0x10000000000 (thread T1)
2026-01-14T17:23:20.7656259Z     #0 0x5581f247d373 in malloc (/__w/liboqs/liboqs/build/tests/test_kem+0x12c373) (BuildId: d066c5d58f3d8dd3d4a95f71b3ff55e0612db2cb)
2026-01-14T17:23:20.7656916Z     #1 0x5581f24bbef5 in kem_test_correctness /__w/liboqs/liboqs/tests/test_kem.c:150:16
2026-01-14T17:23:20.7657393Z     #2 0x5581f24bb953 in test_wrapper /__w/liboqs/liboqs/tests/test_kem.c:362:11
2026-01-14T17:23:20.7657825Z     #3 0x5581f247ae5c in asan_thread_start(void*) asan_interceptors.cpp.o
2026-01-14T17:23:20.7658120Z 
2026-01-14T17:23:20.7658493Z ==7324==HINT: if you don't care about these errors you may set allocator_may_return_null=1
2026-01-14T17:23:20.7659925Z SUMMARY: AddressSanitizer: allocation-size-too-big (/__w/liboqs/liboqs/build/tests/test_kem+0x12c373) (BuildId: d066c5d58f3d8dd3d4a95f71b3ff55e0612db2cb) in malloc
2026-01-14T17:23:20.7660907Z Thread T1 created by T0 here:
2026-01-14T17:23:20.7661597Z     #0 0x5581f2462ce5 in pthread_create (/__w/liboqs/liboqs/build/tests/test_kem+0x111ce5) (BuildId: d066c5d58f3d8dd3d4a95f71b3ff55e0612db2cb)
2026-01-14T17:23:20.7662246Z     #1 0x5581f24bd6fd in main /__w/liboqs/liboqs/tests/test_kem.c:427:13
2026-01-14T17:23:20.7662720Z     #2 0x7f79c9ffb1c9 in __libc_start_call_main csu/../sysdeps/nptl/libc_start_call_main.h:58:16
2026-01-14T17:23:20.7663201Z     #3 0x7f79c9ffb28a in __libc_start_main csu/../csu/libc-start.c:360:3
2026-01-14T17:23:20.7663796Z     #4 0x5581f23e2524 in _start (/__w/liboqs/liboqs/build/tests/test_kem+0x91524) (BuildId: d066c5d58f3d8dd3d4a95f71b3ff55e0612db2cb)
2026-01-14T17:23:20.7664250Z 
2026-01-14T17:23:20.7664312Z ==7324==ABORTING
2026-01-14T17:23:20.7664410Z 
2026-01-14T17:23:20.7664565Z _________________________ test_kem[NTRU-HPS-4096-821] __________________________
2026-01-14T17:23:20.7665165Z [gw0] linux -- Python 3.12.3 /usr/bin/python3
2026-01-14T17:23:20.7665408Z 
2026-01-14T17:23:20.7665496Z kem_name = 'NTRU-HPS-4096-821'
2026-01-14T17:23:20.7665833Z 
2026-01-14T17:23:20.7665914Z     @helpers.filtered_test
2026-01-14T17:23:20.7666227Z     @pytest.mark.parametrize('kem_name', helpers.available_kems_by_name())
2026-01-14T17:23:20.7666571Z     def test_kem(kem_name):
2026-01-14T17:23:20.7666887Z         if not(helpers.is_kem_enabled_by_name(kem_name)): pytest.skip('Not enabled')
2026-01-14T17:23:20.7667244Z >       helpers.run_subprocess(
2026-01-14T17:23:20.7667504Z             [helpers.path_to_executable('test_kem'), kem_name],
2026-01-14T17:23:20.7667772Z         )
2026-01-14T17:23:20.7667861Z 
2026-01-14T17:23:20.7667935Z tests/test_cmdline.py:19: 
2026-01-14T17:23:20.7668178Z _ _ _ _ _ _ _ _ _ _ _ _ _ _ _ _ _ _ _ _ _ _ _ _ _ _ _ _ _ _ _ _ _ _ _ _ _ _ _ _ 
2026-01-14T17:23:20.7668403Z 
2026-01-14T17:23:20.7668570Z command = ['./build/tests/test_kem', 'NTRU-HPS-4096-821'], working_dir = '.'
2026-01-14T17:23:20.7669041Z env = {'ARCH': 'x86_64', 'CI': 'true', 'GITHUB_ACTION': '__run_4', 'GITHUB_ACTIONS': 'true', ...}
2026-01-14T17:23:20.7669490Z expected_returncode = 0, input = None, ignore_returncode = False
2026-01-14T17:23:20.7669733Z 
2026-01-14T17:23:20.7670094Z     def run_subprocess(command, working_dir='.', env=None, expected_returncode=0, input=None, ignore_returncode=False):
2026-01-14T17:23:20.7670556Z         """
2026-01-14T17:23:20.7670806Z         Helper function to run a shell command and report success/failure
2026-01-14T17:23:20.7671177Z         depending on the exit status of the shell command.
2026-01-14T17:23:20.7671434Z         """
2026-01-14T17:23:20.7671597Z         env_ = os.environ.copy()
2026-01-14T17:23:20.7671802Z         if env is not None:
2026-01-14T17:23:20.7671997Z             env_.update(env)
2026-01-14T17:23:20.7672184Z         env = env_
2026-01-14T17:23:20.7672342Z     
2026-01-14T17:23:20.7672559Z         # Note we need to capture stdout/stderr from the subprocess,
2026-01-14T17:23:20.7672903Z         # then print it, which pytest will then capture and
2026-01-14T17:23:20.7673194Z         # buffer appropriately
2026-01-14T17:23:20.7673427Z         print(working_dir + " > " + " ".join(command))
2026-01-14T17:23:20.7673673Z     
2026-01-14T17:23:20.7673828Z         result = subprocess.run(
2026-01-14T17:23:20.7674036Z                 command,
2026-01-14T17:23:20.7674218Z                 input=input,
2026-01-14T17:23:20.7674426Z                 stdout=subprocess.PIPE,
2026-01-14T17:23:20.7674666Z                 stderr=subprocess.STDOUT,
2026-01-14T17:23:20.7675086Z                 cwd=working_dir,
2026-01-14T17:23:20.7675285Z                 env=env,
2026-01-14T17:23:20.7675458Z             )
2026-01-14T17:23:20.7675604Z     
2026-01-14T17:23:20.7675873Z         if not(ignore_returncode) and (result.returncode != expected_returncode):
2026-01-14T17:23:20.7676250Z             print(result.stdout.decode('utf-8'))
2026-01-14T17:23:20.7676603Z >           assert False, "Got unexpected return code {}".format(result.returncode)
2026-01-14T17:23:20.7677110Z E           AssertionError: Got unexpected return code 1
2026-01-14T17:23:20.7677321Z 
2026-01-14T17:23:20.7677403Z tests/helpers.py:43: AssertionError
2026-01-14T17:23:20.7677716Z ----------------------------- Captured stdout call -----------------------------
2026-01-14T17:23:20.7678058Z . > ./build/tests/test_kem NTRU-HPS-4096-821
2026-01-14T17:23:20.7678323Z =================================================================
2026-01-14T17:23:20.7679139Z ==7330==ERROR: AddressSanitizer: requested allocation size 0xbebebebebebebefc (0xbebebebebebecf00 after adjustments for alignment, red zones etc.) exceeds maximum supported size of 0x10000000000 (thread T1)
2026-01-14T17:23:20.7680214Z     #0 0x55a1ad8ff373 in malloc (/__w/liboqs/liboqs/build/tests/test_kem+0x12c373) (BuildId: d066c5d58f3d8dd3d4a95f71b3ff55e0612db2cb)
2026-01-14T17:23:20.7680874Z     #1 0x55a1ad93def5 in kem_test_correctness /__w/liboqs/liboqs/tests/test_kem.c:150:16
2026-01-14T17:23:20.7681353Z     #2 0x55a1ad93d953 in test_wrapper /__w/liboqs/liboqs/tests/test_kem.c:362:11
2026-01-14T17:23:20.7681889Z     #3 0x55a1ad8fce5c in asan_thread_start(void*) asan_interceptors.cpp.o
2026-01-14T17:23:20.7682145Z 
2026-01-14T17:23:20.7682355Z ==7330==HINT: if you don't care about these errors you may set allocator_may_return_null=1
2026-01-14T17:23:20.7683145Z SUMMARY: AddressSanitizer: allocation-size-too-big (/__w/liboqs/liboqs/build/tests/test_kem+0x12c373) (BuildId: d066c5d58f3d8dd3d4a95f71b3ff55e0612db2cb) in malloc
2026-01-14T17:23:20.7683809Z Thread T1 created by T0 here:
2026-01-14T17:23:20.7684335Z     #0 0x55a1ad8e4ce5 in pthread_create (/__w/liboqs/liboqs/build/tests/test_kem+0x111ce5) (BuildId: d066c5d58f3d8dd3d4a95f71b3ff55e0612db2cb)
2026-01-14T17:23:20.7685169Z     #1 0x55a1ad93f6fd in main /__w/liboqs/liboqs/tests/test_kem.c:427:13
2026-01-14T17:23:20.7685655Z     #2 0x7fdf1060c1c9 in __libc_start_call_main csu/../sysdeps/nptl/libc_start_call_main.h:58:16
2026-01-14T17:23:20.7686131Z     #3 0x7fdf1060c28a in __libc_start_main csu/../csu/libc-start.c:360:3
2026-01-14T17:23:20.7686733Z     #4 0x55a1ad864524 in _start (/__w/liboqs/liboqs/build/tests/test_kem+0x91524) (BuildId: d066c5d58f3d8dd3d4a95f71b3ff55e0612db2cb)
2026-01-14T17:23:20.7687179Z 
2026-01-14T17:23:20.7687240Z ==7330==ABORTING
2026-01-14T17:23:20.7687345Z 
2026-01-14T17:23:20.7687499Z _________________________ test_kem[NTRU-HPS-4096-1229] _________________________
2026-01-14T17:23:20.7687850Z [gw0] linux -- Python 3.12.3 /usr/bin/python3
2026-01-14T17:23:20.7688028Z 
2026-01-14T17:23:20.7688106Z kem_name = 'NTRU-HPS-4096-1229'
2026-01-14T17:23:20.7688257Z 
2026-01-14T17:23:20.7688331Z     @helpers.filtered_test
2026-01-14T17:23:20.7688634Z     @pytest.mark.parametrize('kem_name', helpers.available_kems_by_name())
2026-01-14T17:23:20.7688976Z     def test_kem(kem_name):
2026-01-14T17:23:20.7689291Z         if not(helpers.is_kem_enabled_by_name(kem_name)): pytest.skip('Not enabled')
2026-01-14T17:23:20.7689643Z >       helpers.run_subprocess(
2026-01-14T17:23:20.7689907Z             [helpers.path_to_executable('test_kem'), kem_name],
2026-01-14T17:23:20.7690177Z         )
2026-01-14T17:23:20.7690262Z 
2026-01-14T17:23:20.7690340Z tests/test_cmdline.py:19: 
2026-01-14T17:23:20.7690582Z _ _ _ _ _ _ _ _ _ _ _ _ _ _ _ _ _ _ _ _ _ _ _ _ _ _ _ _ _ _ _ _ _ _ _ _ _ _ _ _ 
2026-01-14T17:23:20.7690800Z 
2026-01-14T17:23:20.7690969Z command = ['./build/tests/test_kem', 'NTRU-HPS-4096-1229'], working_dir = '.'
2026-01-14T17:23:20.7691436Z env = {'ARCH': 'x86_64', 'CI': 'true', 'GITHUB_ACTION': '__run_4', 'GITHUB_ACTIONS': 'true', ...}
2026-01-14T17:23:20.7691880Z expected_returncode = 0, input = None, ignore_returncode = False
2026-01-14T17:23:20.7692120Z 
2026-01-14T17:23:20.7692432Z     def run_subprocess(command, working_dir='.', env=None, expected_returncode=0, input=None, ignore_returncode=False):
2026-01-14T17:23:20.7692892Z         """
2026-01-14T17:23:20.7693139Z         Helper function to run a shell command and report success/failure
2026-01-14T17:23:20.7693621Z         depending on the exit status of the shell command.
2026-01-14T17:23:20.7693891Z         """
2026-01-14T17:23:20.7694053Z         env_ = os.environ.copy()
2026-01-14T17:23:20.7694257Z         if env is not None:
2026-01-14T17:23:20.7694450Z             env_.update(env)
2026-01-14T17:23:20.7694637Z         env = env_
2026-01-14T17:23:20.7694796Z     
2026-01-14T17:23:20.7695222Z         # Note we need to capture stdout/stderr from the subprocess,
2026-01-14T17:23:20.7695567Z         # then print it, which pytest will then capture and
2026-01-14T17:23:20.7695840Z         # buffer appropriately
2026-01-14T17:23:20.7696078Z         print(working_dir + " > " + " ".join(command))
2026-01-14T17:23:20.7696316Z     
2026-01-14T17:23:20.7696470Z         result = subprocess.run(
2026-01-14T17:23:20.7696676Z                 command,
2026-01-14T17:23:20.7696856Z                 input=input,
2026-01-14T17:23:20.7697065Z                 stdout=subprocess.PIPE,
2026-01-14T17:23:20.7697300Z                 stderr=subprocess.STDOUT,
2026-01-14T17:23:20.7697534Z                 cwd=working_dir,
2026-01-14T17:23:20.7697851Z                 env=env,
2026-01-14T17:23:20.7698024Z             )
2026-01-14T17:23:20.7698174Z     
2026-01-14T17:23:20.7698442Z         if not(ignore_returncode) and (result.returncode != expected_returncode):
2026-01-14T17:23:20.7698815Z             print(result.stdout.decode('utf-8'))
2026-01-14T17:23:20.7699173Z >           assert False, "Got unexpected return code {}".format(result.returncode)
2026-01-14T17:23:20.7699561Z E           AssertionError: Got unexpected return code 1
2026-01-14T17:23:20.7699764Z 
2026-01-14T17:23:20.7699848Z tests/helpers.py:43: AssertionError
2026-01-14T17:23:20.7700158Z ----------------------------- Captured stdout call -----------------------------
2026-01-14T17:23:20.7700495Z . > ./build/tests/test_kem NTRU-HPS-4096-1229
2026-01-14T17:23:20.7700761Z =================================================================
2026-01-14T17:23:20.7701569Z ==7338==ERROR: AddressSanitizer: requested allocation size 0xbebebebebebebefc (0xbebebebebebecf00 after adjustments for alignment, red zones etc.) exceeds maximum supported size of 0x10000000000 (thread T1)
2026-01-14T17:23:20.7702651Z     #0 0x55c784fde373 in malloc (/__w/liboqs/liboqs/build/tests/test_kem+0x12c373) (BuildId: d066c5d58f3d8dd3d4a95f71b3ff55e0612db2cb)
2026-01-14T17:23:20.7703307Z     #1 0x55c78501cef5 in kem_test_correctness /__w/liboqs/liboqs/tests/test_kem.c:150:16
2026-01-14T17:23:20.7703773Z     #2 0x55c78501c953 in test_wrapper /__w/liboqs/liboqs/tests/test_kem.c:362:11
2026-01-14T17:23:20.7704208Z     #3 0x55c784fdbe5c in asan_thread_start(void*) asan_interceptors.cpp.o
2026-01-14T17:23:20.7704471Z 
2026-01-14T17:23:20.7704681Z ==7338==HINT: if you don't care about these errors you may set allocator_may_return_null=1
2026-01-14T17:23:20.7705717Z SUMMARY: AddressSanitizer: allocation-size-too-big (/__w/liboqs/liboqs/build/tests/test_kem+0x12c373) (BuildId: d066c5d58f3d8dd3d4a95f71b3ff55e0612db2cb) in malloc
2026-01-14T17:23:20.7706386Z Thread T1 created by T0 here:
2026-01-14T17:23:20.7706916Z     #0 0x55c784fc3ce5 in pthread_create (/__w/liboqs/liboqs/build/tests/test_kem+0x111ce5) (BuildId: d066c5d58f3d8dd3d4a95f71b3ff55e0612db2cb)
2026-01-14T17:23:20.7707548Z     #1 0x55c78501e6fd in main /__w/liboqs/liboqs/tests/test_kem.c:427:13
2026-01-14T17:23:20.7708022Z     #2 0x7f4e2b2b61c9 in __libc_start_call_main csu/../sysdeps/nptl/libc_start_call_main.h:58:16
2026-01-14T17:23:20.7708498Z     #3 0x7f4e2b2b628a in __libc_start_main csu/../csu/libc-start.c:360:3
2026-01-14T17:23:20.7709094Z     #4 0x55c784f43524 in _start (/__w/liboqs/liboqs/build/tests/test_kem+0x91524) (BuildId: d066c5d58f3d8dd3d4a95f71b3ff55e0612db2cb)
2026-01-14T17:23:20.7709542Z 
2026-01-14T17:23:20.7709604Z ==7338==ABORTING
2026-01-14T17:23:20.7709705Z 
2026-01-14T17:23:20.7709853Z ___________________________ test_kem[NTRU-HRSS-701] ____________________________
2026-01-14T17:23:20.7710189Z [gw0] linux -- Python 3.12.3 /usr/bin/python3
2026-01-14T17:23:20.7710371Z 
2026-01-14T17:23:20.7710568Z kem_name = 'NTRU-HRSS-701'
2026-01-14T17:23:20.7710709Z 
2026-01-14T17:23:20.7710790Z     @helpers.filtered_test
2026-01-14T17:23:20.7711092Z     @pytest.mark.parametrize('kem_name', helpers.available_kems_by_name())
2026-01-14T17:23:20.7711435Z     def test_kem(kem_name):
2026-01-14T17:23:20.7711746Z         if not(helpers.is_kem_enabled_by_name(kem_name)): pytest.skip('Not enabled')
2026-01-14T17:23:20.7712111Z >       helpers.run_subprocess(
2026-01-14T17:23:20.7712368Z             [helpers.path_to_executable('test_kem'), kem_name],
2026-01-14T17:23:20.7712641Z         )
2026-01-14T17:23:20.7712726Z 
2026-01-14T17:23:20.7712803Z tests/test_cmdline.py:19: 
2026-01-14T17:23:20.7713041Z _ _ _ _ _ _ _ _ _ _ _ _ _ _ _ _ _ _ _ _ _ _ _ _ _ _ _ _ _ _ _ _ _ _ _ _ _ _ _ _ 
2026-01-14T17:23:20.7713255Z 
2026-01-14T17:23:20.7713423Z command = ['./build/tests/test_kem', 'NTRU-HRSS-701'], working_dir = '.'
2026-01-14T17:23:20.7713875Z env = {'ARCH': 'x86_64', 'CI': 'true', 'GITHUB_ACTION': '__run_4', 'GITHUB_ACTIONS': 'true', ...}
2026-01-14T17:23:20.7714427Z expected_returncode = 0, input = None, ignore_returncode = False
2026-01-14T17:23:20.7714665Z 
2026-01-14T17:23:20.7715180Z     def run_subprocess(command, working_dir='.', env=None, expected_returncode=0, input=None, ignore_returncode=False):
2026-01-14T17:23:20.7715649Z         """
2026-01-14T17:23:20.7715895Z         Helper function to run a shell command and report success/failure
2026-01-14T17:23:20.7716260Z         depending on the exit status of the shell command.
2026-01-14T17:23:20.7716521Z         """
2026-01-14T17:23:20.7716680Z         env_ = os.environ.copy()
2026-01-14T17:23:20.7716892Z         if env is not None:
2026-01-14T17:23:20.7717079Z             env_.update(env)
2026-01-14T17:23:20.7717271Z         env = env_
2026-01-14T17:23:20.7717429Z     
2026-01-14T17:23:20.7717641Z         # Note we need to capture stdout/stderr from the subprocess,
2026-01-14T17:23:20.7717980Z         # then print it, which pytest will then capture and
2026-01-14T17:23:20.7718263Z         # buffer appropriately
2026-01-14T17:23:20.7718503Z         print(working_dir + " > " + " ".join(command))
2026-01-14T17:23:20.7718741Z     
2026-01-14T17:23:20.7718894Z         result = subprocess.run(
2026-01-14T17:23:20.7719096Z                 command,
2026-01-14T17:23:20.7719282Z                 input=input,
2026-01-14T17:23:20.7719486Z                 stdout=subprocess.PIPE,
2026-01-14T17:23:20.7719730Z                 stderr=subprocess.STDOUT,
2026-01-14T17:23:20.7719962Z                 cwd=working_dir,
2026-01-14T17:23:20.7720155Z                 env=env,
2026-01-14T17:23:20.7720329Z             )
2026-01-14T17:23:20.7720471Z     
2026-01-14T17:23:20.7720730Z         if not(ignore_returncode) and (result.returncode != expected_returncode):
2026-01-14T17:23:20.7721098Z             print(result.stdout.decode('utf-8'))
2026-01-14T17:23:20.7721459Z >           assert False, "Got unexpected return code {}".format(result.returncode)
2026-01-14T17:23:20.7721843Z E           AssertionError: Got unexpected return code 1
2026-01-14T17:23:20.7722052Z 
2026-01-14T17:23:20.7722135Z tests/helpers.py:43: AssertionError
2026-01-14T17:23:20.7722445Z ----------------------------- Captured stdout call -----------------------------
2026-01-14T17:23:20.7722775Z . > ./build/tests/test_kem NTRU-HRSS-701
2026-01-14T17:23:20.7723033Z =================================================================
2026-01-14T17:23:20.7723834Z ==7345==ERROR: AddressSanitizer: requested allocation size 0xbebebebebebebefc (0xbebebebebebecf00 after adjustments for alignment, red zones etc.) exceeds maximum supported size of 0x10000000000 (thread T1)
2026-01-14T17:23:20.7725073Z     #0 0x557af8bff373 in malloc (/__w/liboqs/liboqs/build/tests/test_kem+0x12c373) (BuildId: d066c5d58f3d8dd3d4a95f71b3ff55e0612db2cb)
2026-01-14T17:23:20.7725769Z     #1 0x557af8c3def5 in kem_test_correctness /__w/liboqs/liboqs/tests/test_kem.c:150:16
2026-01-14T17:23:20.7726239Z     #2 0x557af8c3d953 in test_wrapper /__w/liboqs/liboqs/tests/test_kem.c:362:11
2026-01-14T17:23:20.7726796Z     #3 0x557af8bfce5c in asan_thread_start(void*) asan_interceptors.cpp.o
2026-01-14T17:23:20.7727057Z 
2026-01-14T17:23:20.7727262Z ==7345==HINT: if you don't care about these errors you may set allocator_may_return_null=1
2026-01-14T17:23:20.7728080Z SUMMARY: AddressSanitizer: allocation-size-too-big (/__w/liboqs/liboqs/build/tests/test_kem+0x12c373) (BuildId: d066c5d58f3d8dd3d4a95f71b3ff55e0612db2cb) in malloc
2026-01-14T17:23:20.7728750Z Thread T1 created by T0 here:
2026-01-14T17:23:20.7729279Z     #0 0x557af8be4ce5 in pthread_create (/__w/liboqs/liboqs/build/tests/test_kem+0x111ce5) (BuildId: d066c5d58f3d8dd3d4a95f71b3ff55e0612db2cb)
2026-01-14T17:23:20.7729920Z     #1 0x557af8c3f6fd in main /__w/liboqs/liboqs/tests/test_kem.c:427:13
2026-01-14T17:23:20.7730389Z     #2 0x7f151cf751c9 in __libc_start_call_main csu/../sysdeps/nptl/libc_start_call_main.h:58:16
2026-01-14T17:23:20.7730869Z     #3 0x7f151cf7528a in __libc_start_main csu/../csu/libc-start.c:360:3
2026-01-14T17:23:20.7731574Z     #4 0x557af8b64524 in _start (/__w/liboqs/liboqs/build/tests/test_kem+0x91524) (BuildId: d066c5d58f3d8dd3d4a95f71b3ff55e0612db2cb)
2026-01-14T17:23:20.7732023Z 
2026-01-14T17:23:20.7732084Z ==7345==ABORTING
2026-01-14T17:23:20.7732181Z 
2026-01-14T17:23:20.7732338Z ___________________________ test_kem[NTRU-HRSS-1373] ___________________________
2026-01-14T17:23:20.7732672Z [gw0] linux -- Python 3.12.3 /usr/bin/python3
2026-01-14T17:23:20.7732853Z 
2026-01-14T17:23:20.7732931Z kem_name = 'NTRU-HRSS-1373'
2026-01-14T17:23:20.7733062Z 
2026-01-14T17:23:20.7733143Z     @helpers.filtered_test
2026-01-14T17:23:20.7733448Z     @pytest.mark.parametrize('kem_name', helpers.available_kems_by_name())
2026-01-14T17:23:20.7733788Z     def test_kem(kem_name):
2026-01-14T17:23:20.7734095Z         if not(helpers.is_kem_enabled_by_name(kem_name)): pytest.skip('Not enabled')
2026-01-14T17:23:20.7734457Z >       helpers.run_subprocess(
2026-01-14T17:23:20.7734717Z             [helpers.path_to_executable('test_kem'), kem_name],
2026-01-14T17:23:20.7735180Z         )
2026-01-14T17:23:20.7735268Z 
2026-01-14T17:23:20.7735342Z tests/test_cmdline.py:19: 
2026-01-14T17:23:20.7735586Z _ _ _ _ _ _ _ _ _ _ _ _ _ _ _ _ _ _ _ _ _ _ _ _ _ _ _ _ _ _ _ _ _ _ _ _ _ _ _ _ 
2026-01-14T17:23:20.7735801Z 
2026-01-14T17:23:20.7735968Z command = ['./build/tests/test_kem', 'NTRU-HRSS-1373'], working_dir = '.'
2026-01-14T17:23:20.7736419Z env = {'ARCH': 'x86_64', 'CI': 'true', 'GITHUB_ACTION': '__run_4', 'GITHUB_ACTIONS': 'true', ...}
2026-01-14T17:23:20.7736869Z expected_returncode = 0, input = None, ignore_returncode = False
2026-01-14T17:23:20.7737106Z 
2026-01-14T17:23:20.7737415Z     def run_subprocess(command, working_dir='.', env=None, expected_returncode=0, input=None, ignore_returncode=False):
2026-01-14T17:23:20.7737901Z         """
2026-01-14T17:23:20.7738146Z         Helper function to run a shell command and report success/failure
2026-01-14T17:23:20.7738509Z         depending on the exit status of the shell command.
2026-01-14T17:23:20.7738784Z         """
2026-01-14T17:23:20.7738943Z         env_ = os.environ.copy()
2026-01-14T17:23:20.7739158Z         if env is not None:
2026-01-14T17:23:20.7739352Z             env_.update(env)
2026-01-14T17:23:20.7739543Z         env = env_
2026-01-14T17:23:20.7739696Z     
2026-01-14T17:23:20.7739918Z         # Note we need to capture stdout/stderr from the subprocess,
2026-01-14T17:23:20.7740267Z         # then print it, which pytest will then capture and
2026-01-14T17:23:20.7740543Z         # buffer appropriately
2026-01-14T17:23:20.7740784Z         print(working_dir + " > " + " ".join(command))
2026-01-14T17:23:20.7741022Z     
2026-01-14T17:23:20.7741178Z         result = subprocess.run(
2026-01-14T17:23:20.7741378Z                 command,
2026-01-14T17:23:20.7741566Z                 input=input,
2026-01-14T17:23:20.7741768Z                 stdout=subprocess.PIPE,
2026-01-14T17:23:20.7742011Z                 stderr=subprocess.STDOUT,
2026-01-14T17:23:20.7742355Z                 cwd=working_dir,
2026-01-14T17:23:20.7742562Z                 env=env,
2026-01-14T17:23:20.7742734Z             )
2026-01-14T17:23:20.7742878Z     
2026-01-14T17:23:20.7743142Z         if not(ignore_returncode) and (result.returncode != expected_returncode):
2026-01-14T17:23:20.7743513Z             print(result.stdout.decode('utf-8'))
2026-01-14T17:23:20.7743871Z >           assert False, "Got unexpected return code {}".format(result.returncode)
2026-01-14T17:23:20.7744249Z E           AssertionError: Got unexpected return code 1
2026-01-14T17:23:20.7744454Z 
2026-01-14T17:23:20.7744539Z tests/helpers.py:43: AssertionError
2026-01-14T17:23:20.7744842Z ----------------------------- Captured stdout call -----------------------------
2026-01-14T17:23:20.7745379Z . > ./build/tests/test_kem NTRU-HRSS-1373
2026-01-14T17:23:20.7745638Z =================================================================
2026-01-14T17:23:20.7746453Z ==7351==ERROR: AddressSanitizer: requested allocation size 0xbebebebebebebefc (0xbebebebebebecf00 after adjustments for alignment, red zones etc.) exceeds maximum supported size of 0x10000000000 (thread T1)
2026-01-14T17:23:20.7747708Z     #0 0x55e06ae07373 in malloc (/__w/liboqs/liboqs/build/tests/test_kem+0x12c373) (BuildId: d066c5d58f3d8dd3d4a95f71b3ff55e0612db2cb)
2026-01-14T17:23:20.7748361Z     #1 0x55e06ae45ef5 in kem_test_correctness /__w/liboqs/liboqs/tests/test_kem.c:150:16
2026-01-14T17:23:20.7748860Z     #2 0x55e06ae45953 in test_wrapper /__w/liboqs/liboqs/tests/test_kem.c:362:11
2026-01-14T17:23:20.7749298Z     #3 0x55e06ae04e5c in asan_thread_start(void*) asan_interceptors.cpp.o
2026-01-14T17:23:20.7749560Z 
2026-01-14T17:23:20.7749769Z ==7351==HINT: if you don't care about these errors you may set allocator_may_return_null=1
2026-01-14T17:23:20.7750578Z SUMMARY: AddressSanitizer: allocation-size-too-big (/__w/liboqs/liboqs/build/tests/test_kem+0x12c373) (BuildId: d066c5d58f3d8dd3d4a95f71b3ff55e0612db2cb) in malloc
2026-01-14T17:23:20.7751238Z Thread T1 created by T0 here:
2026-01-14T17:23:20.7751778Z     #0 0x55e06adecce5 in pthread_create (/__w/liboqs/liboqs/build/tests/test_kem+0x111ce5) (BuildId: d066c5d58f3d8dd3d4a95f71b3ff55e0612db2cb)
2026-01-14T17:23:20.7752427Z     #1 0x55e06ae476fd in main /__w/liboqs/liboqs/tests/test_kem.c:427:13
2026-01-14T17:23:20.7752902Z     #2 0x7f34113eb1c9 in __libc_start_call_main csu/../sysdeps/nptl/libc_start_call_main.h:58:16
2026-01-14T17:23:20.7753381Z     #3 0x7f34113eb28a in __libc_start_main csu/../csu/libc-start.c:360:3
2026-01-14T17:23:20.7753974Z     #4 0x55e06ad6c524 in _start (/__w/liboqs/liboqs/build/tests/test_kem+0x91524) (BuildId: d066c5d58f3d8dd3d4a95f71b3ff55e0612db2cb)
2026-01-14T17:23:20.7754438Z 
2026-01-14T17:23:20.7754499Z ==7351==ABORTING
2026-01-14T17:23:20.7754597Z 
2026-01-14T17:23:20.7754727Z =========================== short test summary info ============================
2026-01-14T17:23:20.7755368Z FAILED tests/test_cmdline.py::test_kem[NTRU-HPS-2048-509] - AssertionError: Got unexpected return code 1
2026-01-14T17:23:20.7756013Z FAILED tests/test_cmdline.py::test_kem[NTRU-HPS-2048-677] - AssertionError: Got unexpected return code 1
2026-01-14T17:23:20.7756645Z FAILED tests/test_cmdline.py::test_kem[NTRU-HPS-4096-821] - AssertionError: Got unexpected return code 1
2026-01-14T17:23:20.7757285Z FAILED tests/test_cmdline.py::test_kem[NTRU-HPS-4096-1229] - AssertionError: Got unexpected return code 1
2026-01-14T17:23:20.7757922Z FAILED tests/test_cmdline.py::test_kem[NTRU-HRSS-701] - AssertionError: Got unexpected return code 1
2026-01-14T17:23:20.7758536Z FAILED tests/test_cmdline.py::test_kem[NTRU-HRSS-1373] - AssertionError: Got unexpected return code 1
2026-01-14T17:23:20.7759053Z =========== 6 failed, 574 passed, 2492 skipped in 955.16s (0:15:55) ============
2026-01-14T17:23:20.8197370Z ##[error]Process completed with exit code 1.
2026-01-14T17:23:20.8310630Z Post job cleanup.
2026-01-14T17:23:20.8314432Z ##[command]/usr/bin/docker exec  87e076e93fb1e9e49e5a2ef583d89917d008758fa297002bf792e030ee2a268b sh -c "cat /etc/*release | grep ^ID"
2026-01-14T17:23:21.0284509Z [command]/usr/bin/git version
2026-01-14T17:23:21.0326034Z git version 2.43.0
2026-01-14T17:23:21.0372344Z Temporarily overriding HOME='/__w/_temp/65048b74-1129-4f99-a092-a0b70f8cce3b' before making global git config changes
2026-01-14T17:23:21.0374341Z Adding repository directory to the temporary git global config as a safe directory
2026-01-14T17:23:21.0379914Z [command]/usr/bin/git config --global --add safe.directory /__w/liboqs/liboqs
2026-01-14T17:23:21.0414795Z [command]/usr/bin/git config --local --name-only --get-regexp core\.sshCommand
2026-01-14T17:23:21.0456700Z [command]/usr/bin/git submodule foreach --recursive sh -c "git config --local --name-only --get-regexp 'core\.sshCommand' && git config --local --unset-all 'core.sshCommand' || :"
2026-01-14T17:23:21.0709673Z [command]/usr/bin/git config --local --name-only --get-regexp http\.https\:\/\/github\.com\/\.extraheader
2026-01-14T17:23:21.0733251Z http.https://github.com/.extraheader
2026-01-14T17:23:21.0747047Z [command]/usr/bin/git config --local --unset-all http.https://github.com/.extraheader
2026-01-14T17:23:21.0779319Z [command]/usr/bin/git submodule foreach --recursive sh -c "git config --local --name-only --get-regexp 'http\.https\:\/\/github\.com\/\.extraheader' && git config --local --unset-all 'http.https://github.com/.extraheader' || :"
2026-01-14T17:23:21.1148338Z Stop and remove container: 4bbc2f7404764ac5affb81a1459257d5_openquantumsafeciubuntulatestlatest_c0e1d6
2026-01-14T17:23:21.1152834Z ##[command]/usr/bin/docker rm --force 87e076e93fb1e9e49e5a2ef583d89917d008758fa297002bf792e030ee2a268b
2026-01-14T17:23:21.1952234Z 87e076e93fb1e9e49e5a2ef583d89917d008758fa297002bf792e030ee2a268b
2026-01-14T17:23:21.1981552Z Remove container network: github_network_1082d99df4e64ca89b09d0f86b698b39
2026-01-14T17:23:21.1986039Z ##[command]/usr/bin/docker network rm github_network_1082d99df4e64ca89b09d0f86b698b39
2026-01-14T17:23:21.3201982Z github_network_1082d99df4e64ca89b09d0f86b698b39
2026-01-14T17:23:21.3258201Z Cleaning up orphan processes
